{"type":"FeatureCollection","ghosttrace":{"layer":"land_odisha_coast","kind":"land","source_id":"osm_coastline","regions":["odisha_coast"],"restricted":false,"written":"2026-09-13T13:33:39+00:00"},"features":[{"type":"Feature","geometry":{"type":"Polygon","coordinates":[[[87.07883,20.76076],[87.07928,20.76108],[87.07965,20.76122],[87.07995,20.7616],[87.08039,20.76172],[87.08092,20.76184],[87.08153,20.76203],[87.08187,20.76219],[87.0822,20.7624],[87.08248,20.76274],[87.08255,20.76294],[87.08243,20.76314],[87.08239,20.76324],[87.08265,20.76356],[87.08294,20.76384],[87.08349,20.76419],[87.08388,20.7643],[87.08451,20.76437],[87.08479,20.76446],[87.08529,20.76453],[87.08552,20.76451],[87.08571,20.76445],[87.08597,20.76429],[87.0863,20.76385],[87.08677,20.76265],[87.08757,20.7612],[87.08787,20.76073],[87.08809,20.76024],[87.08849,20.75972],[87.08877,20.75944],[87.08888,20.75915],[87.08937,20.75842],[87.09,20.75779],[87.0905,20.75729],[87.09086,20.75686],[87.09146,20.75639],[87.09215,20.75585],[87.09303,20.75541],[87.09327,20.75525],[87.09338,20.75515],[87.09346,20.75496],[87.09348,20.75454],[87.09349,20.75399],[87.09324,20.75315],[87.09313,20.75255],[87.09306,20.75199],[87.09301,20.75146],[87.0929,20.7508],[87.09286,20.75033],[87.09287,20.74977],[87.09305,20.74895],[87.09319,20.74866],[87.09313,20.74853],[87.09297,20.74856],[87.09289,20.74892],[87.0927,20.74956],[87.09259,20.74996],[87.09248,20.75014],[87.09233,20.75021],[87.09162,20.75025],[87.09081,20.75022],[87.08921,20.74967],[87.08812,20.74898],[87.08671,20.74815],[87.08547,20.74761],[87.08479,20.74733],[87.08445,20.74722],[87.08423,20.74729],[87.08428,20.74752],[87.08447,20.74768],[87.08473,20.74783],[87.0849,20.74804],[87.08555,20.74837],[87.08595,20.74836],[87.08657,20.74857],[87.08689,20.7488],[87.08729,20.74904],[87.08744,20.74936],[87.08746,20.74986],[87.08737,20.75038],[87.08731,20.75098],[87.08735,20.75167],[87.08746,20.75182],[87.08764,20.75192],[87.08773,20.75181],[87.08779,20.75143],[87.08801,20.75106],[87.08837,20.75092],[87.08943,20.7516],[87.09007,20.75211],[87.09031,20.75241],[87.09025,20.75269],[87.09,20.75289],[87.08946,20.75284],[87.08914,20.75272],[87.0888,20.75259],[87.08859,20.7526],[87.08825,20.75264],[87.08781,20.75269],[87.08769,20.75266],[87.08766,20.75257],[87.08775,20.7524],[87.08752,20.75229],[87.0871,20.75232],[87.08676,20.75247],[87.08643,20.75258],[87.08616,20.75274],[87.0855,20.75325],[87.08528,20.75329],[87.08496,20.75325],[87.08481,20.75325],[87.08439,20.75342],[87.08312,20.75384],[87.0824,20.75396],[87.08189,20.75391],[87.08094,20.75382],[87.08019,20.75371],[87.07866,20.75343],[87.07757,20.75308],[87.07722,20.75306],[87.0767,20.75295],[87.07635,20.75294],[87.07588,20.75287],[87.07453,20.753],[87.0741,20.75309],[87.0735,20.7533],[87.07317,20.75356],[87.073,20.75385],[87.07296,20.75393],[87.07293,20.75401],[87.07286,20.75427],[87.0729,20.75494],[87.07302,20.75532],[87.07307,20.75537],[87.07339,20.75548],[87.07372,20.7556],[87.07429,20.75588],[87.07509,20.75608],[87.07554,20.75633],[87.07637,20.75661],[87.07801,20.7573],[87.07863,20.7576],[87.0792,20.75803],[87.07964,20.75854],[87.08005,20.75887],[87.079,20.75919],[87.07867,20.75952],[87.07844,20.75993],[87.07853,20.76037],[87.07883,20.76076]]]},"properties":{"name":null,"source":"OpenStreetMap + Natural Earth","source_id":"osm_coastline","geometry_quality":"mapped_polygon"}},{"type":"Feature","geometry":{"type":"Polygon","coordinates":[[[87.06596,20.73488],[87.06517,20.73495],[87.06388,20.73488],[87.06293,20.73518],[87.06237,20.73546],[87.06203,20.73586],[87.06198,20.73603],[87.06249,20.73626],[87.06313,20.73655],[87.06383,20.73676],[87.06406,20.73675],[87.06417,20.73665],[87.06373,20.73649],[87.06378,20.73641],[87.06404,20.73619],[87.0643,20.73596],[87.06449,20.73584],[87.06532,20.73562],[87.06557,20.73556],[87.06603,20.7358],[87.06649,20.73588],[87.067,20.73608],[87.06782,20.73651],[87.06824,20.73695],[87.06857,20.73745],[87.06871,20.73761],[87.06869,20.73783],[87.06862,20.73802],[87.06854,20.73823],[87.0684,20.73833],[87.06847,20.73845],[87.06857,20.73847],[87.06868,20.73848],[87.06898,20.73864],[87.06927,20.73891],[87.06941,20.73918],[87.06953,20.73989],[87.06954,20.74028],[87.06972,20.74075],[87.06987,20.74096],[87.07003,20.74194],[87.07002,20.74252],[87.07012,20.7434],[87.07027,20.74389],[87.07048,20.74484],[87.07055,20.7457],[87.07073,20.74645],[87.07086,20.74668],[87.07109,20.74714],[87.07134,20.74739],[87.07168,20.7474],[87.07189,20.74734],[87.072,20.74717],[87.07201,20.74703],[87.07183,20.74696],[87.07156,20.74689],[87.07142,20.74668],[87.07149,20.74638],[87.07169,20.74574],[87.07208,20.74498],[87.07209,20.74472],[87.072,20.74445],[87.07184,20.74432],[87.07166,20.74393],[87.07155,20.74366],[87.07153,20.74318],[87.07156,20.74293],[87.07148,20.74245],[87.07134,20.74204],[87.07098,20.74102],[87.07079,20.74049],[87.07057,20.73968],[87.07044,20.73931],[87.07022,20.73906],[87.06997,20.73863],[87.0699,20.73815],[87.06999,20.7375],[87.07028,20.73678],[87.07075,20.73628],[87.07153,20.73633],[87.0736,20.73674],[87.07532,20.73718],[87.07546,20.73738],[87.0755,20.73781],[87.07535,20.73836],[87.07549,20.73856],[87.07582,20.73847],[87.07619,20.73816],[87.0768,20.73776],[87.0771,20.73756],[87.07851,20.7377],[87.07966,20.73795],[87.07991,20.73783],[87.08003,20.73769],[87.0799,20.73757],[87.07934,20.73738],[87.07594,20.73679],[87.07068,20.73555],[87.0695,20.73514],[87.06875,20.73476],[87.06807,20.73442],[87.06728,20.73469],[87.06596,20.73488]]]},"properties":{"name":null,"source":"OpenStreetMap + Natural Earth","source_id":"osm_coastline","geometry_quality":"mapped_polygon"}},{"type":"Feature","geometry":{"type":"Polygon","coordinates":[[[87.07473,20.74637],[87.07519,20.74593],[87.07556,20.74527],[87.07582,20.74453],[87.07593,20.74272],[87.07602,20.7421],[87.07608,20.74159],[87.07593,20.741],[87.076,20.74043],[87.07582,20.74015],[87.07563,20.73981],[87.07537,20.73955],[87.07524,20.73928],[87.075,20.73931],[87.07471,20.73947],[87.07476,20.73983],[87.07528,20.74074],[87.07536,20.74111],[87.07537,20.74162],[87.07565,20.74223],[87.07559,20.74292],[87.0756,20.74389],[87.07557,20.74459],[87.07522,20.74519],[87.07473,20.74571],[87.07432,20.74592],[87.07402,20.74616],[87.0741,20.74642],[87.07433,20.74644],[87.07473,20.74637]]]},"properties":{"name":null,"source":"OpenStreetMap + Natural Earth","source_id":"osm_coastline","geometry_quality":"mapped_polygon"}},{"type":"Feature","geometry":{"type":"Polygon","coordinates":[[[84.8209,19.16951],[84.8204,19.16895],[84.82009,19.16859],[84.81978,19.1682],[84.81946,19.16781],[84.81885,19.16704],[84.81816,19.16626],[84.8174,19.16539],[84.81645,19.16435],[84.81573,19.16349],[84.81516,19.16273],[84.81451,19.16177],[84.81407,19.16111],[84.81344,19.16037],[84.81289,19.15973],[84.81225,19.1591],[84.81153,19.15815],[84.81086,19.15738],[84.81027,19.15657],[84.80963,19.15581],[84.80904,19.15506],[84.80865,19.15457],[84.80805,19.15376],[84.80743,19.15282],[84.80676,19.15191],[84.80597,19.15085],[84.80513,19.14991],[84.80413,19.14856],[84.80364,19.14755],[84.80389,19.14674],[84.80334,19.14593],[84.80274,19.14482],[84.80208,19.14371],[84.80144,19.1425],[84.80083,19.1414],[84.79978,19.1393],[84.79875,19.13921],[84.79883,19.13888],[84.79846,19.13705],[84.79844,19.13625],[84.79913,19.13472],[84.79861,19.13358],[84.79834,19.13309],[84.79811,19.13229],[84.79781,19.13165],[84.79754,19.13087],[84.7974,19.13028],[84.79724,19.12977],[84.79708,19.12894],[84.79642,19.12815],[84.79571,19.12746],[84.79377,19.12566],[84.79284,19.12483],[84.79237,19.12397],[84.79347,19.12235],[84.79354,19.1217],[84.79315,19.12107],[84.79132,19.12001],[84.79072,19.11937],[84.79091,19.11927],[84.7914,19.11885],[84.79154,19.11835],[84.79153,19.11795],[84.79059,19.11719],[84.79,19.11645],[84.78923,19.11549],[84.78823,19.11414],[84.78789,19.11369],[84.78573,19.11083],[84.78356,19.1079],[84.78198,19.10581],[84.78085,19.10427],[84.77949,19.10232],[84.77854,19.10082],[84.77612,19.09706],[84.77514,19.09534],[84.77314,19.09173],[84.77182,19.09005],[84.77059,19.08717],[84.76943,19.08525],[84.76933,19.08459],[84.76865,19.08357],[84.76793,19.08257],[84.7658,19.07881],[84.76223,19.07415],[84.76181,19.07344],[84.76133,19.07278],[84.76078,19.0719],[84.76034,19.07125],[84.7598,19.07045],[84.75932,19.06979],[84.75871,19.0689],[84.7583,19.06836],[84.75804,19.06731],[84.7575,19.06679],[84.75671,19.06549],[84.75601,19.06436],[84.75551,19.06381],[84.75511,19.06342],[84.75465,19.06258],[84.75422,19.06203],[84.75391,19.06131],[84.75339,19.06095],[84.75325,19.06082],[84.75292,19.05998],[84.75232,19.05952],[84.75192,19.05863],[84.75126,19.05796],[84.75068,19.05735],[84.75025,19.05673],[84.74989,19.05612],[84.74943,19.05554],[84.74891,19.05473],[84.7486,19.05422],[84.7484,19.05391],[84.7481,19.0535],[84.7479,19.05321],[84.74766,19.05294],[84.74734,19.05265],[84.74713,19.05245],[84.74685,19.05223],[84.74653,19.05199],[84.74639,19.05156],[84.74629,19.05124],[84.74629,19.05103],[84.74627,19.05084],[84.74622,19.05067],[84.74611,19.05048],[84.74577,19.0499],[84.74558,19.04964],[84.74533,19.04928],[84.74487,19.04866],[84.74445,19.04819],[84.74416,19.04786],[84.74384,19.0475],[84.74339,19.04694],[84.74305,19.04646],[84.74276,19.04602],[84.74242,19.04552],[84.74191,19.04482],[84.74143,19.04424],[84.74072,19.04328],[84.7404,19.04285],[84.74016,19.0425],[84.73964,19.04177],[84.7393,19.04134],[84.73876,19.04059],[84.73853,19.04028],[84.73828,19.04],[84.73739,19.03892],[84.73705,19.03849],[84.73671,19.03796],[84.73615,19.03724],[84.73588,19.03687],[84.73529,19.03612],[84.73459,19.03527],[84.73409,19.03462],[84.73332,19.03355],[84.73261,19.03266],[84.73209,19.03208],[84.73182,19.03174],[84.73163,19.03146],[84.73137,19.03111],[84.73113,19.03077],[84.73086,19.03046],[84.73059,19.03015],[84.73024,19.02977],[84.72993,19.02939],[84.72925,19.02851],[84.72895,19.02812],[84.72867,19.02775],[84.72811,19.02705],[84.72767,19.02648],[84.7273,19.02598],[84.72691,19.02543],[84.72644,19.0249],[84.72599,19.02437],[84.72558,19.02387],[84.72514,19.02333],[84.7247,19.02263],[84.7243,19.0221],[84.724,19.02175],[84.72379,19.02149],[84.72356,19.02119],[84.72304,19.02045],[84.72257,19.01981],[84.72204,19.01908],[84.72148,19.01827],[84.7211,19.01776],[84.72082,19.01738],[84.72037,19.01677],[84.7197,19.01594],[84.71888,19.01486],[84.71841,19.01423],[84.71776,19.01335],[84.71736,19.01276],[84.71656,19.01169],[84.71613,19.01118],[84.71561,19.01051],[84.71529,19.01006],[84.71506,19.00974],[84.71469,19.00923],[84.71407,19.00845],[84.71321,19.00738],[84.71277,19.00673],[84.71245,19.00628],[84.71218,19.00589],[84.71174,19.00533],[84.71123,19.00466],[84.71084,19.00421],[84.71047,19.00372],[84.71009,19.00319],[84.70971,19.00267],[84.70913,19.00181],[84.70872,19.00125],[84.70831,19.00065],[84.70786,19.00008],[84.7076,18.99975],[84.70737,18.99945],[84.70706,18.99901],[84.70664,18.99841],[84.7062,18.99787],[84.7056,18.99715],[84.70509,18.99651],[84.70447,18.9957],[84.70406,18.99514],[84.70354,18.99442],[84.70312,18.99384],[84.70274,18.99337],[84.7025,18.99302],[84.70219,18.9926],[84.70193,18.99225],[84.70166,18.99192],[84.70122,18.99136],[84.7009,18.99095],[84.70057,18.99046],[84.70019,18.98996],[84.69944,18.98898],[84.69886,18.98825],[84.69862,18.98793],[84.69821,18.98739],[84.69792,18.98704],[84.69747,18.98634],[84.69712,18.98588],[84.69663,18.98529],[84.696,18.98448],[84.69535,18.98364],[84.69421,18.98228],[84.69355,18.98146],[84.69289,18.98063],[84.6925,18.98016],[84.69205,18.97963],[84.69158,18.97903],[84.69104,18.97835],[84.69048,18.9777],[84.68999,18.97711],[84.68948,18.97645],[84.68892,18.97569],[84.68822,18.97477],[84.6873,18.97367],[84.68678,18.97285],[84.68643,18.97243],[84.68616,18.972],[84.68591,18.97153],[84.68576,18.97126],[84.68562,18.97111],[84.68544,18.97094],[84.68522,18.97074],[84.68506,18.97058],[84.68487,18.97034],[84.68468,18.9702],[84.68458,18.97009],[84.68426,18.96956],[84.68406,18.96923],[84.68398,18.96909],[84.6838,18.96863],[84.68359,18.96828],[84.68324,18.96782],[84.68269,18.96719],[84.68225,18.96668],[84.68191,18.96627],[84.6816,18.96588],[84.68135,18.96561],[84.68106,18.96529],[84.68073,18.96486],[84.68021,18.96426],[84.67991,18.96386],[84.67959,18.9635],[84.67923,18.96308],[84.67844,18.96214],[84.67796,18.96165],[84.67747,18.96105],[84.67711,18.96075],[84.67657,18.96007],[84.6762,18.95963],[84.67532,18.95875],[84.67485,18.95821],[84.67415,18.95745],[84.67351,18.95682],[84.67297,18.9562],[84.67242,18.95557],[84.67193,18.95501],[84.67135,18.95452],[84.67072,18.95387],[84.67034,18.95347],[84.67002,18.95314],[84.66964,18.95279],[84.66929,18.95241],[84.66901,18.95215],[84.66872,18.95182],[84.66836,18.9515],[84.66802,18.95118],[84.66768,18.95084],[84.66738,18.95053],[84.66711,18.9503],[84.66644,18.94963],[84.66598,18.9492],[84.6654,18.94868],[84.66502,18.9483],[84.66444,18.94774],[84.66401,18.94735],[84.66331,18.94671],[84.6628,18.94627],[84.6624,18.94599],[84.662,18.94567],[84.66164,18.94535],[84.66101,18.94477],[84.66057,18.94435],[84.66023,18.94397],[84.65996,18.94369],[84.65897,18.94283],[84.65843,18.94237],[84.65679,18.94089],[84.65599,18.94022],[84.65552,18.93977],[84.65493,18.93926],[84.65255,18.93709],[84.65134,18.936],[84.65049,18.93526],[84.64926,18.93411],[84.64919,18.93405],[84.64853,18.93348],[84.64794,18.93294],[84.6473,18.93233],[84.64651,18.93167],[84.64588,18.93114],[84.64504,18.93032],[84.64482,18.93013],[84.64454,18.92989],[84.64406,18.92948],[84.64364,18.92908],[84.64263,18.92809],[84.64204,18.92754],[84.64165,18.92718],[84.64121,18.92677],[84.64058,18.92621],[84.63962,18.92534],[84.63869,18.92458],[84.63804,18.92399],[84.63773,18.92373],[84.63725,18.92333],[84.63667,18.92285],[84.63622,18.92243],[84.63595,18.92218],[84.63568,18.92196],[84.63536,18.92165],[84.63507,18.92138],[84.63481,18.92115],[84.63454,18.9209],[84.63425,18.9206],[84.63397,18.92032],[84.63359,18.91993],[84.6333,18.91962],[84.63278,18.91903],[84.63207,18.91819],[84.63125,18.91725],[84.63086,18.91682],[84.6306,18.91658],[84.63035,18.9164],[84.62983,18.91609],[84.62968,18.91599],[84.62848,18.91507],[84.62775,18.91445],[84.62723,18.91395],[84.6268,18.91351],[84.62577,18.91264],[84.6253,18.91221],[84.62503,18.91197],[84.62476,18.91171],[84.62449,18.91142],[84.62407,18.91103],[84.62368,18.91068],[84.62335,18.91039],[84.62282,18.90992],[84.62203,18.90925],[84.62165,18.90892],[84.62103,18.90831],[84.62058,18.90788],[84.61996,18.90715],[84.61963,18.90676],[84.6194,18.90642],[84.61902,18.90598],[84.61838,18.9053],[84.61803,18.90497],[84.61755,18.90455],[84.61609,18.90306],[84.61519,18.90213],[84.61463,18.9016],[84.61394,18.90098],[84.6136,18.90064],[84.61329,18.90033],[84.61288,18.89987],[84.61254,18.89957],[84.61229,18.89935],[84.61202,18.8991],[84.61164,18.89873],[84.61073,18.89782],[84.61013,18.89722],[84.60983,18.89691],[84.60963,18.89668],[84.60931,18.89628],[84.60899,18.89596],[84.60864,18.89557],[84.60801,18.89485],[84.6077,18.89449],[84.60749,18.89425],[84.60726,18.89401],[84.60696,18.89367],[84.60672,18.89339],[84.60648,18.89315],[84.60615,18.89278],[84.60535,18.89184],[84.60497,18.89135],[84.60481,18.89114],[84.60433,18.89053],[84.604,18.89009],[84.60368,18.88967],[84.60255,18.8882],[84.60185,18.8874],[84.60136,18.88688],[84.60092,18.88633],[84.60054,18.8858],[84.60024,18.88541],[84.59975,18.88481],[84.59925,18.88428],[84.59894,18.88386],[84.59872,18.88348],[84.5984,18.88302],[84.59792,18.88238],[84.59759,18.88199],[84.59732,18.88163],[84.59709,18.8813],[84.5969,18.88107],[84.59611,18.88011],[84.59562,18.87956],[84.59528,18.87912],[84.59504,18.87874],[84.5948,18.87835],[84.59446,18.87779],[84.59405,18.87714],[84.59366,18.87656],[84.59288,18.87542],[84.59263,18.87516],[84.59251,18.87504],[84.59231,18.87474],[84.59206,18.87426],[84.59172,18.87363],[84.59158,18.87339],[84.59052,18.87185],[84.59022,18.87144],[84.58982,18.87079],[84.58945,18.87032],[84.58912,18.86984],[84.58871,18.86924],[84.58839,18.86873],[84.58795,18.86812],[84.58752,18.86748],[84.58719,18.86699],[84.58677,18.86632],[84.58642,18.86575],[84.58588,18.86491],[84.58567,18.86451],[84.58515,18.8635],[84.5849,18.86298],[84.58456,18.86227],[84.58431,18.86174],[84.58412,18.86137],[84.5839,18.86106],[84.58369,18.86069],[84.58331,18.85989],[84.58297,18.85928],[84.58265,18.85867],[84.58251,18.85835],[84.58165,18.85644],[84.58069,18.85404],[84.5804,18.85335],[84.57999,18.8525],[84.57981,18.85203],[84.57927,18.85063],[84.57904,18.85009],[84.57874,18.84935],[84.57862,18.84908],[84.57854,18.84888],[84.57831,18.84821],[84.57811,18.84775],[84.57774,18.8469],[84.57746,18.84631],[84.57709,18.8457],[84.57663,18.84473],[84.57623,18.84384],[84.5758,18.84285],[84.57566,18.84243],[84.57551,18.84189],[84.57548,18.8415],[84.57543,18.84124],[84.57537,18.84054],[84.57547,18.83968],[84.57555,18.83915],[84.57547,18.83854],[84.57515,18.8378],[84.57484,18.83729],[84.57452,18.83698],[84.574,18.83649],[84.57325,18.8356],[84.57275,18.8351],[84.57253,18.83486],[84.57079,18.83333],[84.57068,18.83325],[84.57029,18.83293],[84.57022,18.83284],[84.56987,18.83254],[84.56947,18.83217],[84.56878,18.83153],[84.56851,18.83128],[84.56819,18.83097],[84.56782,18.83067],[84.56758,18.83036],[84.56716,18.82997],[84.56684,18.82967],[84.56648,18.82925],[84.56593,18.82863],[84.56543,18.82802],[84.5647,18.82721],[84.5644,18.8268],[84.56418,18.8265],[84.56395,18.82612],[84.56348,18.82541],[84.56302,18.82473],[84.56227,18.82382],[84.56153,18.82289],[84.56114,18.82246],[84.56065,18.82188],[84.56041,18.82155],[84.56027,18.82131],[84.56012,18.82104],[84.55994,18.82066],[84.55971,18.82021],[84.55915,18.8192],[84.5589,18.81879],[84.55836,18.81772],[84.55791,18.81664],[84.55774,18.81618],[84.55755,18.81549],[84.55742,18.81483],[84.55739,18.81426],[84.55737,18.81381],[84.55732,18.81349],[84.55723,18.81325],[84.5571,18.81282],[84.55699,18.81248],[84.55688,18.81196],[84.55683,18.81089],[84.55684,18.80988],[84.55676,18.80922],[84.55646,18.80827],[84.55622,18.80766],[84.55607,18.80738],[84.55595,18.80708],[84.55578,18.80659],[84.55563,18.80612],[84.55527,18.80515],[84.55505,18.80437],[84.55476,18.80329],[84.55443,18.80192],[84.55435,18.80152],[84.55428,18.80115],[84.55416,18.80044],[84.5541,18.79971],[84.55409,18.79917],[84.55411,18.79868],[84.55421,18.79799],[84.55423,18.79764],[84.55425,18.79737],[84.55427,18.79728],[84.55432,18.7972],[84.5545,18.79715],[84.55458,18.79711],[84.5546,18.79707],[84.55457,18.79703],[84.55454,18.79701],[84.55444,18.79701],[84.55434,18.79699],[84.55429,18.79696],[84.55425,18.79692],[84.55425,18.79686],[84.55428,18.79681],[84.55432,18.79677],[84.55437,18.79677],[84.55443,18.79678],[84.55445,18.79678],[84.55446,18.79677],[84.55447,18.79675],[84.55446,18.79672],[84.55443,18.79667],[84.55436,18.79656],[84.55414,18.7962],[84.55379,18.79551],[84.55348,18.79504],[84.55313,18.79435],[84.55291,18.7938],[84.55279,18.79346],[84.55276,18.79306],[84.55281,18.79269],[84.55283,18.79251],[84.55278,18.79238],[84.55218,18.79165],[84.55184,18.7913],[84.55151,18.79098],[84.55067,18.79002],[84.55037,18.78967],[84.54998,18.78925],[84.54851,18.7877],[84.54777,18.78694],[84.5474,18.78653],[84.5471,18.78621],[84.54643,18.7856],[84.546,18.78522],[84.54533,18.78456],[84.54471,18.78403],[84.54434,18.78368],[84.54369,18.78307],[84.54316,18.7826],[84.54229,18.7818],[84.5412,18.78087],[84.54055,18.78032],[84.53978,18.77958],[84.53932,18.77916],[84.53868,18.77855],[84.53832,18.77819],[84.53794,18.7778],[84.53721,18.77708],[84.53686,18.77672],[84.53646,18.77639],[84.53614,18.77607],[84.53574,18.77572],[84.53538,18.77541],[84.53511,18.77516],[84.5348,18.7749],[84.53442,18.77453],[84.53349,18.77381],[84.53263,18.77309],[84.53191,18.77246],[84.53126,18.77192],[84.53052,18.77137],[84.52998,18.77091],[84.52938,18.77039],[84.52748,18.76892],[84.52617,18.76791],[84.52565,18.76756],[84.52458,18.76678],[84.52299,18.76564],[84.52214,18.76503],[84.52117,18.7643],[84.52028,18.76364],[84.51984,18.76325],[84.51856,18.76233],[84.5177,18.76168],[84.51669,18.76093],[84.51582,18.76037],[84.51483,18.75965],[84.51451,18.75937],[84.51416,18.75908],[84.51358,18.75864],[84.51324,18.7584],[84.5127,18.75803],[84.51239,18.7578],[84.51186,18.75742],[84.51088,18.75662],[84.51002,18.75597],[84.50961,18.75567],[84.50914,18.75531],[84.50834,18.7546],[84.50688,18.75353],[84.50633,18.75311],[84.50523,18.75222],[84.50446,18.75157],[84.50387,18.75108],[84.50354,18.75077],[84.50333,18.75057],[84.50289,18.75019],[84.50266,18.75],[84.45,18.75],[84.45,21.25],[86.85315,21.25],[86.85308,21.24987],[86.85262,21.24891],[86.85244,21.24853],[86.85222,21.24807],[86.85193,21.24748],[86.85167,21.24697],[86.85132,21.24638],[86.85097,21.24587],[86.85069,21.24541],[86.85048,21.24498],[86.85031,21.24457],[86.85018,21.24428],[86.84997,21.24393],[86.84981,21.24371],[86.84939,21.24298],[86.84925,21.24271],[86.84903,21.24243],[86.84877,21.24197],[86.8485,21.24136],[86.84819,21.24091],[86.84799,21.24057],[86.84781,21.24025],[86.84761,21.23971],[86.84712,21.23878],[86.84686,21.23826],[86.8464,21.23743],[86.846,21.23674],[86.84566,21.23603],[86.84535,21.2353],[86.84503,21.2345],[86.84489,21.23421],[86.84459,21.23373],[86.84453,21.23353],[86.8444,21.23336],[86.84407,21.23279],[86.84407,21.23273],[86.84409,21.23267],[86.84409,21.23262],[86.84383,21.23207],[86.84381,21.23206],[86.84377,21.23206],[86.84371,21.23207],[86.84368,21.23207],[86.84366,21.23203],[86.84341,21.23143],[86.84324,21.23101],[86.84298,21.23055],[86.84283,21.23036],[86.84266,21.23021],[86.84246,21.23002],[86.84229,21.22983],[86.84195,21.22953],[86.84171,21.22924],[86.8416,21.22894],[86.84157,21.22871],[86.84158,21.22855],[86.84159,21.22848],[86.84159,21.22839],[86.84168,21.22821],[86.84282,21.22777],[86.84283,21.22773],[86.84285,21.22769],[86.84281,21.22757],[86.8428,21.22739],[86.84268,21.22718],[86.84265,21.22685],[86.84259,21.2265],[86.84256,21.22621],[86.84253,21.22609],[86.84243,21.22583],[86.8423,21.22554],[86.84214,21.22522],[86.84203,21.22505],[86.84193,21.22487],[86.84178,21.22458],[86.84116,21.22371],[86.84049,21.2229],[86.84034,21.22269],[86.84007,21.22238],[86.83973,21.2215],[86.83946,21.22091],[86.83904,21.22056],[86.83863,21.21967],[86.83838,21.21887],[86.83961,21.21756],[86.83954,21.2172],[86.83943,21.21685],[86.83922,21.21655],[86.83902,21.2162],[86.83873,21.21571],[86.83864,21.21516],[86.83852,21.21467],[86.83859,21.21412],[86.83885,21.21351],[86.83886,21.21287],[86.83832,21.21165],[86.8379,21.21081],[86.83776,21.2103],[86.83746,21.20991],[86.8368,21.20836],[86.8365,21.20767],[86.8363,21.20679],[86.83589,21.20626],[86.83414,21.20528],[86.83377,21.20464],[86.83354,21.20412],[86.83346,21.2036],[86.83344,21.20331],[86.8335,21.20264],[86.8335,21.202],[86.83336,21.20127],[86.83295,21.2001],[86.83278,21.1987],[86.83225,21.19588],[86.83111,21.19123],[86.83004,21.18469],[86.82862,21.17859],[86.82746,21.17573],[86.82626,21.17108],[86.82624,21.1705],[86.82632,21.16958],[86.82611,21.1682],[86.82583,21.16656],[86.82551,21.16482],[86.82467,21.16208],[86.82467,21.1605],[86.82497,21.15956],[86.82496,21.15778],[86.8254,21.15561],[86.82529,21.15418],[86.82524,21.15333],[86.82512,21.15242],[86.82484,21.15151],[86.8245,21.14952],[86.82416,21.14835],[86.82422,21.14695],[86.8242,21.1462],[86.82387,21.14551],[86.82351,21.14497],[86.82349,21.1447],[86.82382,21.14378],[86.82418,21.1431],[86.82428,21.14196],[86.82414,21.14118],[86.82401,21.14091],[86.82388,21.14078],[86.82315,21.14043],[86.82308,21.14024],[86.82305,21.14],[86.82303,21.1398],[86.823,21.13839],[86.82311,21.13806],[86.82358,21.1378],[86.824,21.13743],[86.82555,21.13637],[86.8262,21.13559],[86.82667,21.13406],[86.8268,21.13347],[86.82682,21.13307],[86.82655,21.13241],[86.82624,21.13211],[86.82619,21.13197],[86.82617,21.13185],[86.82659,21.13096],[86.82671,21.13062],[86.82682,21.13029],[86.82683,21.13007],[86.82672,21.1298],[86.82673,21.12959],[86.82666,21.12942],[86.82652,21.12912],[86.82658,21.1289],[86.82721,21.12816],[86.82749,21.12758],[86.82758,21.12708],[86.82759,21.12691],[86.82758,21.12685],[86.82747,21.12654],[86.82741,21.12645],[86.82708,21.12647],[86.82696,21.1264],[86.82686,21.12635],[86.82687,21.12624],[86.82701,21.1261],[86.82718,21.12588],[86.82754,21.12543],[86.82763,21.12533],[86.82789,21.12524],[86.82837,21.12479],[86.82864,21.12441],[86.8288,21.12377],[86.82876,21.12341],[86.82866,21.12318],[86.82868,21.12293],[86.82885,21.12266],[86.82928,21.12213],[86.82943,21.12191],[86.8295,21.1217],[86.82949,21.12128],[86.82952,21.12099],[86.82969,21.12062],[86.82975,21.12034],[86.82974,21.12009],[86.82971,21.11989],[86.82976,21.11968],[86.82985,21.11931],[86.83003,21.11905],[86.83016,21.11877],[86.8301,21.1186],[86.83001,21.11854],[86.82994,21.11851],[86.82993,21.11841],[86.8302,21.11806],[86.83034,21.11764],[86.83055,21.11718],[86.83063,21.11684],[86.83064,21.11661],[86.83044,21.11648],[86.83039,21.11638],[86.83041,21.11631],[86.83056,21.11617],[86.83094,21.11583],[86.8312,21.11557],[86.83134,21.11523],[86.83138,21.11505],[86.83139,21.1144],[86.83109,21.11399],[86.83087,21.11374],[86.83083,21.11367],[86.83083,21.11357],[86.831,21.11342],[86.83145,21.11302],[86.83167,21.11255],[86.83161,21.11216],[86.83117,21.11174],[86.83113,21.11169],[86.8311,21.11164],[86.83109,21.11159],[86.8311,21.11154],[86.83112,21.1115],[86.83112,21.11145],[86.83117,21.11139],[86.83111,21.11135],[86.83123,21.1113],[86.83133,21.11129],[86.83144,21.11131],[86.83154,21.11137],[86.83157,21.11142],[86.8316,21.11147],[86.83164,21.11147],[86.83167,21.11139],[86.83166,21.11132],[86.83175,21.11136],[86.83182,21.11137],[86.83187,21.11131],[86.83194,21.11128],[86.83199,21.11123],[86.83209,21.11113],[86.83221,21.11099],[86.83232,21.11088],[86.83237,21.1108],[86.83231,21.11079],[86.83235,21.11072],[86.83235,21.11063],[86.83232,21.11051],[86.83226,21.11041],[86.83217,21.11029],[86.8321,21.11018],[86.83208,21.11008],[86.83211,21.10997],[86.83216,21.10991],[86.83227,21.10983],[86.83247,21.1098],[86.8325,21.10969],[86.83267,21.10925],[86.83267,21.10883],[86.83232,21.10816],[86.83231,21.10791],[86.83248,21.10784],[86.83301,21.10797],[86.83332,21.10785],[86.83333,21.10758],[86.83275,21.10719],[86.83215,21.10697],[86.83176,21.10676],[86.83149,21.1065],[86.83161,21.10615],[86.83203,21.10592],[86.83299,21.10578],[86.83361,21.10571],[86.83414,21.10553],[86.83462,21.10493],[86.83469,21.10436],[86.83447,21.10405],[86.83392,21.1035],[86.83363,21.1034],[86.83358,21.10327],[86.8336,21.10314],[86.83376,21.103],[86.83412,21.10298],[86.83463,21.10297],[86.83494,21.10287],[86.83507,21.10259],[86.83523,21.10217],[86.83542,21.10149],[86.8356,21.101],[86.8356,21.10066],[86.83511,21.1003],[86.83467,21.10003],[86.83437,21.09987],[86.83425,21.09958],[86.8342,21.09909],[86.83429,21.09886],[86.83451,21.09877],[86.83529,21.09894],[86.8357,21.09889],[86.83659,21.0988],[86.83676,21.09859],[86.83686,21.09826],[86.83712,21.09781],[86.83716,21.09752],[86.83749,21.09696],[86.83744,21.09688],[86.83731,21.09677],[86.83704,21.09663],[86.83704,21.09651],[86.83715,21.09624],[86.83769,21.09575],[86.83774,21.09566],[86.83774,21.09559],[86.83771,21.09547],[86.83759,21.09538],[86.83743,21.09526],[86.83746,21.0951],[86.83794,21.09483],[86.83875,21.09388],[86.83876,21.0938],[86.83855,21.09349],[86.83843,21.0934],[86.83804,21.0934],[86.83761,21.09332],[86.83705,21.09294],[86.8369,21.09281],[86.8369,21.09269],[86.83716,21.09245],[86.83766,21.09216],[86.83794,21.09191],[86.83806,21.09161],[86.83817,21.09147],[86.83858,21.09124],[86.83921,21.09102],[86.83931,21.09099],[86.83935,21.09094],[86.83939,21.09073],[86.83957,21.09045],[86.84015,21.09006],[86.84026,21.08983],[86.84028,21.08967],[86.84028,21.08955],[86.84031,21.08949],[86.84052,21.08927],[86.84056,21.08897],[86.84048,21.08866],[86.84053,21.08842],[86.8406,21.08812],[86.84043,21.08786],[86.84029,21.08763],[86.83991,21.08726],[86.83977,21.08698],[86.83986,21.08662],[86.84057,21.08627],[86.84146,21.08592],[86.84177,21.0856],[86.84201,21.08524],[86.84221,21.08446],[86.84215,21.08402],[86.84237,21.0832],[86.84286,21.08261],[86.84292,21.08249],[86.84292,21.08231],[86.84293,21.08196],[86.84268,21.08148],[86.84274,21.08119],[86.84301,21.08078],[86.84317,21.08053],[86.84457,21.08012],[86.84533,21.08005],[86.84624,21.07973],[86.84676,21.0794],[86.84774,21.07728],[86.84831,21.07601],[86.84837,21.07538],[86.84844,21.07523],[86.84887,21.07491],[86.84927,21.07455],[86.84965,21.07356],[86.8509,21.07192],[86.85233,21.0701],[86.85295,21.06881],[86.85363,21.06622],[86.85388,21.06499],[86.85429,21.06446],[86.85545,21.0641],[86.85598,21.06344],[86.85676,21.06126],[86.85748,21.05954],[86.85826,21.05805],[86.85815,21.05656],[86.85787,21.0554],[86.85803,21.05503],[86.85843,21.05495],[86.86016,21.05455],[86.86078,21.05394],[86.86148,21.05228],[86.86206,21.05127],[86.86301,21.05029],[86.86511,21.04937],[86.86644,21.0484],[86.86718,21.04727],[86.86773,21.0463],[86.86787,21.04614],[86.86845,21.04599],[86.86895,21.0455],[86.86905,21.04512],[86.86876,21.04425],[86.86894,21.04339],[86.86916,21.04304],[86.8702,21.04265],[86.87055,21.04238],[86.87114,21.04098],[86.87187,21.04],[86.87213,21.03976],[86.87257,21.03944],[86.87315,21.03875],[86.87455,21.03724],[86.87537,21.03602],[86.87552,21.03539],[86.87508,21.03482],[86.87511,21.03473],[86.87524,21.03462],[86.87634,21.03416],[86.87695,21.03361],[86.87734,21.03295],[86.87732,21.03246],[86.87742,21.03222],[86.87769,21.0319],[86.87892,21.03069],[86.88052,21.02958],[86.88223,21.02774],[86.88291,21.02731],[86.88399,21.02662],[86.88423,21.02623],[86.88451,21.02503],[86.88449,21.02435],[86.88448,21.02388],[86.88454,21.02373],[86.88522,21.02319],[86.88545,21.02241],[86.88576,21.02121],[86.88556,21.02058],[86.88565,21.0202],[86.88588,21.02007],[86.88654,21.01997],[86.88696,21.0197],[86.88792,21.01847],[86.88809,21.01808],[86.88819,21.01767],[86.88821,21.01734],[86.8888,21.01656],[86.88951,21.01547],[86.88953,21.01518],[86.88952,21.01498],[86.88968,21.01468],[86.89029,21.014],[86.89102,21.01261],[86.89122,21.01213],[86.8913,21.01193],[86.8916,21.01166],[86.8918,21.01147],[86.89185,21.01133],[86.89175,21.01103],[86.89179,21.01084],[86.89193,21.01054],[86.89194,21.0102],[86.89197,21.00998],[86.89209,21.00987],[86.89237,21.00972],[86.89248,21.00964],[86.89253,21.00954],[86.89238,21.00927],[86.89237,21.00908],[86.89245,21.00889],[86.89273,21.00872],[86.89328,21.00853],[86.89355,21.0084],[86.89388,21.00801],[86.89414,21.0075],[86.89414,21.00737],[86.89404,21.0071],[86.89407,21.0069],[86.89424,21.00657],[86.89481,21.00575],[86.89484,21.00565],[86.89482,21.00534],[86.89477,21.0051],[86.89481,21.00487],[86.89488,21.00458],[86.89507,21.00413],[86.8951,21.004],[86.89511,21.00371],[86.89517,21.00354],[86.8953,21.00338],[86.89577,21.00282],[86.89642,21.00225],[86.89668,21.00207],[86.89689,21.00168],[86.89697,21.00147],[86.89696,21.00112],[86.89684,21.0004],[86.89679,20.99988],[86.89684,20.99976],[86.89711,20.99963],[86.89746,20.99953],[86.89774,20.99931],[86.89809,20.99893],[86.89858,20.99839],[86.89883,20.99809],[86.89894,20.99796],[86.899,20.99768],[86.89911,20.99728],[86.89918,20.99686],[86.89908,20.99647],[86.89902,20.99624],[86.89905,20.99611],[86.89917,20.99598],[86.89935,20.99583],[86.8995,20.99563],[86.89956,20.99549],[86.89965,20.99512],[86.89981,20.99458],[86.89986,20.99443],[86.90024,20.99383],[86.90034,20.9936],[86.90039,20.99342],[86.90039,20.99326],[86.90043,20.99311],[86.90073,20.99268],[86.90077,20.99253],[86.90077,20.99233],[86.90065,20.99178],[86.90069,20.99168],[86.901,20.9913],[86.90114,20.99114],[86.9012,20.99104],[86.90116,20.99089],[86.90093,20.99052],[86.9007,20.99023],[86.9007,20.99004],[86.9009,20.98981],[86.90161,20.98894],[86.90191,20.98861],[86.90231,20.98819],[86.90245,20.98787],[86.90261,20.98722],[86.90271,20.98689],[86.90294,20.98657],[86.9034,20.98612],[86.90342,20.98599],[86.90336,20.98584],[86.90331,20.98576],[86.90331,20.98564],[86.90339,20.98547],[86.90358,20.98522],[86.90384,20.98491],[86.90409,20.98415],[86.90447,20.98294],[86.90517,20.98163],[86.90527,20.98078],[86.90519,20.98029],[86.90529,20.97964],[86.90556,20.97878],[86.906,20.97822],[86.90659,20.97704],[86.9068,20.97633],[86.90742,20.97427],[86.90816,20.97174],[86.90859,20.97007],[86.90898,20.96787],[86.90898,20.96736],[86.90909,20.96706],[86.90966,20.96643],[86.91019,20.9656],[86.91091,20.96326],[86.91136,20.9612],[86.91243,20.95823],[86.9128,20.95717],[86.91282,20.95682],[86.91248,20.95642],[86.91248,20.95619],[86.91269,20.95591],[86.91448,20.95277],[86.9147,20.95213],[86.9147,20.95182],[86.91429,20.9515],[86.91431,20.95113],[86.91443,20.95086],[86.91542,20.9495],[86.91673,20.94773],[86.91685,20.9473],[86.9168,20.94693],[86.9161,20.94615],[86.91616,20.9459],[86.91629,20.94573],[86.91703,20.94486],[86.91858,20.94283],[86.91894,20.9422],[86.91904,20.94094],[86.919,20.94032],[86.91915,20.94006],[86.91984,20.93962],[86.92106,20.93793],[86.92158,20.93591],[86.92198,20.93451],[86.92377,20.9312],[86.92403,20.9303],[86.92402,20.92995],[86.92342,20.92923],[86.92321,20.92897],[86.9232,20.92887],[86.92326,20.9288],[86.92347,20.92871],[86.92435,20.92843],[86.92524,20.92786],[86.92535,20.92774],[86.92535,20.92756],[86.92524,20.92743],[86.92499,20.9269],[86.925,20.92674],[86.92519,20.92651],[86.92563,20.92609],[86.92623,20.92535],[86.92628,20.92506],[86.92618,20.92477],[86.92582,20.92448],[86.92582,20.92433],[86.92599,20.92404],[86.92626,20.9234],[86.92646,20.9226],[86.92659,20.9224],[86.92716,20.92205],[86.92733,20.92187],[86.92748,20.92153],[86.92751,20.92118],[86.92781,20.92041],[86.92785,20.92018],[86.92763,20.91993],[86.92757,20.91981],[86.92761,20.91971],[86.92814,20.91909],[86.92817,20.91894],[86.92808,20.9186],[86.92819,20.91835],[86.92846,20.91826],[86.92896,20.91813],[86.92927,20.9178],[86.92942,20.91741],[86.92958,20.91654],[86.92979,20.91596],[86.93038,20.91477],[86.93093,20.91395],[86.93162,20.91323],[86.93179,20.91276],[86.93161,20.91148],[86.9317,20.91082],[86.93183,20.91044],[86.93231,20.9099],[86.93271,20.90951],[86.93296,20.90909],[86.93304,20.90867],[86.93311,20.90821],[86.93317,20.908],[86.93344,20.90752],[86.93348,20.90711],[86.93345,20.90654],[86.9336,20.90598],[86.93418,20.90492],[86.9345,20.90446],[86.93478,20.90406],[86.93533,20.90358],[86.93592,20.90262],[86.93624,20.90184],[86.9362,20.90047],[86.93618,20.89987],[86.93621,20.89946],[86.93642,20.89888],[86.93649,20.89833],[86.93639,20.89809],[86.93598,20.89779],[86.9359,20.8976],[86.93586,20.8972],[86.93583,20.89703],[86.93565,20.89692],[86.93531,20.89676],[86.93525,20.89653],[86.93527,20.89631],[86.93538,20.89601],[86.93586,20.89499],[86.93609,20.89456],[86.93654,20.89414],[86.93791,20.89286],[86.93846,20.89212],[86.93883,20.89146],[86.9389,20.89125],[86.93913,20.89012],[86.9393,20.88967],[86.93975,20.88913],[86.94044,20.88844],[86.94105,20.88731],[86.944,20.88374],[86.94446,20.88318],[86.95064,20.87696],[86.95529,20.87133],[86.95813,20.86829],[86.96078,20.86429],[86.96241,20.86015],[86.96313,20.85733],[86.96334,20.85511],[86.96286,20.85286],[86.96226,20.85226],[86.96196,20.85224],[86.96162,20.85187],[86.96131,20.85102],[86.96134,20.85024],[86.96157,20.84938],[86.96167,20.84889],[86.96184,20.84867],[86.96233,20.8485],[86.96237,20.84837],[86.96231,20.84816],[86.96214,20.84772],[86.9618,20.84708],[86.96131,20.84629],[86.96033,20.84568],[86.95981,20.84481],[86.96107,20.84529],[86.96643,20.84748],[86.97,20.84732],[86.97378,20.84719],[86.97131,20.83888],[86.97069,20.83689],[86.97015,20.83452],[86.96977,20.8333],[86.9695,20.83247],[86.96907,20.83082],[86.9685,20.82864],[86.96834,20.82815],[86.96827,20.82749],[86.9682,20.82693],[86.96803,20.82617],[86.96788,20.82512],[86.96754,20.82396],[86.96736,20.82399],[86.96738,20.82336],[86.96889,20.82238],[86.96928,20.82205],[86.96934,20.82184],[86.96832,20.81886],[86.96725,20.81636],[86.96659,20.81525],[86.96629,20.81464],[86.96529,20.81245],[86.96445,20.80589],[86.96333,20.79845],[86.9617,20.79088],[86.96032,20.78827],[86.95895,20.7866],[86.95785,20.7858],[86.96357,20.77887],[86.96426,20.77794],[86.97084,20.76934],[86.97622,20.77118],[86.98526,20.77184],[86.9903,20.7714],[86.99249,20.7708],[86.99436,20.76906],[86.99715,20.76433],[86.99916,20.76133],[87.00005,20.75763],[87.00113,20.754],[87.00256,20.74959],[87.00685,20.74291],[87.00728,20.74171],[87.00751,20.7407],[87.00686,20.7388],[87.00608,20.73729],[87.00532,20.73488],[87.00451,20.73064],[87.00376,20.72588],[87.00235,20.71949],[87.00192,20.7179],[86.99981,20.71332],[86.99844,20.71131],[86.99769,20.71052],[87.00249,20.70481],[87.007,20.69988],[87.00703,20.69984],[87.00993,20.69926],[87.01285,20.6987],[87.01538,20.69975],[87.01739,20.70072],[87.01912,20.70158],[87.01972,20.70154],[87.02114,20.70088],[87.02223,20.70058],[87.02284,20.70066],[87.02319,20.7009],[87.0241,20.70145],[87.02481,20.7022],[87.02573,20.70259],[87.02867,20.70399],[87.03027,20.70531],[87.03131,20.70546],[87.03211,20.70548],[87.03392,20.70558],[87.03555,20.70598],[87.03649,20.70647],[87.0369,20.70689],[87.03813,20.70819],[87.03896,20.70872],[87.04234,20.71013],[87.04327,20.7103],[87.04406,20.71042],[87.04466,20.7105],[87.04529,20.71086],[87.04656,20.71208],[87.04733,20.71251],[87.04803,20.71277],[87.04908,20.71333],[87.04986,20.71391],[87.05063,20.71447],[87.05146,20.71514],[87.05258,20.71619],[87.05338,20.71708],[87.0539,20.71752],[87.05442,20.71756],[87.05482,20.71733],[87.0548,20.71708],[87.05447,20.71682],[87.05433,20.71652],[87.05436,20.71621],[87.05468,20.71613],[87.05518,20.71641],[87.05564,20.7167],[87.0564,20.71657],[87.05719,20.71655],[87.05767,20.71679],[87.05786,20.71709],[87.05807,20.7173],[87.0584,20.71729],[87.05889,20.71726],[87.06002,20.71783],[87.06131,20.7184],[87.06197,20.71885],[87.06237,20.71939],[87.06295,20.72003],[87.06391,20.72057],[87.06419,20.7211],[87.06403,20.72169],[87.0641,20.72253],[87.06515,20.7232],[87.06682,20.72349],[87.06839,20.72307],[87.06913,20.72288],[87.0694,20.72253],[87.06904,20.72161],[87.06879,20.72092],[87.06786,20.7204],[87.06664,20.71988],[87.0655,20.71915],[87.06429,20.71816],[87.06276,20.71756],[87.05993,20.71654],[87.05794,20.71564],[87.05626,20.71498],[87.05519,20.71442],[87.05386,20.71359],[87.05239,20.71291],[87.05115,20.7124],[87.04965,20.71162],[87.04848,20.71113],[87.04781,20.71069],[87.04738,20.71017],[87.04555,20.70911],[87.04408,20.70848],[87.04222,20.70751],[87.04063,20.70686],[87.03943,20.7061],[87.03693,20.70473],[87.03584,20.70396],[87.03447,20.70313],[87.03365,20.70262],[87.03289,20.70195],[87.03142,20.70069],[87.03046,20.69977],[87.0294,20.69898],[87.02811,20.69853],[87.02684,20.69772],[87.02542,20.69673],[87.02446,20.69584],[87.02262,20.69454],[87.01975,20.69293],[87.01891,20.69221],[87.01819,20.6913],[87.01668,20.69035],[87.01585,20.68996],[87.01453,20.68893],[87.01325,20.68777],[87.01282,20.68735],[87.01218,20.687],[87.01119,20.68656],[87.00964,20.68556],[87.00812,20.68443],[87.00405,20.68165],[87.00128,20.67994],[86.99986,20.67889],[86.99326,20.67463],[86.99195,20.67378],[86.99084,20.67304],[86.98917,20.67179],[86.98799,20.67085],[86.98479,20.66872],[86.98318,20.66754],[86.98175,20.66675],[86.98083,20.66626],[86.97852,20.66487],[86.97613,20.66355],[86.97494,20.66283],[86.97415,20.66235],[86.9719,20.66113],[86.97082,20.66046],[86.96773,20.65867],[86.96708,20.6583],[86.96579,20.65758],[86.96447,20.65681],[86.96338,20.65613],[86.96107,20.65484],[86.95881,20.65349],[86.95585,20.6517],[86.95434,20.65079],[86.95296,20.64988],[86.9524,20.64948],[86.95162,20.64886],[86.95069,20.64812],[86.94988,20.64759],[86.94881,20.6469],[86.94814,20.64644],[86.94737,20.6459],[86.94655,20.64534],[86.94567,20.64475],[86.9445,20.64404],[86.9439,20.6437],[86.94366,20.64356],[86.94354,20.64346],[86.94345,20.64341],[86.94334,20.64335],[86.9432,20.64327],[86.94302,20.64314],[86.94232,20.64275],[86.94121,20.64207],[86.94014,20.64145],[86.93806,20.64029],[86.93484,20.63837],[86.93172,20.63658],[86.9299,20.63548],[86.92826,20.63453],[86.92631,20.63335],[86.92159,20.6305],[86.92031,20.62976],[86.91874,20.62877],[86.91666,20.62754],[86.91545,20.62676],[86.91167,20.62446],[86.91022,20.6236],[86.9086,20.62257],[86.90588,20.62082],[86.90424,20.61978],[86.89995,20.617],[86.89792,20.61564],[86.89399,20.61306],[86.8907,20.61094],[86.88857,20.60947],[86.88525,20.60716],[86.88239,20.60512],[86.88063,20.60365],[86.877,20.60135],[86.87467,20.5998],[86.8732,20.59885],[86.87068,20.59729],[86.86857,20.59587],[86.86425,20.59291],[86.86041,20.59037],[86.85864,20.58902],[86.85821,20.58871],[86.85777,20.5884],[86.85683,20.58774],[86.85588,20.58706],[86.85497,20.5865],[86.85295,20.58503],[86.85207,20.58414],[86.85043,20.58289],[86.84696,20.58052],[86.84432,20.57876],[86.84319,20.57807],[86.84212,20.57743],[86.84107,20.57685],[86.84019,20.57642],[86.83929,20.57596],[86.83826,20.57536],[86.83672,20.57439],[86.83579,20.57367],[86.83352,20.57215],[86.83265,20.57156],[86.83188,20.5711],[86.83044,20.57024],[86.828,20.56872],[86.82654,20.56776],[86.82508,20.56678],[86.82484,20.56661],[86.82289,20.5653],[86.81474,20.55979],[86.81225,20.55808],[86.80994,20.55647],[86.80796,20.55512],[86.80725,20.55465],[86.80631,20.55404],[86.80568,20.55361],[86.805,20.55313],[86.80437,20.5527],[86.80366,20.55218],[86.80276,20.55152],[86.80155,20.55058],[86.80018,20.54952],[86.79905,20.54863],[86.79713,20.54734],[86.79501,20.54586],[86.79367,20.54483],[86.79188,20.54325],[86.79098,20.54228],[86.7899,20.54112],[86.78916,20.54019],[86.78831,20.53952],[86.7874,20.5385],[86.78687,20.53771],[86.78669,20.53749],[86.78645,20.5373],[86.78603,20.5368],[86.78552,20.53605],[86.78501,20.53522],[86.7845,20.53424],[86.7839,20.53299],[86.78359,20.53225],[86.78281,20.53045],[86.78254,20.52971],[86.78203,20.52826],[86.78156,20.52709],[86.78122,20.52603],[86.78082,20.52487],[86.78055,20.52426],[86.77991,20.52308],[86.77961,20.5222],[86.77947,20.52147],[86.77928,20.52074],[86.77909,20.5204],[86.7789,20.51997],[86.77871,20.51939],[86.77846,20.51861],[86.77832,20.51799],[86.77829,20.5177],[86.77827,20.51737],[86.77826,20.51663],[86.77824,20.51614],[86.77815,20.51572],[86.77801,20.51527],[86.77767,20.51442],[86.77683,20.51269],[86.77606,20.511],[86.77569,20.51023],[86.77508,20.50921],[86.77468,20.50852],[86.77417,20.50791],[86.77362,20.50725],[86.7729,20.50646],[86.7719,20.50566],[86.77027,20.5049],[86.76906,20.50437],[86.76763,20.50373],[86.76751,20.50367],[86.76733,20.50362],[86.76702,20.50365],[86.76657,20.50382],[86.76623,20.50389],[86.76602,20.50391],[86.76577,20.50388],[86.76526,20.50375],[86.76501,20.50374],[86.7642,20.50373],[86.76352,20.50382],[86.76304,20.50382],[86.76262,20.50378],[86.76207,20.50373],[86.76132,20.50377],[86.75842,20.50202],[86.75575,20.50034],[86.7554,20.4996],[86.75486,20.49883],[86.75434,20.49802],[86.75389,20.49733],[86.75352,20.49677],[86.75321,20.49621],[86.75312,20.49575],[86.75295,20.49512],[86.75274,20.49453],[86.75257,20.49394],[86.75228,20.49274],[86.75186,20.49165],[86.75114,20.48995],[86.75091,20.4894],[86.75077,20.48892],[86.75062,20.48827],[86.75054,20.48793],[86.7505,20.48757],[86.75048,20.48721],[86.75039,20.48693],[86.75024,20.48639],[86.74979,20.48456],[86.74842,20.48021],[86.74682,20.47591],[86.74656,20.47524],[86.746,20.47389],[86.74576,20.47339],[86.74495,20.47143],[86.74467,20.47088],[86.74421,20.47033],[86.74378,20.4698],[86.74315,20.4692],[86.74254,20.46901],[86.7422,20.46898],[86.74144,20.46919],[86.73801,20.4681],[86.73772,20.46674],[86.737,20.46479],[86.73607,20.46269],[86.73579,20.4613],[86.73486,20.45976],[86.73435,20.45849],[86.73355,20.45679],[86.73276,20.45462],[86.7325,20.45269],[86.73249,20.45082],[86.7327,20.45029],[86.73278,20.44994],[86.73279,20.44927],[86.73267,20.44833],[86.73232,20.44631],[86.73219,20.44452],[86.73218,20.44328],[86.732,20.44212],[86.73223,20.44167],[86.7323,20.44117],[86.73222,20.44051],[86.73213,20.4398],[86.73195,20.43894],[86.7318,20.43796],[86.73187,20.43706],[86.73196,20.43614],[86.732,20.43559],[86.73194,20.43481],[86.732,20.43412],[86.73188,20.43326],[86.73186,20.43219],[86.73197,20.43146],[86.73201,20.43098],[86.7318,20.43021],[86.73164,20.4297],[86.73158,20.42922],[86.73166,20.42869],[86.73182,20.42791],[86.73196,20.42722],[86.73199,20.42695],[86.73209,20.42658],[86.73231,20.42633],[86.73258,20.42623],[86.73274,20.42611],[86.73282,20.42594],[86.73294,20.42544],[86.73314,20.42461],[86.73327,20.42394],[86.73327,20.42333],[86.73338,20.4231],[86.73355,20.42283],[86.73373,20.42258],[86.73385,20.42225],[86.73402,20.42207],[86.73421,20.42175],[86.73431,20.42145],[86.73451,20.4206],[86.73498,20.4181],[86.73498,20.4169],[86.73481,20.4151],[86.73452,20.41344],[86.73434,20.41287],[86.73408,20.41232],[86.73352,20.41148],[86.7324,20.4099],[86.73082,20.40756],[86.72987,20.40605],[86.72928,20.40499],[86.73104,20.40399],[86.73282,20.40299],[86.73305,20.40317],[86.73355,20.40327],[86.73414,20.40336],[86.7348,20.40343],[86.73542,20.4036],[86.73605,20.40382],[86.73672,20.40395],[86.73752,20.40407],[86.73837,20.40415],[86.7392,20.40423],[86.73973,20.40429],[86.74046,20.40443],[86.74128,20.40462],[86.74236,20.4048],[86.74317,20.40485],[86.74403,20.40482],[86.74463,20.40471],[86.74562,20.40457],[86.74603,20.40447],[86.74689,20.40443],[86.74767,20.40436],[86.74854,20.40406],[86.74869,20.40387],[86.74881,20.40375],[86.74896,20.40363],[86.74912,20.40354],[86.74936,20.40347],[86.74964,20.40343],[86.75008,20.40327],[86.75073,20.4028],[86.75123,20.40178],[86.75158,20.4009],[86.75191,20.39974],[86.75223,20.39903],[86.75271,20.39828],[86.75342,20.39758],[86.75448,20.3979],[86.75561,20.39842],[86.75626,20.39868],[86.75652,20.39857],[86.75666,20.39735],[86.75713,20.39614],[86.75723,20.39588],[86.75741,20.39577],[86.75771,20.39574],[86.758,20.39585],[86.75831,20.39622],[86.75844,20.39651],[86.75849,20.39659],[86.75853,20.39663],[86.75858,20.39666],[86.75862,20.39664],[86.75863,20.39662],[86.75864,20.39656],[86.75863,20.39637],[86.75871,20.39619],[86.75889,20.39605],[86.75917,20.39596],[86.75927,20.39567],[86.75999,20.39612],[86.76306,20.39716],[86.76494,20.39753],[86.76646,20.39752],[86.76797,20.39729],[86.77016,20.39679],[86.77155,20.39646],[86.77309,20.39587],[86.77379,20.39556],[86.77573,20.39464],[86.77697,20.39379],[86.77848,20.39257],[86.77997,20.39065],[86.7806,20.38958],[86.78118,20.38836],[86.78178,20.38652],[86.78193,20.38426],[86.78194,20.38231],[86.78185,20.38125],[86.78255,20.37975],[86.78335,20.37801],[86.78406,20.37822],[86.78463,20.37838],[86.78697,20.37902],[86.78955,20.37972],[86.79234,20.37999],[86.79254,20.38001],[86.79366,20.37998],[86.79493,20.37975],[86.79565,20.37933],[86.79621,20.37871],[86.79677,20.37794],[86.79751,20.37678],[86.79788,20.37599],[86.79733,20.3739],[86.79718,20.37335],[86.79658,20.37161],[86.7959,20.37058],[86.79282,20.36601],[86.79197,20.36269],[86.79176,20.36239],[86.7897,20.35928],[86.78866,20.35786],[86.78753,20.35624],[86.78622,20.35469],[86.78476,20.35332],[86.78342,20.35118],[86.78255,20.34979],[86.78087,20.34686],[86.78037,20.34605],[86.77962,20.34503],[86.77896,20.34443],[86.7782,20.34366],[86.77797,20.34324],[86.77789,20.34259],[86.77787,20.34241],[86.77794,20.34175],[86.77802,20.34151],[86.77807,20.34135],[86.77808,20.34085],[86.778,20.3405],[86.77795,20.34025],[86.77757,20.33962],[86.77707,20.33877],[86.77667,20.33786],[86.77678,20.33766],[86.77696,20.33763],[86.77782,20.3383],[86.77864,20.33895],[86.78042,20.34026],[86.78126,20.34095],[86.78174,20.3414],[86.78299,20.34235],[86.78485,20.34368],[86.78607,20.34467],[86.78664,20.34514],[86.78724,20.3457],[86.78751,20.34633],[86.78753,20.34716],[86.78796,20.34831],[86.7892,20.35036],[86.7898,20.35105],[86.79051,20.35175],[86.7918,20.35271],[86.79236,20.35295],[86.79322,20.35332],[86.79385,20.35374],[86.7944,20.35422],[86.79559,20.35537],[86.7961,20.35607],[86.7964,20.35646],[86.79642,20.357],[86.79648,20.35744],[86.79676,20.35769],[86.798,20.35781],[86.79893,20.35818],[86.79985,20.3592],[86.80124,20.36119],[86.80232,20.36298],[86.80321,20.36458],[86.80463,20.3668],[86.80564,20.36913],[86.80683,20.37129],[86.80804,20.37394],[86.80891,20.37645],[86.80891,20.37778],[86.80866,20.37868],[86.80822,20.37891],[86.80795,20.37896],[86.80751,20.37877],[86.80724,20.37749],[86.80715,20.37537],[86.80657,20.3741],[86.80613,20.37348],[86.80522,20.37249],[86.80449,20.372],[86.80377,20.3717],[86.80357,20.37188],[86.80353,20.37234],[86.80375,20.37298],[86.80423,20.3738],[86.80421,20.37564],[86.80422,20.37587],[86.80436,20.3761],[86.80422,20.37701],[86.80439,20.37793],[86.80405,20.3786],[86.80451,20.37927],[86.80549,20.38049],[86.80609,20.38147],[86.80629,20.38238],[86.80627,20.38308],[86.80615,20.38486],[86.80628,20.38532],[86.80639,20.38567],[86.80643,20.38626],[86.8064,20.38818],[86.80629,20.38914],[86.80619,20.38994],[86.80617,20.39017],[86.80617,20.39062],[86.80596,20.39076],[86.80575,20.39074],[86.80539,20.39047],[86.80501,20.39],[86.80419,20.38877],[86.80328,20.38736],[86.80265,20.38651],[86.80225,20.38611],[86.80191,20.38594],[86.80178,20.38609],[86.80199,20.38647],[86.80222,20.38693],[86.80241,20.38734],[86.80291,20.38827],[86.80379,20.38953],[86.80484,20.39129],[86.8058,20.39269],[86.80634,20.39381],[86.80679,20.39458],[86.80763,20.39743],[86.80779,20.40015],[86.80746,20.40236],[86.80691,20.40433],[86.80641,20.406],[86.80504,20.40761],[86.80348,20.40865],[86.80227,20.40917],[86.80205,20.40933],[86.80202,20.40956],[86.80214,20.40988],[86.80225,20.41008],[86.80235,20.41014],[86.8024,20.41018],[86.8024,20.41022],[86.80234,20.41031],[86.80158,20.41053],[86.80118,20.41081],[86.80098,20.41126],[86.80107,20.4115],[86.80149,20.41182],[86.80176,20.412],[86.80216,20.4121],[86.8023,20.41204],[86.80251,20.41188],[86.80284,20.41179],[86.8032,20.41173],[86.80368,20.41169],[86.80408,20.41162],[86.80463,20.41151],[86.80489,20.41144],[86.80519,20.41129],[86.80538,20.41104],[86.80552,20.4108],[86.80591,20.41028],[86.80634,20.40991],[86.80658,20.40937],[86.80681,20.40881],[86.80761,20.40735],[86.80825,20.40628],[86.80853,20.40558],[86.8087,20.40481],[86.80872,20.40392],[86.8086,20.40328],[86.80874,20.40268],[86.80888,20.40237],[86.80917,20.40241],[86.80922,20.40263],[86.80929,20.40296],[86.80952,20.40316],[86.80992,20.40293],[86.81017,20.40269],[86.81054,20.40276],[86.81096,20.40316],[86.81125,20.40347],[86.81144,20.40374],[86.81196,20.40422],[86.81258,20.40485],[86.81261,20.40555],[86.81255,20.40609],[86.8124,20.40677],[86.81227,20.40779],[86.8112,20.40932],[86.80993,20.4099],[86.80879,20.41091],[86.80768,20.41223],[86.80723,20.41344],[86.80671,20.41436],[86.80551,20.41537],[86.80437,20.41565],[86.80379,20.41613],[86.80347,20.41665],[86.80349,20.41808],[86.80299,20.41905],[86.80228,20.41966],[86.80129,20.42023],[86.80078,20.42044],[86.79963,20.42103],[86.79897,20.42172],[86.799,20.42223],[86.79928,20.42254],[86.79961,20.42263],[86.80003,20.42277],[86.80038,20.42284],[86.80073,20.42288],[86.80156,20.42281],[86.80199,20.4227],[86.80234,20.4223],[86.80262,20.42205],[86.803,20.4219],[86.80319,20.42184],[86.80461,20.42091],[86.80493,20.42099],[86.8052,20.42111],[86.8053,20.42124],[86.80525,20.42148],[86.8052,20.42161],[86.80527,20.42175],[86.80543,20.42185],[86.80556,20.42206],[86.80589,20.42246],[86.80617,20.42275],[86.80643,20.42314],[86.80656,20.4235],[86.80656,20.42379],[86.80645,20.42412],[86.80623,20.42426],[86.80582,20.42436],[86.80538,20.42445],[86.80489,20.42449],[86.80465,20.42446],[86.8046,20.42462],[86.80465,20.42482],[86.80507,20.42562],[86.80504,20.42614],[86.80458,20.42749],[86.80447,20.42876],[86.80439,20.42944],[86.80407,20.42998],[86.80391,20.43031],[86.80395,20.43058],[86.80413,20.43063],[86.80461,20.43055],[86.80473,20.43065],[86.80463,20.43143],[86.80423,20.432],[86.80394,20.43222],[86.80326,20.43223],[86.80267,20.43238],[86.80212,20.43266],[86.8017,20.43276],[86.80164,20.43296],[86.80216,20.43344],[86.80338,20.43376],[86.80429,20.43381],[86.80746,20.43331],[86.80901,20.43276],[86.80974,20.43313],[86.80763,20.43646],[86.80824,20.43835],[86.80738,20.44028],[86.80641,20.44109],[86.80639,20.44207],[86.80673,20.44264],[86.80746,20.44276],[86.80897,20.44071],[86.81012,20.4387],[86.81226,20.43319],[86.81407,20.43078],[86.8155,20.42813],[86.81611,20.42641],[86.8168,20.42487],[86.81714,20.42355],[86.81719,20.42216],[86.81787,20.41901],[86.81795,20.41606],[86.81778,20.41281],[86.81808,20.41169],[86.81797,20.41073],[86.81811,20.40956],[86.81846,20.40809],[86.81808,20.40622],[86.81802,20.40381],[86.81796,20.40278],[86.81807,20.40207],[86.8179,20.40112],[86.81797,20.40039],[86.81753,20.39907],[86.8172,20.39808],[86.81681,20.39741],[86.81632,20.39605],[86.81585,20.39412],[86.81505,20.39254],[86.81479,20.39118],[86.81422,20.38931],[86.81328,20.38616],[86.81229,20.38351],[86.81135,20.38081],[86.80993,20.37637],[86.80907,20.37368],[86.8085,20.37203],[86.80785,20.3705],[86.80669,20.3683],[86.80447,20.36452],[86.8036,20.36307],[86.80266,20.36162],[86.80071,20.35889],[86.79902,20.35674],[86.79718,20.3545],[86.79535,20.35234],[86.79475,20.35159],[86.79408,20.35099],[86.79322,20.35018],[86.79194,20.34877],[86.78854,20.34576],[86.78641,20.34375],[86.77912,20.33761],[86.7758,20.33519],[86.77497,20.3347],[86.7741,20.33421],[86.7724,20.3331],[86.77083,20.33212],[86.76959,20.3314],[86.76488,20.32887],[86.75946,20.3257],[86.75558,20.32424],[86.75365,20.32284],[86.75194,20.32143],[86.75132,20.32041],[86.74968,20.31889],[86.74874,20.31785],[86.74803,20.31696],[86.74631,20.31608],[86.74562,20.31526],[86.74451,20.31501],[86.74401,20.3143],[86.74316,20.31359],[86.74237,20.31298],[86.7415,20.31243],[86.74008,20.31145],[86.73949,20.31104],[86.73882,20.31053],[86.73759,20.30958],[86.73684,20.30938],[86.73641,20.30909],[86.73591,20.30897],[86.7353,20.30845],[86.73466,20.30816],[86.73413,20.3078],[86.73364,20.3075],[86.73314,20.30737],[86.73257,20.30725],[86.7319,20.30703],[86.73119,20.30682],[86.72986,20.30661],[86.72824,20.30614],[86.7265,20.3057],[86.72359,20.30489],[86.72182,20.30422],[86.72041,20.3038],[86.71819,20.30287],[86.71614,20.30162],[86.71532,20.30102],[86.71421,20.30014],[86.71311,20.29918],[86.71196,20.29825],[86.71048,20.29703],[86.70978,20.29644],[86.70888,20.29609],[86.71006,20.29445],[86.71039,20.29402],[86.71086,20.29349],[86.71155,20.29283],[86.71256,20.29173],[86.71288,20.29195],[86.71334,20.29203],[86.71389,20.29197],[86.71472,20.29194],[86.71542,20.29226],[86.71588,20.29236],[86.71602,20.29243],[86.71614,20.29253],[86.7163,20.29267],[86.71642,20.29276],[86.71643,20.29285],[86.71645,20.29289],[86.7165,20.29292],[86.71655,20.29291],[86.71658,20.29284],[86.71671,20.29284],[86.71683,20.29284],[86.71697,20.2928],[86.71714,20.29263],[86.71728,20.29229],[86.71735,20.29216],[86.71779,20.2918],[86.71821,20.29131],[86.71835,20.29095],[86.7184,20.29058],[86.71838,20.29015],[86.71833,20.28988],[86.7179,20.28823],[86.7178,20.28798],[86.71758,20.28776],[86.71559,20.2866],[86.7121,20.28488],[86.71016,20.284],[86.7083,20.28323],[86.7033,20.28128],[86.70049,20.28007],[86.69897,20.27951],[86.69748,20.27906],[86.69647,20.27868],[86.69554,20.27826],[86.69439,20.27771],[86.69388,20.27748],[86.69305,20.27706],[86.69149,20.27624],[86.69068,20.27571],[86.68943,20.27478],[86.6886,20.27417],[86.68776,20.27373],[86.6863,20.273],[86.68362,20.27168],[86.68196,20.27094],[86.68089,20.27038],[86.68028,20.26993],[86.67982,20.26916],[86.67978,20.26854],[86.67999,20.26745],[86.67982,20.26744],[86.67965,20.26743],[86.67926,20.26766],[86.67916,20.26772],[86.67897,20.26785],[86.6787,20.26801],[86.67864,20.26812],[86.67868,20.26847],[86.67879,20.2687],[86.67892,20.26938],[86.67898,20.26943],[86.67923,20.26985],[86.67936,20.27018],[86.6795,20.27031],[86.67974,20.27076],[86.68005,20.27125],[86.68025,20.27173],[86.68193,20.27459],[86.67912,20.27603],[86.67564,20.26962],[86.67562,20.26961],[86.6751,20.26987],[86.67403,20.27088],[86.67399,20.27099],[86.67397,20.27108],[86.67399,20.27118],[86.67422,20.27168],[86.67425,20.27173],[86.67446,20.2722],[86.6745,20.27228],[86.67476,20.27278],[86.67479,20.27286],[86.67494,20.2733],[86.67496,20.27338],[86.67554,20.27447],[86.67557,20.27454],[86.67716,20.27811],[86.67719,20.27817],[86.67742,20.27875],[86.67743,20.27888],[86.67737,20.27898],[86.67715,20.27909],[86.6772,20.27919],[86.67721,20.27921],[86.6772,20.27923],[86.67718,20.27924],[86.67705,20.2793],[86.67619,20.27972],[86.67615,20.27971],[86.67613,20.27969],[86.67602,20.27945],[86.676,20.27944],[86.67596,20.27944],[86.67501,20.27988],[86.67497,20.27987],[86.67495,20.27985],[86.67212,20.27433],[86.6721,20.27431],[86.67207,20.27431],[86.66981,20.27534],[86.66978,20.27537],[86.6698,20.27543],[86.67293,20.28146],[86.67292,20.28149],[86.67289,20.28152],[86.67101,20.28242],[86.67095,20.2824],[86.67091,20.28235],[86.6679,20.27648],[86.66788,20.27647],[86.66786,20.27647],[86.66729,20.27675],[86.66725,20.27675],[86.6672,20.27672],[86.66657,20.27599],[86.66598,20.27528],[86.66567,20.27459],[86.6656,20.27405],[86.66562,20.27386],[86.66568,20.27372],[86.6658,20.27341],[86.66602,20.27289],[86.66612,20.27272],[86.66623,20.27264],[86.66634,20.27262],[86.66647,20.27259],[86.66655,20.2725],[86.66668,20.27236],[86.66733,20.27238],[86.66737,20.27237],[86.6674,20.27232],[86.66746,20.27216],[86.66746,20.27214],[86.66743,20.27214],[86.66607,20.27204],[86.66605,20.27202],[86.66605,20.272],[86.66615,20.2717],[86.6662,20.27155],[86.66623,20.27146],[86.66628,20.27133],[86.66631,20.27131],[86.66636,20.27128],[86.66646,20.27128],[86.66647,20.27132],[86.66796,20.27143],[86.66871,20.26987],[86.66831,20.2697],[86.66852,20.2693],[86.6666,20.26849],[86.66691,20.26784],[86.66924,20.26883],[86.66927,20.26877],[86.66942,20.26862],[86.66955,20.26855],[86.66955,20.26845],[86.66954,20.26838],[86.66962,20.26817],[86.66969,20.26811],[86.6697,20.26807],[86.66968,20.26801],[86.66987,20.26792],[86.66797,20.26428],[86.66795,20.26428],[86.66775,20.26438],[86.66758,20.26405],[86.66755,20.26398],[86.66748,20.26362],[86.66744,20.26351],[86.66742,20.26346],[86.66743,20.2634],[86.66753,20.26314],[86.66761,20.26292],[86.66768,20.26278],[86.6677,20.26266],[86.6677,20.26246],[86.66766,20.2619],[86.66762,20.26146],[86.66755,20.2611],[86.66746,20.26084],[86.66772,20.26038],[86.66801,20.25996],[86.66821,20.25976],[86.66842,20.25955],[86.6691,20.2592],[86.66916,20.25917],[86.66942,20.25903],[86.66949,20.25904],[86.66955,20.25908],[86.66988,20.25982],[86.67012,20.26046],[86.67023,20.26079],[86.67035,20.26108],[86.67049,20.26137],[86.67067,20.26165],[86.67119,20.2625],[86.67116,20.26259],[86.67122,20.26267],[86.67134,20.26266],[86.67289,20.26169],[86.67502,20.26033],[86.67528,20.26027],[86.67557,20.26025],[86.67598,20.25984],[86.67664,20.25949],[86.67733,20.25926],[86.67812,20.25919],[86.67877,20.2592],[86.67915,20.25931],[86.67956,20.2594],[86.67984,20.25936],[86.68044,20.25903],[86.68037,20.25885],[86.68028,20.25866],[86.67972,20.25854],[86.67891,20.2583],[86.67739,20.25781],[86.67559,20.25731],[86.67212,20.25618],[86.66782,20.25496],[86.66628,20.25464],[86.66579,20.25451],[86.66557,20.25442],[86.66526,20.25435],[86.66501,20.25429],[86.66493,20.25425],[86.66486,20.25422],[86.66478,20.2542],[86.66467,20.25418],[86.66455,20.25415],[86.66437,20.25412],[86.6642,20.25407],[86.66405,20.25403],[86.66392,20.25399],[86.66377,20.25395],[86.66367,20.2539],[86.66357,20.25386],[86.66347,20.2538],[86.66337,20.25378],[86.66323,20.25371],[86.66311,20.25367],[86.66299,20.25363],[86.66286,20.25361],[86.66275,20.25357],[86.66263,20.25353],[86.6625,20.25348],[86.66228,20.25341],[86.66209,20.25335],[86.66184,20.25327],[86.66157,20.25319],[86.66138,20.25313],[86.66117,20.25306],[86.66107,20.253],[86.66092,20.25298],[86.66079,20.25297],[86.66061,20.2529],[86.66047,20.25282],[86.66033,20.25279],[86.66021,20.25272],[86.65992,20.25262],[86.65963,20.25255],[86.65936,20.25246],[86.65908,20.25242],[86.65879,20.25237],[86.65855,20.25232],[86.65832,20.25221],[86.65815,20.25211],[86.65782,20.25201],[86.65749,20.25188],[86.6571,20.25176],[86.65688,20.25167],[86.65669,20.2516],[86.65633,20.25148],[86.65611,20.2514],[86.65482,20.25097],[86.65394,20.25068],[86.65366,20.25059],[86.65355,20.25055],[86.65331,20.25047],[86.65311,20.25041],[86.65307,20.25039],[86.65246,20.25019],[86.65214,20.25008],[86.65182,20.24998],[86.65164,20.24991],[86.65141,20.24984],[86.65124,20.24978],[86.65082,20.24963],[86.6506,20.24956],[86.6504,20.24949],[86.65017,20.24942],[86.64994,20.24935],[86.64971,20.24926],[86.64948,20.2492],[86.64932,20.24914],[86.64902,20.249],[86.64862,20.24886],[86.64825,20.24876],[86.64798,20.24865],[86.64757,20.24852],[86.64717,20.24838],[86.6465,20.24814],[86.64564,20.24783],[86.64515,20.24763],[86.64468,20.24749],[86.64415,20.24729],[86.64404,20.24725],[86.64394,20.24721],[86.64376,20.24714],[86.64361,20.24709],[86.64347,20.24703],[86.6431,20.24689],[86.64292,20.24683],[86.64277,20.24677],[86.64252,20.24668],[86.64229,20.24659],[86.64189,20.24644],[86.64148,20.24629],[86.64099,20.2461],[86.64042,20.24589],[86.63994,20.24571],[86.63925,20.24545],[86.63867,20.24523],[86.63808,20.24502],[86.63775,20.24488],[86.63768,20.24486],[86.6376,20.24482],[86.63752,20.24479],[86.63745,20.24476],[86.63737,20.24473],[86.63729,20.2447],[86.63721,20.24466],[86.63714,20.24464],[86.63703,20.2446],[86.63696,20.24458],[86.63686,20.24454],[86.63674,20.2445],[86.63669,20.24448],[86.63665,20.24447],[86.63661,20.24445],[86.63656,20.24443],[86.63652,20.24441],[86.63647,20.2444],[86.63643,20.24438],[86.63639,20.24436],[86.63632,20.24434],[86.63629,20.24432],[86.63625,20.24431],[86.6362,20.24429],[86.63617,20.24428],[86.63613,20.24426],[86.63606,20.24424],[86.63598,20.24421],[86.63595,20.2442],[86.63588,20.24417],[86.63579,20.24413],[86.63566,20.24408],[86.63562,20.24406],[86.63498,20.24382],[86.63394,20.24341],[86.63337,20.24319],[86.63305,20.24307],[86.63272,20.24295],[86.63239,20.24282],[86.63206,20.24269],[86.63158,20.24251],[86.63103,20.2423],[86.63062,20.24214],[86.62985,20.24185],[86.62936,20.24166],[86.62892,20.24149],[86.62839,20.24129],[86.62741,20.24091],[86.6268,20.24067],[86.6265,20.24055],[86.62619,20.24043],[86.62531,20.24006],[86.62442,20.23969],[86.62409,20.23956],[86.62376,20.23942],[86.62255,20.23887],[86.62195,20.23866],[86.62137,20.23843],[86.6209,20.23817],[86.62019,20.23791],[86.61953,20.23762],[86.61885,20.23735],[86.61824,20.23711],[86.61792,20.23697],[86.61751,20.23681],[86.61721,20.23669],[86.61692,20.23658],[86.61642,20.23634],[86.61565,20.23602],[86.61486,20.2357],[86.61404,20.23531],[86.61094,20.23382],[86.61024,20.2335],[86.60937,20.23313],[86.60821,20.23262],[86.60653,20.23193],[86.60568,20.23155],[86.60492,20.23118],[86.60349,20.2305],[86.60116,20.22937],[86.60023,20.22893],[86.59941,20.22856],[86.59853,20.22811],[86.59672,20.22727],[86.59584,20.22686],[86.5948,20.22625],[86.59389,20.22566],[86.59284,20.22512],[86.59234,20.22479],[86.59166,20.22431],[86.59107,20.22403],[86.59053,20.2238],[86.58975,20.22334],[86.58937,20.22312],[86.58887,20.22292],[86.58848,20.22276],[86.58818,20.22267],[86.58789,20.2226],[86.58744,20.22243],[86.58681,20.22216],[86.58625,20.22211],[86.58559,20.22212],[86.58476,20.22197],[86.58374,20.22192],[86.5832,20.22202],[86.58034,20.21912],[86.57945,20.21823],[86.57837,20.21718],[86.57787,20.21651],[86.57733,20.21534],[86.57681,20.21459],[86.5761,20.21397],[86.57556,20.21373],[86.57215,20.20993],[86.57169,20.20936],[86.57105,20.20883],[86.57045,20.20842],[86.5695,20.20778],[86.56877,20.20734],[86.56806,20.20692],[86.56726,20.20638],[86.56663,20.20596],[86.56584,20.2054],[86.56513,20.20484],[86.56447,20.20436],[86.56374,20.20386],[86.56315,20.20343],[86.56243,20.20276],[86.56172,20.2021],[86.56067,20.20132],[86.55936,20.20031],[86.55829,20.19954],[86.55655,20.19836],[86.55429,20.19639],[86.55242,20.19497],[86.55052,20.19365],[86.54868,20.19218],[86.54778,20.19153],[86.54693,20.19089],[86.54435,20.18889],[86.54364,20.18837],[86.54221,20.18729],[86.54124,20.18662],[86.54037,20.18599],[86.53917,20.18513],[86.53829,20.18447],[86.53723,20.18358],[86.53649,20.18299],[86.53575,20.1824],[86.535,20.18181],[86.53442,20.18137],[86.53341,20.18046],[86.53266,20.17983],[86.53191,20.17917],[86.53099,20.17841],[86.52958,20.17729],[86.52863,20.17638],[86.52798,20.17582],[86.52711,20.17495],[86.52572,20.17367],[86.52356,20.17122],[86.52267,20.17017],[86.52216,20.16955],[86.52168,20.169],[86.52023,20.16715],[86.51937,20.16588],[86.5179,20.16396],[86.5174,20.16322],[86.51684,20.16239],[86.51561,20.16059],[86.51522,20.1601],[86.5147,20.15937],[86.51377,20.158],[86.51325,20.15725],[86.513,20.15692],[86.51243,20.15605],[86.51169,20.15491],[86.51104,20.15379],[86.51051,20.15312],[86.51013,20.15251],[86.50961,20.15166],[86.50905,20.15083],[86.5087,20.15014],[86.50764,20.1485],[86.50694,20.14736],[86.50667,20.14694],[86.50643,20.14632],[86.50612,20.14559],[86.50593,20.14524],[86.50527,20.14389],[86.50441,20.14252],[86.50391,20.14179],[86.50357,20.14134],[86.50317,20.14073],[86.50298,20.14041],[86.50258,20.13987],[86.50217,20.13905],[86.50193,20.13858],[86.50168,20.1382],[86.50143,20.1375],[86.50109,20.13634],[86.50076,20.13541],[86.50029,20.13485],[86.50002,20.13441],[86.49934,20.13316],[86.49855,20.13174],[86.49781,20.13073],[86.49747,20.13017],[86.49708,20.12916],[86.49639,20.1282],[86.49607,20.12768],[86.49547,20.12679],[86.49477,20.1259],[86.49412,20.12509],[86.49359,20.12423],[86.49314,20.12353],[86.49274,20.1229],[86.49206,20.12189],[86.49164,20.12149],[86.49141,20.12124],[86.49123,20.12079],[86.4909,20.12002],[86.49038,20.11929],[86.49007,20.11876],[86.4889,20.11739],[86.48785,20.11608],[86.48664,20.11473],[86.48519,20.11317],[86.48425,20.11206],[86.48343,20.11114],[86.48289,20.1104],[86.48232,20.10958],[86.48182,20.10893],[86.48112,20.10809],[86.48071,20.1074],[86.48036,20.10687],[86.47997,20.10635],[86.47955,20.10556],[86.47925,20.10508],[86.47803,20.10291],[86.47783,20.10239],[86.47736,20.10171],[86.47666,20.10082],[86.47637,20.10028],[86.47573,20.09939],[86.47507,20.09853],[86.47442,20.09779],[86.47292,20.09599],[86.47229,20.09534],[86.47137,20.0943],[86.47091,20.09367],[86.47027,20.09302],[86.4693,20.09209],[86.46842,20.09125],[86.46825,20.09095],[86.46781,20.09055],[86.46757,20.09017],[86.4671,20.08978],[86.46634,20.08913],[86.46564,20.08846],[86.46513,20.08796],[86.46477,20.08757],[86.46436,20.08719],[86.46388,20.08681],[86.46339,20.08623],[86.46302,20.08586],[86.46278,20.08564],[86.46249,20.08536],[86.4618,20.08468],[86.46107,20.08396],[86.46048,20.08337],[86.45936,20.08223],[86.459,20.08182],[86.45855,20.08142],[86.45785,20.0809],[86.45735,20.08044],[86.45691,20.07995],[86.45639,20.07943],[86.45589,20.07894],[86.45468,20.07785],[86.45389,20.07709],[86.45323,20.07647],[86.45231,20.07564],[86.45174,20.07512],[86.45129,20.07465],[86.45077,20.07425],[86.4502,20.07369],[86.44964,20.07322],[86.44896,20.07267],[86.44867,20.07237],[86.44835,20.07201],[86.44803,20.07181],[86.44777,20.07153],[86.44729,20.07109],[86.44692,20.07071],[86.44638,20.07021],[86.44618,20.06997],[86.44575,20.0696],[86.44538,20.06915],[86.44474,20.0686],[86.44426,20.06808],[86.44379,20.06763],[86.44355,20.06738],[86.44329,20.0672],[86.4429,20.06688],[86.44261,20.06652],[86.44241,20.06624],[86.44214,20.06588],[86.44182,20.06552],[86.44135,20.06517],[86.4411,20.06489],[86.4409,20.06464],[86.44067,20.06439],[86.44044,20.0641],[86.44009,20.06372],[86.43978,20.06339],[86.43895,20.0622],[86.43814,20.06128],[86.4375,20.06061],[86.43709,20.06002],[86.43675,20.05949],[86.4364,20.05878],[86.43584,20.05787],[86.43537,20.05718],[86.43488,20.05634],[86.43421,20.05519],[86.43365,20.05457],[86.43313,20.0541],[86.4321,20.05303],[86.43116,20.05238],[86.43015,20.05188],[86.43061,20.04773],[86.43053,20.04725],[86.43032,20.04633],[86.42983,20.04484],[86.42933,20.0438],[86.4289,20.04291],[86.42808,20.0416],[86.4276,20.04076],[86.42702,20.0399],[86.42636,20.03889],[86.42591,20.03797],[86.42559,20.03735],[86.42467,20.03568],[86.42418,20.03465],[86.42379,20.03405],[86.42326,20.03271],[86.42118,20.0294],[86.41981,20.02614],[86.4194,20.02416],[86.41878,20.02186],[86.41797,20.01934],[86.41748,20.01756],[86.41703,20.01669],[86.41655,20.01632],[86.41545,20.01624],[86.41463,20.01607],[86.41427,20.01556],[86.41366,20.01436],[86.41267,20.01158],[86.41222,20.00995],[86.41205,20.00938],[86.4119,20.00819],[86.41183,20.0078],[86.41173,20.0075],[86.41134,20.00517],[86.41116,20.00444],[86.4112,20.00393],[86.41129,20.00323],[86.41132,20.00243],[86.41117,20.00157],[86.41112,20.00093],[86.41111,20.00017],[86.41106,19.99959],[86.41098,19.99901],[86.41094,19.99845],[86.41098,19.99808],[86.41068,19.99743],[86.40957,19.99589],[86.40922,19.99547],[86.40849,19.99519],[86.40759,19.99508],[86.40661,19.99478],[86.40537,19.99415],[86.40322,19.9926],[86.40213,19.9917],[86.40207,19.99149],[86.40212,19.99126],[86.40211,19.99096],[86.40131,19.99038],[86.40066,19.98975],[86.40027,19.98962],[86.40008,19.98946],[86.39981,19.98912],[86.39919,19.9889],[86.39774,19.98771],[86.39632,19.98642],[86.39577,19.98596],[86.39482,19.98513],[86.39365,19.98415],[86.39292,19.98341],[86.39204,19.98245],[86.39145,19.98153],[86.39125,19.98095],[86.39088,19.98031],[86.39077,19.98005],[86.39082,19.97983],[86.39062,19.97964],[86.38992,19.97937],[86.3895,19.97913],[86.38889,19.97865],[86.3883,19.97833],[86.3878,19.97799],[86.38746,19.97786],[86.3869,19.97799],[86.38652,19.97814],[86.38617,19.97843],[86.37856,19.96836],[86.37252,19.96035],[86.37261,19.95989],[86.37251,19.95953],[86.37232,19.95907],[86.3717,19.95851],[86.37081,19.95806],[86.36919,19.95732],[86.36834,19.95702],[86.36773,19.95686],[86.36739,19.95675],[86.36707,19.95659],[86.36638,19.95617],[86.36561,19.95576],[86.36496,19.95545],[86.36245,19.95418],[86.36194,19.95403],[86.36129,19.95378],[86.36033,19.95362],[86.35983,19.9535],[86.35966,19.95341],[86.35938,19.95319],[86.35921,19.9531],[86.35898,19.95321],[86.35862,19.95326],[86.35828,19.95311],[86.35785,19.95293],[86.35747,19.95282],[86.35733,19.95269],[86.35728,19.95263],[86.35714,19.95257],[86.35705,19.95256],[86.35689,19.95257],[86.35672,19.95257],[86.35654,19.95251],[86.35628,19.95244],[86.35603,19.95239],[86.35565,19.95229],[86.35532,19.95222],[86.35504,19.95211],[86.35469,19.95198],[86.35438,19.95188],[86.35403,19.95177],[86.35352,19.95162],[86.35309,19.95151],[86.35273,19.95141],[86.35167,19.95116],[86.35059,19.95097],[86.34875,19.95056],[86.34735,19.95015],[86.34654,19.94995],[86.34585,19.94979],[86.3453,19.94958],[86.34459,19.94942],[86.34398,19.94928],[86.34278,19.94901],[86.34166,19.94867],[86.3402,19.94833],[86.33942,19.94811],[86.33735,19.94759],[86.33388,19.94663],[86.33145,19.94598],[86.32866,19.94518],[86.32702,19.94473],[86.32416,19.94399],[86.32016,19.94284],[86.31929,19.94253],[86.31741,19.94189],[86.31591,19.94142],[86.31522,19.9412],[86.31463,19.94096],[86.3125,19.94032],[86.31154,19.93998],[86.31022,19.93954],[86.30944,19.93926],[86.30875,19.939],[86.30559,19.93788],[86.30487,19.9377],[86.30251,19.93686],[86.30188,19.9366],[86.29901,19.93558],[86.29793,19.93518],[86.29701,19.93484],[86.29495,19.93412],[86.29401,19.93374],[86.29353,19.93355],[86.2923,19.93311],[86.29166,19.93289],[86.29058,19.93249],[86.28822,19.93152],[86.28619,19.93071],[86.28368,19.92958],[86.28254,19.92912],[86.28055,19.92829],[86.27967,19.92786],[86.27879,19.9275],[86.27784,19.92703],[86.27708,19.9267],[86.27431,19.9254],[86.27323,19.92483],[86.2707,19.92361],[86.26895,19.92273],[86.2656,19.92129],[86.26391,19.92044],[86.26233,19.91945],[86.26099,19.91841],[86.26001,19.91761],[86.25905,19.91698],[86.25747,19.91633],[86.25483,19.91546],[86.25296,19.91474],[86.251,19.91382],[86.24966,19.91321],[86.24919,19.91306],[86.24858,19.91279],[86.2482,19.91266],[86.24774,19.91236],[86.24728,19.91208],[86.24684,19.912],[86.24647,19.91181],[86.24565,19.91139],[86.24495,19.91108],[86.24399,19.91042],[86.24345,19.91016],[86.24295,19.90988],[86.24267,19.90973],[86.24243,19.90956],[86.24214,19.90945],[86.2417,19.90922],[86.24139,19.90906],[86.24103,19.90886],[86.24045,19.90856],[86.24006,19.90838],[86.23951,19.90812],[86.23888,19.9078],[86.23811,19.90744],[86.23786,19.90729],[86.2373,19.90695],[86.23669,19.90652],[86.23636,19.90622],[86.23605,19.90601],[86.2342,19.90422],[86.23313,19.90382],[86.23284,19.90369],[86.23144,19.90306],[86.22925,19.90237],[86.22824,19.90197],[86.22665,19.90134],[86.22524,19.90072],[86.2235,19.90014],[86.22213,19.89963],[86.22087,19.89919],[86.21957,19.89871],[86.21737,19.89799],[86.21662,19.89773],[86.21564,19.8974],[86.21426,19.89684],[86.21228,19.89619],[86.21132,19.8958],[86.21009,19.89537],[86.20937,19.89512],[86.2082,19.89478],[86.20682,19.89432],[86.20562,19.89388],[86.20438,19.89345],[86.2032,19.89302],[86.20198,19.89262],[86.20032,19.89204],[86.19836,19.89142],[86.19693,19.89089],[86.19525,19.89028],[86.19401,19.88993],[86.19276,19.88948],[86.1909,19.88893],[86.19014,19.88865],[86.18949,19.88849],[86.18671,19.88759],[86.18487,19.887],[86.18128,19.88593],[86.17895,19.88514],[86.17621,19.88436],[86.17537,19.88407],[86.17395,19.88358],[86.17207,19.88301],[86.17032,19.88248],[86.16872,19.882],[86.16767,19.88163],[86.16646,19.88128],[86.16579,19.88113],[86.16443,19.88068],[86.16231,19.88004],[86.16018,19.87937],[86.15761,19.87857],[86.15567,19.87791],[86.15281,19.87698],[86.15117,19.87653],[86.14984,19.87611],[86.1482,19.87558],[86.14537,19.87475],[86.14416,19.87441],[86.14148,19.87361],[86.13982,19.87313],[86.13796,19.87256],[86.1358,19.8719],[86.13365,19.87124],[86.1315,19.87066],[86.12975,19.87015],[86.12634,19.86918],[86.12097,19.86762],[86.11687,19.86653],[86.1155,19.86614],[86.11227,19.86523],[86.10895,19.86432],[86.10161,19.86231],[86.09915,19.86177],[86.096,19.86096],[86.09264,19.8601],[86.09145,19.85976],[86.09084,19.85961],[86.09031,19.85946],[86.08984,19.85933],[86.0873,19.8586],[86.08642,19.85836],[86.08537,19.85807],[86.08347,19.85751],[86.08236,19.8572],[86.08123,19.85702],[86.08054,19.85692],[86.07927,19.8564],[86.07861,19.85608],[86.07789,19.85586],[86.07716,19.85602],[86.07703,19.85611],[86.07666,19.85569],[86.07638,19.85562],[86.07592,19.85519],[86.07399,19.855],[86.07241,19.85443],[86.0716,19.85418],[86.07072,19.85393],[86.069,19.85341],[86.06845,19.85317],[86.06751,19.85306],[86.06658,19.85273],[86.06548,19.85233],[86.06356,19.85182],[86.06214,19.8514],[86.06096,19.85123],[86.05976,19.85093],[86.05938,19.85087],[86.05863,19.85069],[86.05761,19.85045],[86.05664,19.85012],[86.05502,19.84971],[86.05387,19.84938],[86.05034,19.84849],[86.04418,19.84696],[86.04238,19.84657],[86.04048,19.84612],[86.03906,19.84583],[86.03755,19.84551],[86.03663,19.8453],[86.03576,19.84509],[86.03483,19.84487],[86.03374,19.84474],[86.03174,19.84439],[86.03005,19.84396],[86.02823,19.84363],[86.0268,19.84334],[86.02251,19.84254],[86.01946,19.84193],[86.01715,19.84147],[86.01401,19.84081],[86.00904,19.83982],[86.00389,19.83879],[86.0014,19.83829],[85.99927,19.8379],[85.99748,19.83756],[85.9937,19.83687],[85.9916,19.83647],[85.98843,19.83585],[85.98627,19.83541],[85.98308,19.83484],[85.9771,19.83378],[85.97442,19.83329],[85.97286,19.83303],[85.97154,19.83279],[85.96931,19.83237],[85.96759,19.83206],[85.96563,19.8317],[85.96348,19.83134],[85.96182,19.83098],[85.95993,19.83069],[85.95791,19.83031],[85.95491,19.82969],[85.95154,19.82909],[85.94922,19.82859],[85.94803,19.82837],[85.94733,19.8282],[85.94664,19.82802],[85.94599,19.82792],[85.94547,19.82781],[85.94472,19.82766],[85.94382,19.82746],[85.94249,19.82715],[85.94035,19.82662],[85.93945,19.82639],[85.93806,19.82601],[85.93674,19.82565],[85.9363,19.82556],[85.93571,19.82539],[85.93489,19.82516],[85.93464,19.82508],[85.93427,19.82496],[85.93343,19.82473],[85.93218,19.82437],[85.93178,19.82422],[85.93123,19.82406],[85.93053,19.82383],[85.92965,19.82351],[85.92875,19.82328],[85.92697,19.82271],[85.92555,19.82221],[85.92451,19.82182],[85.9242,19.82166],[85.92298,19.82123],[85.92236,19.82103],[85.92187,19.82084],[85.92156,19.8207],[85.92109,19.82056],[85.92025,19.82016],[85.91614,19.81889],[85.91297,19.81808],[85.90964,19.81733],[85.90702,19.81674],[85.90491,19.81626],[85.9025,19.81563],[85.90133,19.81535],[85.89944,19.81495],[85.89781,19.81452],[85.89507,19.8138],[85.89314,19.8133],[85.89208,19.81307],[85.89086,19.81277],[85.88831,19.81214],[85.8866,19.81168],[85.88385,19.81098],[85.8819,19.8105],[85.87935,19.80981],[85.87591,19.80895],[85.87426,19.80849],[85.87138,19.80767],[85.87075,19.8075],[85.8698,19.80725],[85.86859,19.80696],[85.86778,19.80674],[85.86579,19.80619],[85.86378,19.80565],[85.86181,19.80516],[85.86066,19.80484],[85.85925,19.80441],[85.85814,19.80406],[85.85642,19.80358],[85.85372,19.80282],[85.8512,19.80215],[85.84663,19.80088],[85.84378,19.8001],[85.84208,19.79961],[85.84068,19.79925],[85.83908,19.79878],[85.83713,19.79821],[85.83613,19.7979],[85.83484,19.79752],[85.8333,19.79708],[85.8323,19.79676],[85.83034,19.79618],[85.82912,19.79584],[85.82848,19.79563],[85.82631,19.79498],[85.82402,19.79431],[85.82168,19.79363],[85.81963,19.79299],[85.8178,19.79246],[85.81603,19.79196],[85.81353,19.79115],[85.81099,19.79033],[85.80901,19.78971],[85.80776,19.78934],[85.80627,19.78891],[85.80462,19.78843],[85.80296,19.78797],[85.80123,19.78738],[85.80008,19.78699],[85.7961,19.78569],[85.79446,19.78516],[85.79287,19.78462],[85.79119,19.78402],[85.78799,19.78288],[85.78664,19.78244],[85.78621,19.78225],[85.78519,19.78172],[85.78481,19.78153],[85.78389,19.78111],[85.78347,19.78084],[85.78328,19.78076],[85.78241,19.78062],[85.78175,19.78032],[85.78111,19.78009],[85.78067,19.77985],[85.78031,19.7797],[85.77887,19.77911],[85.77767,19.7787],[85.77466,19.77764],[85.77424,19.7775],[85.77344,19.77726],[85.77237,19.77687],[85.77127,19.77649],[85.7704,19.77615],[85.76931,19.77577],[85.76856,19.77547],[85.76743,19.77502],[85.7665,19.77464],[85.76607,19.7745],[85.7646,19.77403],[85.76367,19.77371],[85.76293,19.7735],[85.76208,19.7732],[85.76138,19.77294],[85.76055,19.77265],[85.7598,19.77236],[85.7588,19.77199],[85.75807,19.77173],[85.75722,19.77141],[85.75651,19.77114],[85.75613,19.77105],[85.75554,19.77087],[85.75477,19.77067],[85.75372,19.77029],[85.75259,19.76989],[85.75227,19.76976],[85.75206,19.76971],[85.75134,19.76945],[85.75073,19.76921],[85.75051,19.76911],[85.75022,19.769],[85.74984,19.76891],[85.74933,19.76877],[85.74854,19.76848],[85.74795,19.76825],[85.74701,19.76793],[85.74664,19.76782],[85.74631,19.76775],[85.74591,19.76761],[85.74452,19.76717],[85.74377,19.76696],[85.74323,19.76671],[85.74232,19.76635],[85.74166,19.76611],[85.74111,19.76595],[85.74053,19.76579],[85.74033,19.76572],[85.73984,19.76554],[85.73914,19.76533],[85.73859,19.76518],[85.73799,19.76503],[85.73769,19.7649],[85.73702,19.76466],[85.73648,19.76445],[85.73539,19.76409],[85.73458,19.76376],[85.7341,19.76359],[85.73286,19.76311],[85.73186,19.76277],[85.73092,19.76248],[85.73017,19.76227],[85.72905,19.76184],[85.72793,19.76143],[85.72682,19.76105],[85.726,19.76076],[85.72529,19.76053],[85.72467,19.7603],[85.72342,19.7599],[85.72204,19.75942],[85.72103,19.75908],[85.72022,19.75879],[85.71913,19.75835],[85.71795,19.75796],[85.71672,19.75756],[85.7151,19.75702],[85.71436,19.7568],[85.7133,19.75647],[85.7122,19.75607],[85.71133,19.75584],[85.71054,19.75551],[85.70946,19.75515],[85.70895,19.75501],[85.70823,19.75473],[85.70752,19.75446],[85.7069,19.75426],[85.70645,19.75411],[85.70594,19.75394],[85.70481,19.75355],[85.70407,19.75332],[85.70334,19.75309],[85.70248,19.7527],[85.70126,19.75227],[85.70008,19.75182],[85.69919,19.7515],[85.69836,19.75126],[85.69782,19.75111],[85.69659,19.7507],[85.69614,19.75054],[85.6957,19.75037],[85.69546,19.75027],[85.69523,19.75018],[85.6951,19.75013],[85.695,19.75009],[85.69465,19.74995],[85.6943,19.74981],[85.69406,19.74971],[85.69382,19.74962],[85.69341,19.74946],[85.69312,19.74935],[85.69287,19.74925],[85.69242,19.7491],[85.69203,19.74898],[85.69164,19.74886],[85.69131,19.74875],[85.69098,19.74864],[85.69048,19.74847],[85.69018,19.74834],[85.68994,19.74823],[85.68873,19.74778],[85.68789,19.74749],[85.68726,19.74725],[85.68651,19.74692],[85.68599,19.74671],[85.68559,19.74658],[85.68452,19.7462],[85.68355,19.74586],[85.68276,19.74557],[85.6822,19.74535],[85.68163,19.74513],[85.68112,19.74493],[85.68071,19.74475],[85.6797,19.74433],[85.6785,19.74382],[85.67759,19.74344],[85.67671,19.74308],[85.67576,19.7427],[85.67458,19.74223],[85.67345,19.74176],[85.67282,19.74151],[85.67242,19.74138],[85.67186,19.74114],[85.67061,19.74056],[85.66948,19.74003],[85.66901,19.73985],[85.66849,19.73961],[85.66788,19.73932],[85.66707,19.73899],[85.66564,19.73835],[85.66475,19.738],[85.66423,19.73778],[85.66322,19.7374],[85.66276,19.73722],[85.66166,19.73668],[85.66093,19.73642],[85.6606,19.73628],[85.65984,19.73588],[85.65862,19.73531],[85.65813,19.73502],[85.65759,19.73481],[85.65662,19.73436],[85.65516,19.73367],[85.6541,19.73325],[85.65363,19.73304],[85.65289,19.73268],[85.65205,19.73231],[85.64946,19.73109],[85.64816,19.73056],[85.64595,19.72951],[85.64355,19.72845],[85.64201,19.72772],[85.64055,19.72701],[85.63893,19.72618],[85.63808,19.72584],[85.63599,19.72497],[85.63249,19.72338],[85.6285,19.72145],[85.6267,19.72057],[85.62426,19.71933],[85.62354,19.71893],[85.62254,19.71847],[85.6208,19.71765],[85.619,19.71677],[85.61693,19.71585],[85.61519,19.71505],[85.61333,19.71417],[85.61133,19.71357],[85.60904,19.71262],[85.60649,19.71147],[85.60479,19.71064],[85.60281,19.70983],[85.60074,19.70892],[85.59907,19.70807],[85.59709,19.70722],[85.59475,19.70624],[85.59221,19.70518],[85.58957,19.70412],[85.58662,19.70292],[85.58036,19.70006],[85.57419,19.69775],[85.57174,19.69771],[85.56527,19.69334],[85.56411,19.69271],[85.56277,19.69245],[85.55954,19.69064],[85.56004,19.68979],[85.55967,19.68894],[85.55649,19.6869],[85.55213,19.68449],[85.543,19.67956],[85.54123,19.67852],[85.54014,19.67793],[85.53918,19.67746],[85.53865,19.67713],[85.53818,19.67686],[85.53792,19.67665],[85.53771,19.67647],[85.53692,19.67601],[85.5363,19.67563],[85.53568,19.67515],[85.53517,19.67483],[85.53454,19.67447],[85.53387,19.6741],[85.53325,19.6737],[85.53273,19.67336],[85.53205,19.67297],[85.53159,19.67273],[85.53075,19.67228],[85.53015,19.67191],[85.52958,19.67163],[85.52931,19.67146],[85.52863,19.67105],[85.52802,19.67073],[85.52757,19.67048],[85.52689,19.66991],[85.52571,19.66928],[85.52515,19.66897],[85.5249,19.66885],[85.52435,19.66848],[85.52349,19.66796],[85.52246,19.6674],[85.5213,19.66677],[85.5202,19.66628],[85.51963,19.66596],[85.51907,19.66569],[85.51843,19.6654],[85.51788,19.66513],[85.51742,19.6649],[85.51694,19.66463],[85.51654,19.66441],[85.5161,19.66419],[85.51591,19.66409],[85.51535,19.66387],[85.51476,19.66359],[85.51396,19.66329],[85.51281,19.6628],[85.51175,19.6624],[85.51086,19.66204],[85.5093,19.66137],[85.50779,19.66073],[85.50675,19.66016],[85.50272,19.65859],[85.50117,19.65793],[85.50023,19.65752],[85.49858,19.65682],[85.49674,19.6561],[85.49563,19.65568],[85.49471,19.65531],[85.49294,19.65453],[85.49194,19.65413],[85.49119,19.65383],[85.48723,19.65221],[85.48602,19.65174],[85.48354,19.65068],[85.48289,19.65041],[85.48177,19.65],[85.48108,19.64972],[85.47917,19.64888],[85.47736,19.64816],[85.4762,19.64766],[85.47439,19.64694],[85.47325,19.64643],[85.4724,19.64605],[85.47075,19.64544],[85.47001,19.64511],[85.46666,19.64369],[85.46493,19.64301],[85.46408,19.64265],[85.46171,19.64162],[85.45991,19.64086],[85.45685,19.63953],[85.45537,19.63892],[85.45443,19.63854],[85.45406,19.63836],[85.45356,19.63813],[85.45293,19.6379],[85.4524,19.63767],[85.44956,19.63648],[85.4478,19.6357],[85.44741,19.63552],[85.44692,19.63531],[85.44629,19.63504],[85.44518,19.63456],[85.44454,19.63431],[85.4439,19.63406],[85.44341,19.63384],[85.44232,19.63337],[85.44152,19.63302],[85.44058,19.63262],[85.43972,19.63224],[85.4389,19.63189],[85.43821,19.63159],[85.4378,19.63139],[85.43739,19.63118],[85.437,19.631],[85.4369,19.63095],[85.43679,19.6309],[85.43668,19.63085],[85.43659,19.63081],[85.43649,19.63076],[85.43641,19.63072],[85.43632,19.63068],[85.43619,19.63063],[85.4361,19.63059],[85.43602,19.63055],[85.4359,19.6305],[85.43581,19.63046],[85.43572,19.63042],[85.43563,19.63038],[85.43555,19.63035],[85.43548,19.63032],[85.43542,19.6303],[85.43537,19.63027],[85.43526,19.63023],[85.43471,19.62999],[85.43302,19.62926],[85.43193,19.62879],[85.43063,19.62826],[85.42979,19.62782],[85.42776,19.62687],[85.42464,19.62542],[85.42279,19.62455],[85.41996,19.62324],[85.41654,19.62153],[85.41366,19.62015],[85.4124,19.61956],[85.41142,19.61909],[85.40897,19.61787],[85.40745,19.61711],[85.40414,19.6154],[85.4024,19.61446],[85.40136,19.61391],[85.40025,19.61341],[85.39735,19.61188],[85.39533,19.61088],[85.39323,19.6098],[85.39229,19.60928],[85.39136,19.60885],[85.38956,19.60794],[85.38853,19.60739],[85.3873,19.60679],[85.38635,19.60625],[85.38418,19.60511],[85.38242,19.60412],[85.38136,19.60365],[85.3805,19.60325],[85.37974,19.60281],[85.37856,19.60222],[85.37774,19.60182],[85.37665,19.60126],[85.37394,19.59983],[85.37153,19.59854],[85.36828,19.59678],[85.36728,19.59626],[85.36608,19.59565],[85.36551,19.59536],[85.36384,19.59446],[85.36299,19.59405],[85.36243,19.59369],[85.36073,19.59278],[85.35935,19.59201],[85.35865,19.59163],[85.35797,19.59115],[85.35715,19.59076],[85.35518,19.5897],[85.35347,19.58873],[85.35179,19.58775],[85.35084,19.58728],[85.3499,19.58672],[85.34721,19.58519],[85.3457,19.5843],[85.34327,19.58283],[85.34244,19.58241],[85.33803,19.57989],[85.33683,19.57927],[85.33605,19.5788],[85.33446,19.57787],[85.33337,19.57723],[85.33267,19.57677],[85.33148,19.57606],[85.33036,19.5754],[85.32848,19.57428],[85.32645,19.57302],[85.32569,19.5725],[85.32453,19.57183],[85.32352,19.5712],[85.32176,19.57003],[85.32065,19.56931],[85.31981,19.56873],[85.31893,19.56814],[85.31797,19.56755],[85.31675,19.56678],[85.31528,19.56595],[85.31297,19.56456],[85.30988,19.5626],[85.30779,19.56127],[85.30722,19.5609],[85.30678,19.56064],[85.30461,19.55921],[85.30205,19.55765],[85.29819,19.55517],[85.29627,19.55406],[85.29463,19.553],[85.29383,19.5525],[85.29249,19.55156],[85.29033,19.55014],[85.28833,19.54888],[85.28761,19.54842],[85.2866,19.54771],[85.28586,19.54717],[85.285,19.5466],[85.28447,19.54626],[85.28396,19.54592],[85.28346,19.54558],[85.2821,19.54458],[85.2817,19.54431],[85.28081,19.54362],[85.28023,19.54328],[85.2797,19.543],[85.27889,19.54248],[85.27845,19.54215],[85.27805,19.54178],[85.2768,19.54097],[85.27623,19.54059],[85.27552,19.54017],[85.27445,19.53941],[85.27402,19.53907],[85.27353,19.5386],[85.27305,19.53826],[85.27172,19.53742],[85.27088,19.53687],[85.27019,19.53642],[85.26863,19.53516],[85.2682,19.53478],[85.26697,19.53376],[85.2665,19.5335],[85.26454,19.532],[85.26417,19.53181],[85.26385,19.53163],[85.26333,19.53128],[85.26231,19.5304],[85.26156,19.52987],[85.26029,19.52891],[85.25971,19.52851],[85.25837,19.52753],[85.25719,19.52668],[85.25651,19.52619],[85.25562,19.52551],[85.2517,19.52274],[85.2503,19.52183],[85.24861,19.52069],[85.24697,19.51953],[85.24536,19.51842],[85.24399,19.51744],[85.24249,19.51646],[85.24089,19.51541],[85.2403,19.515],[85.23989,19.51469],[85.23773,19.51311],[85.23694,19.51254],[85.23619,19.51201],[85.23518,19.51133],[85.23158,19.50881],[85.22724,19.50568],[85.22627,19.50505],[85.22552,19.50455],[85.22481,19.50402],[85.22445,19.50375],[85.22363,19.50313],[85.22259,19.50238],[85.22195,19.50192],[85.22074,19.50112],[85.21806,19.49923],[85.21547,19.49736],[85.21207,19.495],[85.21137,19.49456],[85.21052,19.49397],[85.20888,19.49279],[85.20778,19.49203],[85.20733,19.49175],[85.20681,19.49142],[85.20598,19.49082],[85.20535,19.49038],[85.20399,19.48941],[85.19847,19.48546],[85.19718,19.48455],[85.19629,19.48396],[85.19543,19.48341],[85.19361,19.48218],[85.19279,19.48161],[85.19101,19.48043],[85.18999,19.47966],[85.18842,19.47859],[85.18702,19.47766],[85.18584,19.4769],[85.18438,19.47577],[85.18155,19.47388],[85.17928,19.47233],[85.17859,19.47187],[85.1774,19.47107],[85.17584,19.47002],[85.17505,19.46944],[85.17226,19.46754],[85.17182,19.46717],[85.16916,19.46532],[85.16848,19.4648],[85.16767,19.46425],[85.16621,19.46314],[85.16524,19.4624],[85.16423,19.46149],[85.16318,19.46073],[85.16094,19.45913],[85.15962,19.4581],[85.15831,19.45712],[85.15768,19.45673],[85.15683,19.45607],[85.15647,19.45575],[85.15606,19.45546],[85.15453,19.45432],[85.15318,19.45328],[85.15124,19.45197],[85.15075,19.45159],[85.15031,19.45125],[85.15002,19.45106],[85.14896,19.45034],[85.14811,19.44963],[85.14761,19.44924],[85.14661,19.44857],[85.14546,19.44769],[85.14418,19.44667],[85.14298,19.44573],[85.14252,19.44528],[85.14171,19.44471],[85.1411,19.44423],[85.14056,19.44372],[85.13944,19.44294],[85.13852,19.44226],[85.13775,19.44152],[85.13638,19.44037],[85.13563,19.43975],[85.13493,19.43927],[85.13427,19.43865],[85.13324,19.43795],[85.13179,19.43675],[85.13128,19.43631],[85.12932,19.43472],[85.12826,19.43376],[85.12713,19.43288],[85.12624,19.43215],[85.12532,19.43141],[85.12414,19.43044],[85.12349,19.42993],[85.12268,19.42926],[85.12173,19.42851],[85.1207,19.42769],[85.11996,19.42712],[85.1188,19.42622],[85.11806,19.42563],[85.11727,19.42507],[85.11646,19.42442],[85.11439,19.42278],[85.11292,19.42158],[85.11156,19.42044],[85.10985,19.41916],[85.10888,19.41835],[85.10739,19.41707],[85.1069,19.41667],[85.10574,19.41569],[85.10371,19.41395],[85.10276,19.41317],[85.10212,19.41255],[85.10101,19.41163],[85.10024,19.41086],[85.09947,19.40969],[85.09944,19.40904],[85.09941,19.40872],[85.09879,19.40872],[85.09813,19.40849],[85.09746,19.40793],[85.09638,19.40695],[85.09503,19.40559],[85.09401,19.40438],[85.09361,19.40369],[85.09332,19.40297],[85.09264,19.40145],[85.09383,19.40155],[85.09506,19.4024],[85.09156,19.38858],[85.09101,19.38714],[85.09081,19.38656],[85.09042,19.38549],[85.0899,19.38427],[85.08918,19.38287],[85.08852,19.38184],[85.08734,19.38016],[85.08558,19.37823],[85.08151,19.37503],[85.08058,19.37441],[85.0795,19.37373],[85.07839,19.3742],[85.07787,19.37405],[85.0785,19.37326],[85.07824,19.37312],[85.07681,19.37218],[85.07507,19.37103],[85.07344,19.37021],[85.07217,19.3696],[85.07101,19.36891],[85.06915,19.36783],[85.06737,19.36707],[85.06627,19.36628],[85.06403,19.36507],[85.02641,19.34443],[85.02537,19.34386],[85.02402,19.34308],[85.0215,19.34166],[85.02076,19.34121],[85.01978,19.34066],[85.01877,19.34012],[85.0176,19.33945],[85.01698,19.3391],[85.01618,19.33865],[85.01526,19.33812],[85.01484,19.33787],[85.01432,19.33759],[85.01342,19.33706],[85.01243,19.33646],[85.01133,19.33583],[85.0103,19.33523],[85.00923,19.33457],[85.00744,19.33347],[85.00648,19.33293],[85.00569,19.33247],[85.00487,19.33199],[85.00391,19.33144],[85.00304,19.33104],[85.00212,19.33046],[85.00093,19.32975],[84.99938,19.3288],[84.99837,19.32816],[84.99719,19.32745],[84.99615,19.32679],[84.99416,19.32559],[84.99261,19.32468],[84.99236,19.32451],[84.99217,19.3244],[84.99198,19.32428],[84.99126,19.32381],[84.99005,19.32305],[84.9892,19.32256],[84.9882,19.32193],[84.98728,19.32137],[84.98652,19.32086],[84.98604,19.32057],[84.98563,19.32023],[84.98533,19.31991],[84.98528,19.31983],[84.98532,19.31963],[84.98527,19.31955],[84.98431,19.31909],[84.98367,19.31872],[84.98351,19.31855],[84.98345,19.31843],[84.98335,19.31829],[84.9831,19.31818],[84.98277,19.31804],[84.98217,19.31774],[84.98176,19.3172],[84.98065,19.3166],[84.98055,19.31642],[84.98044,19.3163],[84.98027,19.31621],[84.97955,19.31582],[84.97928,19.31554],[84.97922,19.31531],[84.9792,19.31517],[84.97913,19.31508],[84.97903,19.31502],[84.97883,19.31491],[84.97804,19.31448],[84.97791,19.31435],[84.9775,19.31406],[84.97597,19.31324],[84.97408,19.31194],[84.97385,19.31147],[84.97336,19.31117],[84.97267,19.31082],[84.97203,19.31039],[84.97195,19.31012],[84.97172,19.31007],[84.97146,19.30997],[84.97084,19.30954],[84.97017,19.3091],[84.96851,19.30787],[84.96736,19.30705],[84.96672,19.30647],[84.96623,19.30584],[84.96565,19.30509],[84.96552,19.30482],[84.96549,19.30458],[84.96558,19.30415],[84.9655,19.30394],[84.96538,19.30381],[84.96534,19.30377],[84.9644,19.30299],[84.96513,19.30208],[84.96506,19.302],[84.96467,19.30158],[84.96467,19.30147],[84.965,19.30096],[84.96602,19.29987],[84.96581,19.29971],[84.96559,19.29992],[84.96549,19.29997],[84.96482,19.29974],[84.96384,19.29927],[84.96262,19.29848],[84.96199,19.2981],[84.96135,19.29755],[84.96076,19.29698],[84.96033,19.29639],[84.95968,19.29557],[84.95915,19.29474],[84.95844,19.29325],[84.95942,19.29208],[84.95946,19.29198],[84.95947,19.2919],[84.95944,19.29181],[84.95938,19.29173],[84.95929,19.29167],[84.95919,19.29165],[84.95909,19.29166],[84.959,19.29171],[84.95893,19.29178],[84.95882,19.29197],[84.95865,19.29239],[84.95846,19.29264],[84.95806,19.29251],[84.95776,19.2929],[84.95805,19.2932],[84.95698,19.29446],[84.95681,19.29458],[84.95663,19.29472],[84.95642,19.29482],[84.95617,19.29486],[84.95591,19.29484],[84.95566,19.29476],[84.9543,19.29379],[84.95346,19.29324],[84.95247,19.29256],[84.95188,19.29216],[84.95138,19.29183],[84.95072,19.29141],[84.94953,19.29053],[84.94726,19.28901],[84.94738,19.28816],[84.94762,19.28764],[84.94791,19.28732],[84.9507,19.28589],[84.95406,19.28415],[84.95451,19.284],[84.95514,19.28397],[84.95572,19.28405],[84.95633,19.28428],[84.95797,19.28497],[84.95911,19.2856],[84.96225,19.28701],[84.96411,19.28783],[84.96468,19.2882],[84.96483,19.28826],[84.96498,19.28829],[84.9651,19.28827],[84.96519,19.2882],[84.96526,19.28811],[84.96527,19.28802],[84.96524,19.28791],[84.96514,19.2878],[84.96248,19.28671],[84.96196,19.28626],[84.96171,19.28605],[84.96138,19.28588],[84.95911,19.28499],[84.95693,19.28386],[84.95659,19.28377],[84.95588,19.28352],[84.95516,19.28344],[84.95413,19.28356],[84.95371,19.2837],[84.95212,19.28465],[84.95176,19.28488],[84.9516,19.28498],[84.95151,19.28497],[84.95138,19.28504],[84.95129,19.28501],[84.95117,19.28505],[84.95102,19.28512],[84.95089,19.28524],[84.95078,19.28535],[84.95071,19.2854],[84.9506,19.28551],[84.95051,19.28551],[84.95036,19.28544],[84.95041,19.2853],[84.95047,19.28512],[84.95055,19.28504],[84.95061,19.28499],[84.95065,19.28496],[84.95068,19.28492],[84.95071,19.28487],[84.95088,19.28475],[84.95109,19.28468],[84.95119,19.28465],[84.95133,19.28446],[84.95155,19.28437],[84.95163,19.28428],[84.95221,19.28396],[84.9523,19.2839],[84.95235,19.28377],[84.95243,19.28367],[84.95238,19.28359],[84.95226,19.28362],[84.95212,19.28369],[84.95195,19.28386],[84.95176,19.28392],[84.95164,19.28403],[84.95141,19.28416],[84.95119,19.28432],[84.95108,19.28444],[84.9509,19.28456],[84.9473,19.28302],[84.94371,19.28139],[84.93814,19.27863],[84.93225,19.27519],[84.9269,19.27164],[84.92509,19.27022],[84.92333,19.26877],[84.92117,19.26714],[84.91942,19.26558],[84.91912,19.26534],[84.91854,19.26481],[84.91812,19.26451],[84.91773,19.26447],[84.91736,19.26422],[84.9171,19.2637],[84.91674,19.26316],[84.91626,19.26269],[84.9155,19.26207],[84.91453,19.2613],[84.9142,19.26103],[84.91374,19.26067],[84.91324,19.2603],[84.91283,19.25997],[84.91246,19.25963],[84.91211,19.25935],[84.91179,19.2591],[84.91139,19.25883],[84.911,19.25854],[84.91081,19.25838],[84.91058,19.25821],[84.91028,19.25798],[84.91002,19.25773],[84.90964,19.2574],[84.90936,19.25718],[84.90914,19.25698],[84.90881,19.25676],[84.90859,19.25656],[84.90835,19.25632],[84.90824,19.25622],[84.90813,19.25613],[84.90803,19.25605],[84.90794,19.25599],[84.90785,19.25593],[84.90771,19.25583],[84.90698,19.25524],[84.90631,19.25468],[84.90591,19.25436],[84.90526,19.25383],[84.90466,19.25336],[84.90396,19.25279],[84.90372,19.25258],[84.90346,19.25235],[84.90303,19.25203],[84.90263,19.2517],[84.90212,19.25127],[84.90167,19.25091],[84.9012,19.25056],[84.9008,19.25024],[84.90046,19.25003],[84.90005,19.24973],[84.89967,19.24938],[84.89923,19.24903],[84.8989,19.24875],[84.89854,19.24841],[84.8981,19.24805],[84.89785,19.24784],[84.89757,19.24759],[84.89734,19.24734],[84.89707,19.24712],[84.89662,19.2467],[84.89641,19.24652],[84.89575,19.24593],[84.8949,19.24523],[84.89442,19.24481],[84.89413,19.24457],[84.89375,19.24426],[84.89347,19.24406],[84.89282,19.24347],[84.89232,19.24311],[84.89165,19.24254],[84.89106,19.24201],[84.89051,19.24154],[84.88987,19.24095],[84.8893,19.24042],[84.88894,19.24005],[84.88806,19.23923],[84.88751,19.23875],[84.88704,19.23834],[84.88661,19.23795],[84.88612,19.23758],[84.8854,19.23698],[84.88483,19.23641],[84.88381,19.23551],[84.88239,19.23416],[84.88182,19.23362],[84.88152,19.23343],[84.88112,19.2331],[84.88069,19.23278],[84.88043,19.23253],[84.88019,19.23227],[84.87988,19.23201],[84.87951,19.23169],[84.87913,19.23132],[84.87891,19.23111],[84.87862,19.23086],[84.87844,19.23068],[84.8782,19.23044],[84.87766,19.22978],[84.87663,19.22886],[84.87555,19.22791],[84.87492,19.22731],[84.87416,19.22665],[84.87389,19.22621],[84.87358,19.22591],[84.87301,19.22546],[84.87272,19.2252],[84.87243,19.22495],[84.87209,19.22461],[84.87185,19.22437],[84.87169,19.22425],[84.87152,19.22412],[84.87127,19.22387],[84.87103,19.22361],[84.87068,19.22331],[84.87033,19.223],[84.87006,19.22272],[84.86978,19.22245],[84.86956,19.22225],[84.86935,19.22205],[84.86915,19.22182],[84.86894,19.2216],[84.86861,19.2213],[84.8683,19.22103],[84.86809,19.22083],[84.86778,19.22053],[84.86748,19.22024],[84.86674,19.21959],[84.86598,19.21896],[84.8654,19.21847],[84.86483,19.21792],[84.86411,19.21715],[84.86352,19.21657],[84.86262,19.21572],[84.86178,19.21498],[84.86112,19.21404],[84.86049,19.21335],[84.85973,19.21275],[84.8583,19.21141],[84.85746,19.21059],[84.85629,19.20946],[84.85578,19.20895],[84.85512,19.20826],[84.85409,19.20722],[84.85349,19.20663],[84.85262,19.20567],[84.85192,19.20504],[84.85095,19.20414],[84.85013,19.2031],[84.8495,19.20246],[84.84911,19.20196],[84.84875,19.20173],[84.8481,19.20117],[84.8475,19.2005],[84.84709,19.20011],[84.84671,19.19963],[84.8462,19.19903],[84.84564,19.19837],[84.84486,19.19763],[84.84412,19.19678],[84.84353,19.19608],[84.84304,19.19562],[84.84232,19.19478],[84.84183,19.19426],[84.84118,19.19363],[84.84046,19.19281],[84.83976,19.19187],[84.83932,19.19131],[84.83882,19.19079],[84.83841,19.19014],[84.83783,19.1893],[84.83743,19.18887],[84.83707,19.18841],[84.83677,19.188],[84.83643,19.18746],[84.83584,19.18662],[84.83562,19.18641],[84.83522,19.18594],[84.83469,19.18537],[84.8341,19.18464],[84.83333,19.18368],[84.83267,19.18304],[84.83212,19.18223],[84.83152,19.18154],[84.83062,19.18059],[84.8301,19.18002],[84.82962,19.17945],[84.82926,19.17901],[84.82893,19.1786],[84.82867,19.17831],[84.82833,19.17791],[84.82778,19.17729],[84.82712,19.17661],[84.8266,19.17595],[84.82568,19.17488],[84.8252,19.17436],[84.82459,19.17363],[84.82429,19.17329],[84.82376,19.17267],[84.82262,19.17141],[84.8219,19.17063],[84.82145,19.1701],[84.8209,19.16951]]]},"properties":{"name":null,"source":"OpenStreetMap + Natural Earth","source_id":"osm_coastline","geometry_quality":"mapped_polygon"}},{"type":"Feature","geometry":{"type":"Polygon","coordinates":[[[87.05055,20.74309],[87.05024,20.74291],[87.0498,20.74278],[87.04952,20.74291],[87.04999,20.74325],[87.05065,20.74359],[87.05198,20.74399],[87.05272,20.74417],[87.05338,20.74454],[87.05452,20.74472],[87.05654,20.74441],[87.05695,20.74427],[87.05745,20.7442],[87.05818,20.74391],[87.05873,20.74354],[87.05907,20.74329],[87.05883,20.7433],[87.0586,20.74339],[87.05729,20.74393],[87.05641,20.74426],[87.05534,20.74417],[87.05291,20.74375],[87.05175,20.74351],[87.05055,20.74309]]]},"properties":{"name":null,"source":"OpenStreetMap + Natural Earth","source_id":"osm_coastline","geometry_quality":"mapped_polygon"}},{"type":"Feature","geometry":{"type":"Polygon","coordinates":[[[87.00264,20.71154],[87.00378,20.71329],[87.00503,20.71541],[87.00756,20.7196],[87.00865,20.71993],[87.00848,20.71891],[87.00741,20.71688],[87.00552,20.71343],[87.00442,20.71198],[87.00281,20.71084],[87.00228,20.71048],[87.00264,20.71154]]]},"properties":{"name":null,"source":"OpenStreetMap + Natural Earth","source_id":"osm_coastline","geometry_quality":"mapped_polygon"}},{"type":"Feature","geometry":{"type":"Polygon","coordinates":[[[86.80154,20.50982],[86.80068,20.51213],[86.80036,20.51378],[86.79995,20.51528],[86.79924,20.51637],[86.79918,20.5171],[86.79937,20.51753],[86.80086,20.51803],[86.80141,20.51831],[86.80168,20.51893],[86.8022,20.519],[86.80302,20.51792],[86.80449,20.51266],[86.80474,20.51145],[86.80493,20.50989],[86.8048,20.50832],[86.80449,20.50635],[86.80369,20.50288],[86.80298,20.50248],[86.80315,20.50493],[86.80291,20.50596],[86.80221,20.50821],[86.80154,20.50982]]]},"properties":{"name":null,"source":"OpenStreetMap + Natural Earth","source_id":"osm_coastline","geometry_quality":"mapped_polygon"}},{"type":"Feature","geometry":{"type":"Polygon","coordinates":[[[86.78966,20.39465],[86.79,20.39585],[86.79002,20.39744],[86.7898,20.40154],[86.78906,20.40327],[86.78795,20.40475],[86.78824,20.40576],[86.78943,20.40699],[86.78985,20.4079],[86.79046,20.40932],[86.79095,20.41142],[86.7911,20.41342],[86.79043,20.41672],[86.79126,20.41973],[86.79165,20.42211],[86.79159,20.42304],[86.79165,20.42345],[86.79173,20.42372],[86.79178,20.42387],[86.79189,20.42397],[86.79199,20.424],[86.79211,20.424],[86.79234,20.42386],[86.79286,20.42331],[86.79327,20.4215],[86.79332,20.42073],[86.79371,20.41986],[86.79394,20.41868],[86.79412,20.41617],[86.79442,20.41365],[86.79484,20.41267],[86.79494,20.41174],[86.79462,20.41107],[86.7931,20.408],[86.79264,20.40481],[86.79283,20.40259],[86.79343,20.40094],[86.79402,20.3987],[86.79451,20.3972],[86.79516,20.39576],[86.79553,20.39426],[86.79525,20.39273],[86.79432,20.39024],[86.79196,20.38857],[86.79013,20.38784],[86.78956,20.38766],[86.78902,20.38777],[86.78902,20.3886],[86.78933,20.39027],[86.78922,20.39261],[86.78933,20.39348],[86.78966,20.39465]]]},"properties":{"name":null,"source":"OpenStreetMap + Natural Earth","source_id":"osm_coastline","geometry_quality":"mapped_polygon"}},{"type":"Feature","geometry":{"type":"Polygon","coordinates":[[[86.79431,20.38812],[86.79476,20.38707],[86.79463,20.385],[86.7942,20.38383],[86.79274,20.38446],[86.79085,20.38524],[86.7906,20.38643],[86.79264,20.38786],[86.79431,20.38812]]]},"properties":{"name":null,"source":"OpenStreetMap + Natural Earth","source_id":"osm_coastline","geometry_quality":"mapped_polygon"}},{"type":"Feature","geometry":{"type":"Polygon","coordinates":[[[86.72696,20.29538],[86.72627,20.29558],[86.72509,20.29592],[86.72503,20.29672],[86.72558,20.29687],[86.72639,20.29675],[86.72721,20.29622],[86.72852,20.29542],[86.72869,20.29524],[86.72883,20.29448],[86.72771,20.29472],[86.72685,20.29497],[86.72696,20.29538]]]},"properties":{"name":null,"source":"OpenStreetMap + Natural Earth","source_id":"osm_coastline","geometry_quality":"mapped_polygon"}},{"type":"Feature","geometry":{"type":"Polygon","coordinates":[[[86.71843,20.29204],[86.71846,20.29198],[86.71844,20.29192],[86.71836,20.29192],[86.71833,20.29197],[86.71843,20.29204]]]},"properties":{"name":null,"source":"OpenStreetMap + Natural Earth","source_id":"osm_coastline","geometry_quality":"mapped_polygon"}},{"type":"Feature","geometry":{"type":"Polygon","coordinates":[[[86.41761,20.00658],[86.41751,20.00715],[86.41765,20.00719],[86.41785,20.00703],[86.41817,20.00625],[86.41845,20.00528],[86.41854,20.00445],[86.41892,20.0032],[86.41909,20.00307],[86.41924,20.00322],[86.41935,20.00354],[86.41963,20.00357],[86.41999,20.00322],[86.42016,20.00293],[86.42024,20.00258],[86.42024,20.00194],[86.42,20.00114],[86.41984,20.0004],[86.41967,19.99976],[86.4198,19.99923],[86.41981,19.9986],[86.41977,19.99812],[86.41965,19.99773],[86.41951,19.99754],[86.41889,19.99726],[86.41863,19.99722],[86.41861,19.99735],[86.41882,19.99758],[86.41904,19.99765],[86.41909,19.99804],[86.41904,19.99896],[86.419,20.00008],[86.41883,20.00071],[86.41837,20.00129],[86.41816,20.00163],[86.41808,20.00211],[86.41796,20.00271],[86.41801,20.00324],[86.41782,20.00389],[86.41799,20.00454],[86.41794,20.00519],[86.41786,20.00586],[86.41767,20.00618],[86.41761,20.00658]]]},"properties":{"name":null,"source":"OpenStreetMap + Natural Earth","source_id":"osm_coastline","geometry_quality":"mapped_polygon"}},{"type":"Feature","geometry":{"type":"Polygon","coordinates":[[[86.41363,19.99632],[86.41374,19.99673],[86.41381,19.99711],[86.41381,19.99736],[86.41383,19.99776],[86.41421,19.99816],[86.41471,19.99819],[86.41478,19.99792],[86.41469,19.99733],[86.41438,19.9967],[86.4141,19.99634],[86.41388,19.99595],[86.41351,19.99547],[86.4132,19.99532],[86.41297,19.99529],[86.41302,19.9955],[86.41363,19.99632]]]},"properties":{"name":null,"source":"OpenStreetMap + Natural Earth","source_id":"osm_coastline","geometry_quality":"mapped_polygon"}},{"type":"Feature","geometry":{"type":"Polygon","coordinates":[[[86.41078,19.98029],[86.41082,19.98142],[86.41163,19.98303],[86.41211,19.98388],[86.41292,19.98323],[86.41361,19.9819],[86.41356,19.98057],[86.41305,19.97932],[86.41176,19.97722],[86.40992,19.97553],[86.40859,19.97468],[86.4052,19.9723],[86.40361,19.97129],[86.40151,19.9703],[86.40018,19.96968],[86.39872,19.96911],[86.39741,19.96847],[86.39603,19.96766],[86.39432,19.96677],[86.39309,19.96609],[86.39123,19.96494],[86.38968,19.96341],[86.38882,19.96238],[86.38824,19.96187],[86.38764,19.96195],[86.38591,19.96226],[86.38421,19.96256],[86.38301,19.96286],[86.38073,19.96347],[86.38009,19.96375],[86.38024,19.96433],[86.38108,19.96454],[86.38157,19.96435],[86.38196,19.96397],[86.38279,19.96411],[86.38376,19.96435],[86.3849,19.9646],[86.38554,19.96524],[86.38646,19.9655],[86.38771,19.96581],[86.38955,19.96639],[86.39244,19.96729],[86.39354,19.96807],[86.39427,19.96885],[86.39552,19.96977],[86.39639,19.97045],[86.39735,19.97159],[86.39778,19.97185],[86.39849,19.97182],[86.39934,19.97194],[86.39972,19.9721],[86.40056,19.97337],[86.40127,19.97375],[86.40191,19.97397],[86.40286,19.97484],[86.40331,19.97492],[86.40292,19.97432],[86.40309,19.97387],[86.40359,19.97387],[86.40397,19.97393],[86.40442,19.97464],[86.40505,19.97539],[86.40532,19.97581],[86.40569,19.97615],[86.40687,19.97674],[86.40749,19.97766],[86.40777,19.97785],[86.40811,19.97789],[86.40872,19.97801],[86.40876,19.97837],[86.40857,19.97871],[86.40848,19.9792],[86.40912,19.97938],[86.40966,19.9792],[86.41028,19.97896],[86.41084,19.97885],[86.41103,19.97928],[86.41078,19.9797],[86.41078,19.98029]]]},"properties":{"name":null,"source":"OpenStreetMap + Natural Earth","source_id":"osm_coastline","geometry_quality":"mapped_polygon"}},{"type":"Feature","geometry":{"type":"Polygon","coordinates":[[[86.40495,19.99185],[86.4054,19.99195],[86.40586,19.99197],[86.40657,19.99193],[86.40701,19.99207],[86.4077,19.99253],[86.40823,19.99298],[86.40849,19.99317],[86.40853,19.99339],[86.40836,19.99371],[86.40823,19.99398],[86.4081,19.99433],[86.40815,19.99455],[86.40836,19.99443],[86.40868,19.99393],[86.40894,19.99322],[86.40892,19.99291],[86.40879,19.99262],[86.40849,19.99228],[86.408,19.99179],[86.40759,19.99156],[86.40738,19.99142],[86.40731,19.99115],[86.40704,19.99079],[86.40686,19.99066],[86.40658,19.99079],[86.40642,19.99108],[86.40605,19.99136],[86.40524,19.9915],[86.4044,19.99137],[86.40396,19.99123],[86.40351,19.99113],[86.4032,19.99098],[86.40308,19.99084],[86.40295,19.99083],[86.40297,19.99099],[86.40331,19.99122],[86.40372,19.99139],[86.40417,19.99161],[86.40495,19.99185]]]},"properties":{"name":null,"source":"OpenStreetMap + Natural Earth","source_id":"osm_coastline","geometry_quality":"mapped_polygon"}},{"type":"Feature","geometry":{"type":"Polygon","coordinates":[[[86.39258,19.98036],[86.39301,19.98059],[86.39356,19.98072],[86.39474,19.98111],[86.39544,19.98151],[86.39575,19.98196],[86.3958,19.98238],[86.39604,19.98256],[86.39617,19.98241],[86.39625,19.98179],[86.39618,19.9813],[86.39578,19.9808],[86.39503,19.98037],[86.39451,19.98033],[86.39402,19.9799],[86.39361,19.97974],[86.3933,19.97987],[86.39295,19.97983],[86.39196,19.9799],[86.39165,19.98009],[86.39188,19.98025],[86.39258,19.98036]]]},"properties":{"name":null,"source":"OpenStreetMap + Natural Earth","source_id":"osm_coastline","geometry_quality":"mapped_polygon"}}]}