{"type":"FeatureCollection","ghosttrace":{"layer":"land_gulf_of_mannar_palk_bay","kind":"land","source_id":"osm_coastline","regions":["gulf_of_mannar_palk_bay"],"restricted":false,"written":"2026-09-13T13:33:05+00:00"},"features":[{"type":"Feature","geometry":{"type":"Polygon","coordinates":[[[79.91976,8.57191],[79.9198,8.57229],[79.91981,8.57266],[79.91988,8.57298],[79.92,8.57346],[79.92005,8.5739],[79.92012,8.57452],[79.92013,8.57489],[79.92014,8.57511],[79.92013,8.57521],[79.92014,8.57553],[79.92016,8.57592],[79.92016,8.57595],[79.9202,8.57649],[79.9202,8.57692],[79.92018,8.57725],[79.92019,8.57757],[79.92021,8.57806],[79.9202,8.57843],[79.92011,8.57925],[79.91994,8.5812],[79.91974,8.58273],[79.91964,8.58359],[79.91961,8.58384],[79.91952,8.58427],[79.91944,8.58472],[79.91932,8.58539],[79.91929,8.58565],[79.91921,8.58613],[79.91903,8.58903],[79.92023,8.59014],[79.92039,8.59391],[79.9223,8.59737],[79.9247,8.60006],[79.92659,8.60287],[79.93128,8.60793],[79.9314,8.60804],[79.93155,8.6082],[79.93161,8.6083],[79.93166,8.6085],[79.93169,8.60867],[79.9317,8.60893],[79.93169,8.60906],[79.93167,8.6092],[79.93166,8.60933],[79.93166,8.60944],[79.93168,8.60957],[79.93171,8.60969],[79.93177,8.60985],[79.93185,8.61001],[79.9319,8.61008],[79.93196,8.61013],[79.932,8.61018],[79.93203,8.61023],[79.93205,8.61028],[79.93208,8.61033],[79.93218,8.61043],[79.93236,8.61063],[79.93246,8.61076],[79.93255,8.61091],[79.93267,8.61106],[79.93278,8.61118],[79.9329,8.61127],[79.93302,8.61137],[79.93312,8.61146],[79.93319,8.61155],[79.93324,8.61165],[79.93329,8.61176],[79.93338,8.61199],[79.93347,8.61223],[79.93356,8.61244],[79.93362,8.61259],[79.93368,8.61269],[79.93375,8.61278],[79.93384,8.61284],[79.93398,8.61291],[79.93426,8.61304],[79.93452,8.61315],[79.93475,8.61322],[79.93496,8.61327],[79.93515,8.61334],[79.93529,8.61342],[79.93552,8.61357],[79.93589,8.61383],[79.93613,8.614],[79.93631,8.61413],[79.93643,8.61423],[79.93653,8.61435],[79.93662,8.61451],[79.93667,8.61461],[79.93673,8.61469],[79.93685,8.61483],[79.937,8.61496],[79.93725,8.61511],[79.93745,8.61524],[79.93763,8.61536],[79.9378,8.6155],[79.93789,8.61559],[79.93798,8.61563],[79.93811,8.61568],[79.93823,8.6157],[79.93834,8.6157],[79.93845,8.61568],[79.93865,8.61566],[79.93889,8.61562],[79.93908,8.61558],[79.93923,8.61556],[79.93933,8.61557],[79.93942,8.61559],[79.93957,8.61564],[79.93966,8.61568],[79.93976,8.61573],[79.93987,8.61576],[79.93999,8.6158],[79.94011,8.61583],[79.94021,8.61586],[79.9403,8.6159],[79.9404,8.61595],[79.94048,8.61605],[79.94067,8.61626],[79.94079,8.61642],[79.94092,8.6166],[79.94106,8.61682],[79.94118,8.61702],[79.94125,8.61724],[79.94131,8.61743],[79.94136,8.61761],[79.94139,8.61771],[79.94145,8.61788],[79.94149,8.61801],[79.94154,8.61816],[79.9416,8.61832],[79.94166,8.61848],[79.94169,8.61859],[79.94172,8.6187],[79.94176,8.61887],[79.94183,8.61922],[79.94186,8.61942],[79.94189,8.61961],[79.9419,8.61981],[79.94192,8.62002],[79.94194,8.62012],[79.94197,8.62019],[79.94202,8.62027],[79.94209,8.62034],[79.94218,8.62041],[79.94226,8.62045],[79.94236,8.62048],[79.94246,8.62052],[79.94258,8.62059],[79.94266,8.62067],[79.94274,8.62075],[79.9428,8.62082],[79.94286,8.6209],[79.94298,8.62104],[79.94307,8.62114],[79.94316,8.62124],[79.94322,8.62136],[79.94329,8.62151],[79.94337,8.62176],[79.94345,8.62204],[79.94351,8.62233],[79.94353,8.62255],[79.94354,8.62265],[79.94355,8.62273],[79.94361,8.62295],[79.94365,8.62306],[79.94366,8.62314],[79.94367,8.62328],[79.94367,8.62333],[79.94368,8.62338],[79.94371,8.62345],[79.94379,8.62357],[79.94383,8.62366],[79.94385,8.62375],[79.94388,8.62389],[79.94393,8.62411],[79.94396,8.62432],[79.944,8.62451],[79.94403,8.62464],[79.9441,8.62481],[79.94414,8.62495],[79.9442,8.62518],[79.94422,8.62536],[79.94423,8.62547],[79.94424,8.62556],[79.94426,8.62569],[79.94428,8.6258],[79.94431,8.62589],[79.94436,8.626],[79.94438,8.62609],[79.94441,8.62621],[79.94443,8.62632],[79.94445,8.62649],[79.94448,8.62659],[79.94451,8.62672],[79.94455,8.62683],[79.94463,8.627],[79.94471,8.62715],[79.94482,8.62734],[79.94488,8.62746],[79.94495,8.62763],[79.94502,8.62784],[79.94506,8.62799],[79.94509,8.62814],[79.94511,8.62824],[79.94514,8.62837],[79.94517,8.62846],[79.94518,8.62852],[79.94522,8.62857],[79.94525,8.6286],[79.94534,8.62864],[79.94542,8.62866],[79.9455,8.62868],[79.94557,8.62872],[79.94564,8.62875],[79.94573,8.6288],[79.9458,8.62885],[79.94587,8.62892],[79.94597,8.62904],[79.94608,8.62919],[79.94617,8.62931],[79.94628,8.62947],[79.94635,8.62961],[79.9464,8.62975],[79.94642,8.62992],[79.94643,8.63009],[79.94646,8.63023],[79.94647,8.63032],[79.9465,8.63043],[79.94652,8.63052],[79.94654,8.63063],[79.94654,8.63073],[79.94653,8.63094],[79.94651,8.63105],[79.94651,8.63112],[79.94649,8.63121],[79.9465,8.63129],[79.94651,8.63135],[79.94656,8.63145],[79.9466,8.63153],[79.94663,8.63161],[79.94668,8.63173],[79.94671,8.63184],[79.94676,8.63194],[79.94679,8.632],[79.94681,8.63204],[79.94684,8.63205],[79.94688,8.63205],[79.94691,8.63206],[79.94693,8.63208],[79.94694,8.6321],[79.94695,8.63218],[79.94697,8.6323],[79.94698,8.63248],[79.94699,8.63267],[79.94699,8.63285],[79.94698,8.63309],[79.94696,8.63331],[79.94693,8.63355],[79.94692,8.63369],[79.9469,8.6338],[79.94688,8.63391],[79.94686,8.63398],[79.94684,8.63406],[79.94679,8.63416],[79.94676,8.63423],[79.94671,8.6344],[79.94665,8.63458],[79.94656,8.63483],[79.94648,8.63499],[79.94642,8.6351],[79.9464,8.63515],[79.94638,8.63521],[79.94638,8.63527],[79.94638,8.63533],[79.9464,8.63558],[79.9464,8.63569],[79.94641,8.63578],[79.94643,8.63587],[79.94646,8.63594],[79.94651,8.63601],[79.94654,8.63607],[79.94657,8.63613],[79.94659,8.63618],[79.9466,8.63625],[79.94661,8.63637],[79.94662,8.63649],[79.94662,8.63659],[79.9466,8.63691],[79.94659,8.63706],[79.94656,8.63733],[79.94653,8.63747],[79.94642,8.63777],[79.94628,8.63814],[79.94619,8.6384],[79.94614,8.6386],[79.94608,8.63881],[79.94603,8.63899],[79.94595,8.63924],[79.94581,8.63955],[79.94569,8.6398],[79.94563,8.63994],[79.9456,8.64001],[79.94556,8.64009],[79.94552,8.64017],[79.94549,8.64024],[79.94546,8.64032],[79.94539,8.64046],[79.94532,8.6406],[79.94522,8.64081],[79.9451,8.64109],[79.94499,8.64134],[79.94494,8.64145],[79.94489,8.6416],[79.94481,8.64179],[79.94468,8.64214],[79.94449,8.64258],[79.94436,8.64288],[79.94423,8.64319],[79.94411,8.64346],[79.94405,8.64361],[79.94402,8.64369],[79.94399,8.64377],[79.94396,8.64389],[79.94389,8.64409],[79.94384,8.64423],[79.94378,8.6444],[79.94367,8.64465],[79.94354,8.64495],[79.9433,8.6455],[79.9432,8.64571],[79.94314,8.64583],[79.9431,8.64592],[79.94306,8.64599],[79.943,8.6461],[79.94292,8.64625],[79.94286,8.64637],[79.94281,8.6465],[79.94278,8.64669],[79.94276,8.64679],[79.94274,8.64691],[79.9427,8.64703],[79.94268,8.64715],[79.94269,8.64723],[79.9427,8.64731],[79.94274,8.64742],[79.94277,8.64752],[79.94281,8.64766],[79.94284,8.64778],[79.94289,8.64791],[79.94293,8.64796],[79.94295,8.64802],[79.94297,8.64811],[79.94299,8.64835],[79.943,8.64851],[79.94302,8.64862],[79.94304,8.64872],[79.94305,8.64882],[79.94307,8.64893],[79.94307,8.64901],[79.94306,8.64909],[79.94306,8.64917],[79.94304,8.64925],[79.94302,8.64936],[79.94298,8.64949],[79.94294,8.64958],[79.9429,8.64964],[79.94288,8.64968],[79.94287,8.64973],[79.94287,8.64979],[79.94286,8.6499],[79.94285,8.65004],[79.94283,8.65024],[79.94282,8.65054],[79.94278,8.65084],[79.94277,8.65102],[79.94277,8.65116],[79.94276,8.65129],[79.94276,8.65143],[79.94276,8.6518],[79.94276,8.65198],[79.94276,8.65214],[79.94273,8.65231],[79.9427,8.65245],[79.94266,8.65256],[79.94264,8.65264],[79.94263,8.6527],[79.94263,8.65277],[79.94266,8.65285],[79.9427,8.65294],[79.94272,8.65303],[79.94275,8.65314],[79.94276,8.65329],[79.94277,8.65342],[79.94279,8.65356],[79.94282,8.65367],[79.94284,8.65375],[79.94289,8.65384],[79.9429,8.65389],[79.94292,8.65397],[79.94293,8.65404],[79.94295,8.65414],[79.94297,8.65423],[79.94298,8.65432],[79.94299,8.65448],[79.943,8.65464],[79.94299,8.65478],[79.94297,8.65495],[79.94295,8.65508],[79.94294,8.65521],[79.94295,8.65533],[79.94297,8.65545],[79.94301,8.65554],[79.94306,8.65563],[79.94336,8.65633],[79.94357,8.65682],[79.9436,8.65693],[79.9436,8.65704],[79.94358,8.65719],[79.94356,8.65739],[79.94355,8.65753],[79.94353,8.65779],[79.94352,8.65804],[79.94347,8.65831],[79.94348,8.65865],[79.94346,8.65874],[79.94345,8.65884],[79.94346,8.65892],[79.94348,8.65902],[79.94354,8.65925],[79.94359,8.6595],[79.94359,8.65968],[79.94359,8.66012],[79.94361,8.66046],[79.94363,8.6606],[79.94366,8.66068],[79.94374,8.66078],[79.94385,8.6609],[79.94407,8.66106],[79.94425,8.66119],[79.94434,8.66127],[79.94439,8.66134],[79.94444,8.66141],[79.94449,8.66144],[79.94456,8.66147],[79.9447,8.66149],[79.94484,8.66151],[79.94503,8.66151],[79.94522,8.66149],[79.94544,8.6615],[79.94571,8.66152],[79.94593,8.66156],[79.9461,8.66161],[79.94618,8.66164],[79.94628,8.6617],[79.94638,8.6618],[79.94651,8.66191],[79.94661,8.66199],[79.94666,8.66204],[79.9467,8.66207],[79.94672,8.66209],[79.94673,8.66209],[79.94677,8.66208],[79.94679,8.66207],[79.94682,8.66208],[79.94685,8.6621],[79.94689,8.66216],[79.94695,8.66224],[79.94711,8.6625],[79.94748,8.66304],[79.94756,8.66317],[79.94761,8.66327],[79.94769,8.66344],[79.94776,8.66356],[79.94786,8.6637],[79.94795,8.66381],[79.94802,8.66387],[79.94809,8.66394],[79.9482,8.66403],[79.94829,8.66413],[79.94836,8.6642],[79.94847,8.66431],[79.9486,8.66444],[79.94878,8.66465],[79.94885,8.66474],[79.94887,8.66481],[79.94889,8.66494],[79.94892,8.66505],[79.94896,8.66518],[79.94904,8.6654],[79.9491,8.66552],[79.94915,8.66571],[79.94919,8.66584],[79.94924,8.66608],[79.94942,8.66912],[79.94947,8.67215],[79.94975,8.67331],[79.95004,8.67447],[79.9509,8.67623],[79.95233,8.67985],[79.95078,8.68435],[79.95001,8.68659],[79.94902,8.68886],[79.94885,8.68905],[79.94821,8.68973],[79.94726,8.69048],[79.94757,8.69054],[79.94789,8.69035],[79.94813,8.69026],[79.94837,8.69026],[79.94876,8.69051],[79.94897,8.69058],[79.9493,8.69046],[79.94966,8.69029],[79.95058,8.69095],[79.95103,8.69162],[79.95138,8.69304],[79.95102,8.69478],[79.95099,8.69571],[79.95109,8.69643],[79.95102,8.69692],[79.95081,8.69755],[79.95056,8.69872],[79.9503,8.69954],[79.95021,8.7022],[79.94973,8.70594],[79.94954,8.70744],[79.94951,8.7083],[79.94951,8.70843],[79.94952,8.70886],[79.94964,8.70919],[79.94984,8.70944],[79.94995,8.70963],[79.94999,8.70988],[79.94996,8.71015],[79.94994,8.71045],[79.95022,8.71144],[79.95046,8.71201],[79.95054,8.7121],[79.95059,8.71215],[79.95062,8.71225],[79.95067,8.71245],[79.95086,8.71287],[79.95094,8.71298],[79.95102,8.71306],[79.95111,8.71316],[79.95119,8.71331],[79.95122,8.71344],[79.95132,8.71365],[79.95146,8.71394],[79.9519,8.71462],[79.95199,8.71491],[79.95209,8.71516],[79.95225,8.71548],[79.95243,8.71582],[79.95267,8.71605],[79.95286,8.71618],[79.95307,8.71633],[79.95319,8.71647],[79.95329,8.71657],[79.9535,8.71681],[79.95363,8.71695],[79.95388,8.71726],[79.95402,8.71744],[79.9543,8.71775],[79.9547,8.71809],[79.95518,8.71844],[79.9554,8.71859],[79.95551,8.71872],[79.95584,8.71899],[79.95626,8.71946],[79.95681,8.72],[79.95695,8.72009],[79.95704,8.72011],[79.95718,8.72013],[79.95735,8.7202],[79.95745,8.72031],[79.95748,8.72044],[79.95755,8.72049],[79.95757,8.72061],[79.95766,8.72066],[79.95774,8.72077],[79.95788,8.72084],[79.95798,8.72091],[79.95811,8.72105],[79.95822,8.72109],[79.95832,8.72117],[79.95852,8.72135],[79.9588,8.72163],[79.9589,8.7217],[79.95907,8.72179],[79.95916,8.72188],[79.95924,8.722],[79.95935,8.72211],[79.95943,8.72226],[79.95956,8.72259],[79.95964,8.72298],[79.95968,8.72331],[79.95969,8.72354],[79.9597,8.72378],[79.95974,8.72415],[79.95978,8.7245],[79.95978,8.72506],[79.95975,8.7254],[79.9597,8.72584],[79.95959,8.72633],[79.95946,8.72663],[79.95894,8.72784],[79.95825,8.72925],[79.95815,8.72942],[79.95718,8.73116],[79.9571,8.73131],[79.95653,8.73237],[79.95638,8.73264],[79.9557,8.73379],[79.95505,8.73502],[79.9549,8.73534],[79.95481,8.73564],[79.95463,8.73598],[79.95445,8.73636],[79.95418,8.73685],[79.95406,8.73716],[79.95391,8.73749],[79.95373,8.73788],[79.95361,8.73816],[79.95321,8.73888],[79.95279,8.73964],[79.95265,8.73992],[79.95253,8.74018],[79.95236,8.74049],[79.95215,8.74086],[79.95172,8.74152],[79.9513,8.74216],[79.95082,8.74293],[79.95017,8.74391],[79.94953,8.74489],[79.94875,8.74603],[79.9487,8.74604],[79.94866,8.74603],[79.94864,8.74608],[79.94866,8.74611],[79.94877,8.74619],[79.94887,8.74626],[79.94894,8.74637],[79.94906,8.74647],[79.94913,8.74656],[79.94914,8.74666],[79.94914,8.74682],[79.94909,8.74702],[79.94892,8.7473],[79.94847,8.74805],[79.9482,8.74849],[79.94755,8.74938],[79.94724,8.74985],[79.94721,8.74992],[79.9472,8.75],[79.94693,8.75041],[79.94662,8.75085],[79.94609,8.75162],[79.94564,8.75228],[79.94555,8.75245],[79.94544,8.7526],[79.94522,8.75296],[79.945,8.75329],[79.94468,8.75383],[79.94437,8.75436],[79.94389,8.75512],[79.94331,8.756],[79.94284,8.75675],[79.94248,8.75743],[79.94244,8.75756],[79.94244,8.75766],[79.94241,8.75782],[79.94232,8.75794],[79.94205,8.75828],[79.94186,8.75865],[79.94159,8.75914],[79.94098,8.76068],[79.94066,8.76164],[79.94059,8.76194],[79.94055,8.76218],[79.94042,8.76256],[79.94027,8.76294],[79.94019,8.76316],[79.93994,8.76383],[79.93977,8.76423],[79.93967,8.76465],[79.93957,8.7652],[79.93941,8.76599],[79.9393,8.76661],[79.93923,8.76686],[79.9391,8.76735],[79.93897,8.76774],[79.93878,8.76831],[79.93856,8.76893],[79.93814,8.77005],[79.93802,8.77032],[79.93775,8.77077],[79.93765,8.771],[79.93762,8.77116],[79.93764,8.7714],[79.93762,8.77179],[79.93756,8.77217],[79.93759,8.77238],[79.93766,8.77253],[79.9378,8.77271],[79.93789,8.77287],[79.93792,8.77301],[79.93788,8.77327],[79.93775,8.7736],[79.93643,8.77636],[79.93616,8.77693],[79.93556,8.77817],[79.93526,8.77865],[79.93478,8.77949],[79.93428,8.78034],[79.93407,8.78068],[79.93402,8.78083],[79.93399,8.78096],[79.93404,8.78104],[79.93417,8.78117],[79.93418,8.78134],[79.93411,8.78159],[79.93389,8.78207],[79.93357,8.78266],[79.93281,8.78398],[79.93232,8.78481],[79.93017,8.78795],[79.92964,8.78884],[79.92879,8.7899],[79.928,8.79101],[79.92715,8.79212],[79.92671,8.79255],[79.92655,8.79278],[79.92642,8.79293],[79.92627,8.79301],[79.92616,8.79315],[79.92607,8.79333],[79.92585,8.79348],[79.92535,8.79401],[79.92459,8.79469],[79.92421,8.79501],[79.92346,8.79556],[79.92327,8.79578],[79.92237,8.79657],[79.9223,8.79675],[79.92185,8.79729],[79.92153,8.79767],[79.92098,8.79817],[79.91998,8.79906],[79.91925,8.79961],[79.91794,8.80214],[79.91741,8.8036],[79.91658,8.80675],[79.91615,8.80801],[79.91507,8.80987],[79.91434,8.81109],[79.91441,8.81335],[79.91483,8.81516],[79.91519,8.81641],[79.91546,8.81849],[79.91553,8.81864],[79.91557,8.81875],[79.91594,8.81962],[79.91627,8.82082],[79.91649,8.82161],[79.91661,8.82207],[79.91692,8.82318],[79.91722,8.82425],[79.91725,8.82535],[79.91728,8.82636],[79.91683,8.82816],[79.91727,8.82852],[79.91746,8.82901],[79.91775,8.82973],[79.91765,8.83134],[79.91823,8.83354],[79.91863,8.8357],[79.919,8.83715],[79.91923,8.83833],[79.92009,8.83895],[79.92071,8.8433],[79.92187,8.84472],[79.92194,8.84628],[79.923,8.85051],[79.923,8.85294],[79.92333,8.85386],[79.9234,8.8551],[79.9236,8.8568],[79.92424,8.85794],[79.92502,8.86086],[79.92526,8.86187],[79.92598,8.86317],[79.92614,8.86428],[79.92653,8.86544],[79.9269,8.86605],[79.92738,8.86927],[79.92737,8.8711],[79.92776,8.87204],[79.92813,8.8722],[79.92832,8.87196],[79.92807,8.87187],[79.92776,8.87128],[79.92764,8.87076],[79.92761,8.87024],[79.92801,8.8705],[79.92833,8.87018],[79.92807,8.86914],[79.92768,8.86835],[79.92743,8.86756],[79.92744,8.86696],[79.92718,8.86609],[79.92752,8.86617],[79.92799,8.86636],[79.92809,8.86614],[79.92782,8.86569],[79.92755,8.86548],[79.92731,8.86531],[79.92647,8.86156],[79.92593,8.86056],[79.92617,8.8602],[79.92663,8.86029],[79.92726,8.86092],[79.92773,8.85756],[79.92769,8.85704],[79.92727,8.85648],[79.92685,8.85636],[79.92642,8.85644],[79.92585,8.85688],[79.9256,8.85709],[79.92495,8.85641],[79.92535,8.85635],[79.92584,8.85578],[79.92629,8.85538],[79.92647,8.85489],[79.92671,8.85464],[79.92705,8.85446],[79.92753,8.85443],[79.92803,8.85454],[79.92851,8.85499],[79.92857,8.85547],[79.92857,8.85612],[79.9287,8.85698],[79.9294,8.85747],[79.92856,8.85844],[79.92839,8.85921],[79.92855,8.85997],[79.92889,8.86018],[79.9291,8.85985],[79.92963,8.86008],[79.93056,8.86068],[79.93107,8.86149],[79.93081,8.86205],[79.93074,8.8628],[79.93102,8.86338],[79.93149,8.8635],[79.93175,8.86373],[79.93217,8.86392],[79.93236,8.86419],[79.93277,8.86444],[79.93313,8.86456],[79.93329,8.86474],[79.9333,8.86516],[79.93324,8.86568],[79.93319,8.866],[79.93333,8.86645],[79.93378,8.86704],[79.93381,8.86746],[79.93284,8.86928],[79.93362,8.8687],[79.93419,8.86864],[79.93488,8.86893],[79.93516,8.86967],[79.93521,8.87055],[79.93505,8.87132],[79.93454,8.8719],[79.93428,8.8725],[79.93446,8.87315],[79.93529,8.87363],[79.93512,8.87471],[79.93425,8.87645],[79.93451,8.87758],[79.93419,8.87952],[79.9337,8.88168],[79.93312,8.88251],[79.93221,8.8828],[79.93141,8.88169],[79.93196,8.881],[79.93275,8.87939],[79.9322,8.8787],[79.93141,8.8784],[79.93114,8.87816],[79.93121,8.87747],[79.93134,8.87668],[79.93166,8.87601],[79.93254,8.87536],[79.93167,8.8737],[79.93133,8.8712],[79.93095,8.87054],[79.93053,8.87032],[79.92995,8.87007],[79.92942,8.87019],[79.92905,8.87037],[79.92867,8.87047],[79.92828,8.87095],[79.92867,8.87112],[79.92883,8.87223],[79.92913,8.87258],[79.92908,8.87325],[79.92917,8.87408],[79.92944,8.87525],[79.92948,8.87594],[79.92937,8.87755],[79.9294,8.8793],[79.92954,8.8802],[79.92993,8.88066],[79.93007,8.88142],[79.93026,8.88182],[79.93029,8.88223],[79.93019,8.88375],[79.9301,8.88604],[79.92983,8.8876],[79.92927,8.88993],[79.92913,8.89068],[79.92869,8.89294],[79.92865,8.89313],[79.92861,8.89327],[79.92857,8.89336],[79.92853,8.89346],[79.92852,8.89352],[79.92852,8.89359],[79.92851,8.89368],[79.9285,8.89389],[79.92847,8.8943],[79.92841,8.89477],[79.92837,8.89515],[79.92832,8.89538],[79.92822,8.89566],[79.92818,8.89582],[79.92813,8.89604],[79.92808,8.89631],[79.928,8.89659],[79.92789,8.89691],[79.9278,8.89719],[79.92758,8.89767],[79.92744,8.89805],[79.92732,8.89836],[79.92719,8.89868],[79.92693,8.89925],[79.9268,8.89956],[79.9267,8.89977],[79.92658,8.90009],[79.92651,8.90025],[79.92642,8.90043],[79.92635,8.90056],[79.92625,8.90074],[79.92605,8.90112],[79.9259,8.9014],[79.92577,8.9017],[79.9257,8.90182],[79.92555,8.90209],[79.92537,8.90242],[79.92525,8.90267],[79.92515,8.90284],[79.9251,8.90293],[79.92499,8.90312],[79.92466,8.90366],[79.92452,8.90392],[79.9243,8.90423],[79.92407,8.90455],[79.92395,8.90474],[79.92389,8.90485],[79.92377,8.905],[79.92358,8.90529],[79.92345,8.90555],[79.92325,8.90596],[79.92308,8.90633],[79.9229,8.90673],[79.92271,8.90709],[79.92249,8.90741],[79.92231,8.90771],[79.92219,8.90795],[79.92201,8.9083],[79.92185,8.90856],[79.92162,8.90892],[79.92143,8.90921],[79.92121,8.90954],[79.9209,8.91],[79.92059,8.91042],[79.92016,8.91102],[79.9198,8.91146],[79.91955,8.91183],[79.91937,8.91207],[79.91931,8.91215],[79.91895,8.91267],[79.91869,8.9131],[79.91831,8.91365],[79.91814,8.91391],[79.91783,8.91434],[79.91754,8.91474],[79.91737,8.91501],[79.91708,8.91544],[79.91691,8.91568],[79.9166,8.91608],[79.9163,8.91655],[79.91619,8.91668],[79.91586,8.91718],[79.91567,8.91743],[79.91558,8.91758],[79.9155,8.91768],[79.9153,8.91802],[79.91501,8.91845],[79.91478,8.91881],[79.91439,8.91944],[79.91428,8.91962],[79.91408,8.9199],[79.91398,8.92005],[79.9139,8.92015],[79.91378,8.92038],[79.9137,8.92056],[79.91357,8.92077],[79.91349,8.92089],[79.91336,8.9211],[79.91325,8.92129],[79.91286,8.9219],[79.91263,8.92223],[79.91236,8.92266],[79.91219,8.92294],[79.91185,8.92341],[79.91172,8.92364],[79.91147,8.92405],[79.91123,8.92438],[79.9111,8.92456],[79.91085,8.9249],[79.91074,8.92507],[79.91052,8.92548],[79.91035,8.92575],[79.91022,8.92591],[79.90989,8.92642],[79.90968,8.9267],[79.90933,8.92726],[79.90905,8.9277],[79.9088,8.92801],[79.90841,8.92861],[79.90811,8.92911],[79.90775,8.92965],[79.90747,8.93],[79.90705,8.93058],[79.90686,8.93094],[79.90666,8.93123],[79.90638,8.93157],[79.90622,8.93184],[79.90556,8.93287],[79.90512,8.93356],[79.9049,8.93389],[79.9045,8.93447],[79.9039,8.93538],[79.90348,8.93596],[79.90326,8.93629],[79.9026,8.93726],[79.90203,8.93807],[79.90171,8.93855],[79.90134,8.93909],[79.90088,8.93974],[79.90059,8.94019],[79.90023,8.9407],[79.90007,8.94092],[79.89964,8.94156],[79.89904,8.94239],[79.89837,8.94332],[79.89797,8.94391],[79.89739,8.94475],[79.8971,8.94516],[79.89677,8.94568],[79.89648,8.94609],[79.89634,8.9463],[79.89608,8.94674],[79.89589,8.94706],[79.89552,8.94761],[79.89526,8.94799],[79.89512,8.94819],[79.89494,8.94853],[79.89483,8.94874],[79.89468,8.94901],[79.89453,8.94927],[79.89408,8.94998],[79.89364,8.95065],[79.89321,8.95131],[79.89308,8.95153],[79.89293,8.95178],[79.89257,8.95234],[79.8924,8.9526],[79.89217,8.95302],[79.89206,8.95322],[79.89194,8.95339],[79.89169,8.95374],[79.89145,8.95406],[79.89129,8.95428],[79.89125,8.95436],[79.89125,8.95444],[79.89125,8.95452],[79.89124,8.95459],[79.89118,8.95468],[79.89104,8.95487],[79.89083,8.9551],[79.89074,8.95522],[79.89064,8.95534],[79.89055,8.95551],[79.8905,8.95561],[79.89043,8.95574],[79.89035,8.95586],[79.89027,8.95596],[79.89018,8.95607],[79.89006,8.95623],[79.88979,8.95657],[79.88953,8.95699],[79.88944,8.95715],[79.88926,8.95747],[79.88924,8.95757],[79.88919,8.95771],[79.88915,8.95781],[79.88913,8.95792],[79.88911,8.95802],[79.88906,8.95811],[79.88899,8.95819],[79.88887,8.95841],[79.88879,8.95862],[79.88871,8.95875],[79.88857,8.95911],[79.88844,8.95938],[79.88837,8.95951],[79.88831,8.95961],[79.88822,8.95973],[79.88814,8.95981],[79.88791,8.96005],[79.88768,8.96035],[79.88766,8.96042],[79.88765,8.96051],[79.88766,8.96058],[79.88768,8.96063],[79.88774,8.96069],[79.88786,8.96074],[79.88793,8.96073],[79.88793,8.96057],[79.88797,8.96051],[79.88805,8.96049],[79.88815,8.9605],[79.88826,8.96056],[79.8884,8.96059],[79.88869,8.96059],[79.88876,8.96057],[79.88879,8.96054],[79.88881,8.96048],[79.88877,8.96037],[79.88879,8.96031],[79.88908,8.96016],[79.88913,8.96008],[79.88915,8.95998],[79.88914,8.9599],[79.88902,8.95981],[79.88873,8.95982],[79.88867,8.95954],[79.88868,8.95946],[79.88883,8.95907],[79.88898,8.95881],[79.88918,8.9586],[79.88928,8.95854],[79.88935,8.95847],[79.88953,8.95825],[79.88987,8.95806],[79.89009,8.95787],[79.89056,8.95773],[79.89074,8.95771],[79.89108,8.95774],[79.89134,8.95771],[79.89159,8.95782],[79.89172,8.95784],[79.89183,8.95781],[79.892,8.95771],[79.89212,8.95759],[79.89217,8.95753],[79.89216,8.95746],[79.89188,8.95726],[79.89175,8.95707],[79.89173,8.95678],[79.89165,8.95664],[79.89168,8.95654],[79.89186,8.95648],[79.89219,8.95653],[79.89227,8.95652],[79.8924,8.95654],[79.89268,8.95669],[79.89303,8.95676],[79.8934,8.95681],[79.89376,8.95677],[79.89389,8.95681],[79.89414,8.95739],[79.8944,8.9578],[79.89473,8.95809],[79.89485,8.95825],[79.89514,8.95884],[79.8954,8.95926],[79.89547,8.95944],[79.89552,8.95964],[79.89557,8.96014],[79.89553,8.96036],[79.89545,8.9606],[79.89523,8.96093],[79.89511,8.96127],[79.89511,8.96133],[79.8952,8.96144],[79.89527,8.96144],[79.89573,8.96091],[79.89581,8.96076],[79.89595,8.96066],[79.89615,8.96059],[79.89649,8.96058],[79.8968,8.96055],[79.89708,8.96054],[79.89733,8.96053],[79.89751,8.96055],[79.89764,8.96062],[79.89766,8.96072],[79.89763,8.96082],[79.89756,8.96094],[79.89753,8.96106],[79.89761,8.96117],[79.89781,8.96127],[79.89796,8.96131],[79.89821,8.96128],[79.89854,8.96116],[79.89886,8.961],[79.89928,8.96086],[79.89965,8.96084],[79.89997,8.96089],[79.90022,8.96109],[79.90042,8.96126],[79.90053,8.96138],[79.90066,8.9615],[79.90082,8.96158],[79.90106,8.96162],[79.90122,8.9616],[79.90138,8.96158],[79.90165,8.96162],[79.90201,8.96179],[79.90225,8.96188],[79.90241,8.96192],[79.90255,8.96191],[79.90266,8.9619],[79.90281,8.96188],[79.90293,8.96183],[79.90314,8.96172],[79.90347,8.96146],[79.90406,8.96099],[79.90427,8.96083],[79.90443,8.96074],[79.90478,8.96053],[79.90526,8.96025],[79.90556,8.9601],[79.90646,8.95978],[79.90664,8.95969],[79.90696,8.9595],[79.9072,8.95934],[79.90744,8.95917],[79.90765,8.95899],[79.90771,8.95893],[79.90776,8.95881],[79.90783,8.95855],[79.90787,8.95846],[79.90791,8.95831],[79.90789,8.95822],[79.90778,8.95814],[79.90762,8.95804],[79.90755,8.95797],[79.90743,8.9578],[79.9073,8.95755],[79.90721,8.95726],[79.90705,8.9567],[79.90694,8.95626],[79.90689,8.95582],[79.90684,8.95544],[79.90688,8.95507],[79.90696,8.95489],[79.90708,8.95471],[79.90713,8.95452],[79.90715,8.95441],[79.90713,8.95434],[79.90702,8.95424],[79.90683,8.95404],[79.90655,8.95359],[79.90627,8.95319],[79.90616,8.95299],[79.90601,8.95287],[79.90588,8.95275],[79.90584,8.95263],[79.90578,8.95247],[79.90571,8.95236],[79.90552,8.95218],[79.9054,8.95207],[79.90529,8.95189],[79.90523,8.95176],[79.90523,8.95156],[79.90524,8.95135],[79.90519,8.9512],[79.9051,8.95108],[79.905,8.95091],[79.90482,8.95062],[79.90468,8.95036],[79.90448,8.94986],[79.90438,8.94969],[79.90428,8.94956],[79.90416,8.94941],[79.90406,8.94922],[79.90398,8.949],[79.90394,8.94882],[79.90398,8.94869],[79.90405,8.94854],[79.90438,8.94834],[79.9044,8.94828],[79.90434,8.94814],[79.90432,8.94813],[79.90415,8.9482],[79.90399,8.94825],[79.90386,8.94826],[79.90367,8.94823],[79.90308,8.94774],[79.90264,8.94731],[79.90241,8.94716],[79.90222,8.94688],[79.90178,8.94664],[79.90157,8.94657],[79.90139,8.94659],[79.9013,8.94666],[79.90123,8.94679],[79.90115,8.9469],[79.90098,8.947],[79.90026,8.94735],[79.89986,8.94759],[79.89934,8.94805],[79.89906,8.94833],[79.89807,8.9494],[79.89692,8.95032],[79.89653,8.95061],[79.89633,8.9508],[79.89422,8.95232],[79.89397,8.95243],[79.89394,8.95242],[79.89394,8.9524],[79.89404,8.95231],[79.89407,8.95223],[79.89402,8.95216],[79.8935,8.95237],[79.89343,8.95235],[79.89339,8.9523],[79.89339,8.95224],[79.89344,8.95221],[79.89375,8.95208],[79.89382,8.95203],[79.89393,8.95189],[79.89404,8.95163],[79.89434,8.95134],[79.89442,8.95112],[79.89442,8.95102],[79.89445,8.95094],[79.89451,8.95088],[79.89458,8.95089],[79.89467,8.95093],[79.8947,8.95102],[79.89469,8.95113],[79.89473,8.95126],[79.89488,8.95127],[79.89502,8.95124],[79.89519,8.95108],[79.89529,8.95104],[79.89547,8.951],[79.89558,8.95095],[79.89566,8.95088],[79.89571,8.95073],[79.89578,8.95062],[79.89578,8.95054],[79.89574,8.95051],[79.8956,8.95051],[79.89549,8.95056],[79.8951,8.95081],[79.89499,8.95086],[79.8948,8.95085],[79.89464,8.95073],[79.89462,8.9507],[79.89464,8.95067],[79.89467,8.95067],[79.89485,8.95073],[79.89493,8.95071],[79.89501,8.95065],[79.89506,8.95043],[79.8951,8.95036],[79.89508,8.95028],[79.89497,8.95017],[79.89492,8.95006],[79.89494,8.95002],[79.89504,8.95],[79.8951,8.94989],[79.895,8.94972],[79.89483,8.94963],[79.89479,8.94958],[79.89483,8.94952],[79.8949,8.94953],[79.895,8.94959],[79.89517,8.94978],[79.89521,8.94981],[79.89529,8.94982],[79.89533,8.94977],[79.89543,8.94947],[79.89551,8.94933],[79.89557,8.94934],[79.8956,8.9494],[79.89573,8.94939],[79.89583,8.94946],[79.89588,8.94946],[79.89587,8.94942],[79.89583,8.94938],[79.89559,8.9492],[79.89541,8.94902],[79.89535,8.94892],[79.89543,8.94886],[79.89545,8.94882],[79.89543,8.94866],[79.89545,8.9486],[79.89552,8.94849],[79.89582,8.94821],[79.89594,8.94805],[79.89609,8.94765],[79.89622,8.94721],[79.89629,8.94686],[79.8964,8.94667],[79.89671,8.94644],[79.89719,8.94613],[79.89762,8.94591],[79.89788,8.94573],[79.89801,8.94535],[79.89861,8.94468],[79.89876,8.94438],[79.89942,8.94322],[79.89985,8.94271],[79.90011,8.94254],[79.90033,8.94236],[79.90044,8.94223],[79.90104,8.94083],[79.90119,8.94061],[79.90134,8.94046],[79.90177,8.93971],[79.90188,8.93962],[79.90223,8.93946],[79.90229,8.93939],[79.90231,8.93929],[79.90237,8.93887],[79.90243,8.93878],[79.90262,8.93869],[79.90295,8.93847],[79.90309,8.93833],[79.9034,8.93791],[79.90356,8.9378],[79.90368,8.9378],[79.90377,8.93787],[79.90385,8.93811],[79.90395,8.93816],[79.90414,8.93816],[79.90442,8.93811],[79.90491,8.93777],[79.90532,8.93745],[79.90564,8.93715],[79.90615,8.93649],[79.90641,8.93619],[79.90671,8.93592],[79.90696,8.93573],[79.90725,8.93557],[79.90751,8.93546],[79.90816,8.93525],[79.90842,8.93514],[79.90869,8.93498],[79.90913,8.9346],[79.90914,8.93453],[79.90912,8.93449],[79.90893,8.93443],[79.90882,8.93436],[79.90874,8.93425],[79.90866,8.93404],[79.90863,8.93381],[79.90862,8.93329],[79.90866,8.93307],[79.90872,8.93289],[79.90891,8.93245],[79.90911,8.93216],[79.90929,8.93174],[79.90973,8.93126],[79.91,8.93091],[79.91011,8.93071],[79.91028,8.93012],[79.91069,8.92981],[79.91071,8.93091],[79.91049,8.93187],[79.91047,8.9321],[79.91058,8.93241],[79.91065,8.93276],[79.9107,8.93308],[79.9107,8.93336],[79.91074,8.9336],[79.91099,8.9342],[79.91139,8.93543],[79.91159,8.93591],[79.91167,8.93616],[79.91168,8.93675],[79.91165,8.93709],[79.91159,8.93734],[79.91152,8.93751],[79.91116,8.93802],[79.91099,8.93837],[79.91093,8.93856],[79.91092,8.93906],[79.91098,8.93926],[79.91106,8.93944],[79.91112,8.9395],[79.91116,8.9395],[79.9112,8.93946],[79.91119,8.93935],[79.91105,8.9391],[79.91101,8.93894],[79.91104,8.9388],[79.91115,8.93871],[79.91127,8.93867],[79.91137,8.93867],[79.91193,8.93882],[79.91211,8.93894],[79.9123,8.93912],[79.91252,8.93947],[79.91294,8.93991],[79.91304,8.93999],[79.91351,8.94023],[79.91396,8.94078],[79.91404,8.94102],[79.91404,8.94121],[79.91394,8.94139],[79.91376,8.94153],[79.91352,8.94164],[79.91335,8.94169],[79.91303,8.94167],[79.91256,8.94143],[79.91235,8.94138],[79.91221,8.94131],[79.91133,8.94062],[79.91105,8.94048],[79.91029,8.94025],[79.90948,8.94015],[79.90892,8.94004],[79.90872,8.93995],[79.90861,8.93983],[79.90857,8.93971],[79.90845,8.93964],[79.90786,8.93958],[79.90719,8.93935],[79.90706,8.93925],[79.90689,8.93899],[79.90663,8.93884],[79.90631,8.93885],[79.9061,8.93889],[79.90576,8.93905],[79.90403,8.9405],[79.90373,8.94087],[79.90355,8.94111],[79.90329,8.94163],[79.90328,8.94177],[79.90331,8.94199],[79.9033,8.94215],[79.90324,8.94229],[79.90298,8.94264],[79.90282,8.94292],[79.90284,8.94304],[79.903,8.94325],[79.90305,8.94339],[79.90307,8.94358],[79.90312,8.94366],[79.90353,8.94406],[79.9037,8.94432],[79.90416,8.94529],[79.90422,8.94555],[79.90434,8.9458],[79.9051,8.9471],[79.90516,8.94728],[79.90514,8.94746],[79.90506,8.94762],[79.90458,8.94794],[79.90454,8.94801],[79.90455,8.94814],[79.90461,8.94821],[79.90473,8.94823],[79.90518,8.94804],[79.90555,8.94791],[79.90563,8.94792],[79.90579,8.94801],[79.90592,8.94822],[79.90606,8.94862],[79.90616,8.94894],[79.90619,8.94916],[79.90629,8.94933],[79.90645,8.94956],[79.90717,8.95057],[79.90796,8.95179],[79.90866,8.95273],[79.9089,8.95298],[79.90925,8.95319],[79.90948,8.95332],[79.90964,8.95348],[79.90985,8.95389],[79.91024,8.95477],[79.91053,8.95542],[79.91061,8.95571],[79.9107,8.95588],[79.9108,8.956],[79.91101,8.95609],[79.91169,8.95631],[79.91251,8.95682],[79.91308,8.95717],[79.91351,8.95726],[79.91401,8.95723],[79.9146,8.95704],[79.91687,8.95615],[79.91793,8.95543],[79.9185,8.9539],[79.91892,8.953],[79.91953,8.95227],[79.91965,8.95452],[79.91894,8.95573],[79.91745,8.9573],[79.91764,8.95665],[79.91656,8.95705],[79.91617,8.95757],[79.91568,8.95783],[79.91585,8.95832],[79.91604,8.9587],[79.91622,8.95905],[79.91645,8.95936],[79.91651,8.95974],[79.91662,8.96028],[79.91692,8.96086],[79.91713,8.96113],[79.91719,8.96122],[79.91728,8.96127],[79.91738,8.96129],[79.91757,8.96126],[79.91814,8.96119],[79.91841,8.96114],[79.91904,8.96078],[79.91917,8.96077],[79.91923,8.96082],[79.91924,8.96098],[79.91915,8.96129],[79.91891,8.96224],[79.91845,8.96392],[79.91806,8.96542],[79.91765,8.96694],[79.91737,8.96802],[79.91712,8.96888],[79.91696,8.96941],[79.91677,8.97015],[79.91657,8.97071],[79.91649,8.97111],[79.9164,8.97162],[79.91627,8.97192],[79.9162,8.97205],[79.91613,8.97209],[79.91604,8.97208],[79.91584,8.97205],[79.91567,8.972],[79.91555,8.97204],[79.91539,8.97216],[79.91533,8.97229],[79.91532,8.97244],[79.91534,8.97261],[79.91532,8.97304],[79.91533,8.97318],[79.91542,8.97327],[79.91548,8.9733],[79.91552,8.97337],[79.91538,8.97391],[79.91538,8.974],[79.9154,8.97408],[79.91552,8.97413],[79.9156,8.97421],[79.91577,8.97429],[79.91591,8.97432],[79.91602,8.97432],[79.91617,8.97425],[79.91622,8.974],[79.9162,8.97398],[79.9161,8.97396],[79.91608,8.97391],[79.91618,8.97353],[79.91631,8.97319],[79.9163,8.97301],[79.91654,8.97234],[79.9166,8.97187],[79.91681,8.97151],[79.91681,8.97143],[79.91675,8.97136],[79.91679,8.97126],[79.91687,8.97092],[79.91689,8.97067],[79.91697,8.97053],[79.91699,8.97038],[79.91705,8.97026],[79.91713,8.96985],[79.91732,8.9694],[79.91758,8.9682],[79.91773,8.96777],[79.91787,8.96723],[79.91788,8.96711],[79.91795,8.9668],[79.91844,8.96508],[79.91858,8.96447],[79.91887,8.96345],[79.91903,8.96297],[79.91935,8.96173],[79.91967,8.96093],[79.91983,8.96069],[79.91991,8.96062],[79.91997,8.96053],[79.92005,8.9604],[79.92009,8.96023],[79.92014,8.96014],[79.92015,8.95991],[79.92005,8.95921],[79.92015,8.95895],[79.92102,8.95564],[79.92133,8.95462],[79.92142,8.95443],[79.9214,8.95427],[79.92157,8.9538],[79.92157,8.95357],[79.92191,8.9526],[79.9219,8.95234],[79.92201,8.95186],[79.92199,8.95179],[79.92202,8.95155],[79.92207,8.95145],[79.92228,8.9508],[79.92257,8.94953],[79.92277,8.94894],[79.92297,8.948],[79.9231,8.94752],[79.92324,8.94726],[79.92348,8.94707],[79.92366,8.94701],[79.92395,8.947],[79.92423,8.94708],[79.9245,8.94718],[79.92479,8.94733],[79.92494,8.94737],[79.92499,8.94736],[79.92504,8.9473],[79.92516,8.94714],[79.92518,8.94708],[79.92518,8.94699],[79.92512,8.94681],[79.92507,8.94672],[79.92501,8.94669],[79.92494,8.94667],[79.92489,8.94669],[79.92487,8.94674],[79.92491,8.94696],[79.92489,8.94698],[79.92474,8.94701],[79.92471,8.94706],[79.92471,8.94708],[79.92476,8.9471],[79.92498,8.94713],[79.92498,8.94722],[79.92491,8.94724],[79.92483,8.94722],[79.92459,8.9471],[79.92438,8.94691],[79.92412,8.9469],[79.92399,8.94684],[79.92347,8.94647],[79.92344,8.9464],[79.92346,8.9462],[79.92362,8.94569],[79.92368,8.94557],[79.92374,8.94553],[79.92396,8.94549],[79.92423,8.94553],[79.92433,8.94549],[79.92439,8.9455],[79.92458,8.94562],[79.92517,8.94562],[79.92533,8.94567],[79.92537,8.94578],[79.92537,8.94624],[79.92548,8.94654],[79.92568,8.94691],[79.92592,8.94702],[79.92611,8.94702],[79.9264,8.94695],[79.92748,8.94653],[79.92769,8.94648],[79.92795,8.94645],[79.92842,8.94645],[79.92866,8.94651],[79.92883,8.94666],[79.92891,8.94668],[79.92987,8.9464],[79.93021,8.94635],[79.9305,8.94617],[79.93058,8.9461],[79.93064,8.94598],[79.93067,8.94585],[79.93064,8.94533],[79.93071,8.94476],[79.9307,8.94458],[79.93064,8.94433],[79.93063,8.94409],[79.93068,8.94379],[79.93074,8.94361],[79.9308,8.9432],[79.93092,8.94266],[79.93106,8.94247],[79.93126,8.94237],[79.93139,8.94238],[79.93149,8.94238],[79.93157,8.9424],[79.93168,8.94292],[79.93187,8.94331],[79.93193,8.94349],[79.93204,8.94366],[79.9322,8.94377],[79.93249,8.94389],[79.93269,8.94393],[79.93297,8.94394],[79.93308,8.94402],[79.93318,8.94424],[79.93324,8.94472],[79.93321,8.94476],[79.93316,8.94476],[79.93276,8.94447],[79.9327,8.94447],[79.93268,8.94451],[79.93269,8.94457],[79.93284,8.94477],[79.93303,8.9449],[79.93328,8.94501],[79.93395,8.94519],[79.93428,8.94532],[79.9346,8.94541],[79.93542,8.94546],[79.9361,8.94557],[79.93771,8.94568],[79.94051,8.94572],[79.94326,8.94594],[79.94403,8.94606],[79.9443,8.94595],[79.94469,8.94497],[79.94491,8.94463],[79.94508,8.94453],[79.94536,8.94453],[79.94583,8.94462],[79.94627,8.94473],[79.94658,8.94488],[79.94672,8.94505],[79.94681,8.94528],[79.9469,8.94534],[79.94744,8.94545],[79.94772,8.94559],[79.94807,8.94581],[79.94833,8.94602],[79.94864,8.9462],[79.9493,8.94632],[79.94962,8.94632],[79.94985,8.94622],[79.95047,8.94625],[79.9513,8.94623],[79.95162,8.94642],[79.95184,8.9468],[79.95201,8.94728],[79.95216,8.94762],[79.95251,8.94809],[79.95336,8.94914],[79.95345,8.9493],[79.95352,8.94959],[79.95356,8.95013],[79.9535,8.9517],[79.95337,8.95317],[79.95338,8.95375],[79.95358,8.95439],[79.95379,8.95472],[79.95402,8.95482],[79.95419,8.95469],[79.95427,8.95432],[79.95422,8.95407],[79.95429,8.95387],[79.95452,8.95384],[79.95474,8.95402],[79.95492,8.95423],[79.95505,8.95475],[79.95504,8.95536],[79.95491,8.95592],[79.95451,8.95665],[79.9545,8.95709],[79.95455,8.95757],[79.95482,8.95849],[79.95495,8.95871],[79.9552,8.95893],[79.95538,8.95905],[79.95559,8.95913],[79.95604,8.95921],[79.95626,8.95929],[79.95643,8.95938],[79.95662,8.95961],[79.95681,8.95979],[79.95737,8.96018],[79.95794,8.96047],[79.95884,8.96107],[79.95909,8.9613],[79.95922,8.96148],[79.95927,8.96162],[79.95925,8.96182],[79.95928,8.9619],[79.95946,8.96201],[79.95979,8.96216],[79.95997,8.96229],[79.9607,8.963],[79.96124,8.96344],[79.96154,8.9636],[79.96168,8.96372],[79.96175,8.96386],[79.9618,8.96402],[79.96193,8.96464],[79.9621,8.96498],[79.96221,8.96515],[79.96229,8.96522],[79.9626,8.96532],[79.96274,8.96542],[79.96292,8.96566],[79.96308,8.9659],[79.96312,8.96606],[79.96311,8.96619],[79.96313,8.96631],[79.9632,8.96641],[79.9635,8.9666],[79.96408,8.96668],[79.96428,8.96674],[79.96474,8.9667],[79.96484,8.96676],[79.96511,8.96698],[79.96543,8.9672],[79.96565,8.96732],[79.96595,8.96741],[79.96615,8.96755],[79.96684,8.9684],[79.96707,8.96864],[79.96756,8.96909],[79.96795,8.96932],[79.96857,8.96952],[79.96997,8.97009],[79.97035,8.97028],[79.97091,8.97078],[79.9711,8.97099],[79.97146,8.97151],[79.97185,8.97196],[79.97222,8.97226],[79.97249,8.97244],[79.97294,8.97266],[79.97352,8.97287],[79.97374,8.97293],[79.97406,8.97296],[79.97496,8.97293],[79.97526,8.97284],[79.97618,8.9725],[79.97656,8.97232],[79.97675,8.97229],[79.97693,8.97234],[79.97713,8.97245],[79.97739,8.97269],[79.97762,8.97282],[79.97842,8.97321],[79.97897,8.97344],[79.97931,8.97355],[79.98027,8.97372],[79.9808,8.97388],[79.98101,8.9739],[79.98167,8.97391],[79.98234,8.97398],[79.98286,8.97406],[79.98339,8.97422],[79.98398,8.97454],[79.98425,8.97477],[79.98474,8.97511],[79.98537,8.97559],[79.98605,8.97619],[79.98724,8.97716],[79.98755,8.97753],[79.98837,8.97916],[79.98838,8.9793],[79.98835,8.97967],[79.98841,8.97985],[79.9886,8.98013],[79.98864,8.98028],[79.98866,8.98071],[79.98881,8.98118],[79.98885,8.98156],[79.98899,8.98226],[79.98903,8.98267],[79.98899,8.98306],[79.989,8.98323],[79.9891,8.98359],[79.98922,8.98377],[79.98925,8.98387],[79.98921,8.98445],[79.98927,8.98478],[79.98943,8.98513],[79.98947,8.98532],[79.98957,8.98548],[79.98964,8.98577],[79.98977,8.98594],[79.9899,8.98625],[79.98995,8.9863],[79.99019,8.98643],[79.99035,8.9867],[79.99044,8.98694],[79.9905,8.98753],[79.99062,8.98788],[79.99067,8.98827],[79.9907,8.98838],[79.99082,8.98859],[79.99084,8.98868],[79.99081,8.98896],[79.99081,8.98907],[79.99084,8.98916],[79.99101,8.98953],[79.99145,8.99016],[79.99156,8.99038],[79.99174,8.99088],[79.99185,8.99171],[79.99185,8.99184],[79.99183,8.99192],[79.99165,8.99215],[79.99161,8.99222],[79.99161,8.9923],[79.99172,8.99268],[79.99173,8.99285],[79.99171,8.99299],[79.99167,8.99309],[79.99114,8.99363],[79.99111,8.99369],[79.9911,8.99433],[79.99107,8.99442],[79.99088,8.99475],[79.99085,8.99483],[79.99087,8.99524],[79.99085,8.99546],[79.99077,8.99564],[79.99082,8.99578],[79.99084,8.99578],[79.99087,8.99575],[79.99089,8.99558],[79.99097,8.9955],[79.99128,8.99533],[79.99162,8.99522],[79.99187,8.99517],[79.9921,8.99517],[79.99224,8.99518],[79.99243,8.99523],[79.99259,8.99531],[79.99288,8.99552],[79.99311,8.99561],[79.99354,8.99559],[79.99364,8.99562],[79.99378,8.99576],[79.99388,8.99581],[79.99391,8.9958],[79.99393,8.99576],[79.99394,8.99571],[79.9939,8.99555],[79.99392,8.99551],[79.99396,8.9955],[79.99407,8.99553],[79.99421,8.99573],[79.99431,8.99581],[79.99454,8.99593],[79.99463,8.99596],[79.99471,8.99595],[79.99486,8.99589],[79.99495,8.99587],[79.99501,8.99589],[79.99508,8.99593],[79.99518,8.99604],[79.99529,8.99625],[79.99532,8.99635],[79.99525,8.99663],[79.99524,8.99679],[79.99533,8.997],[79.99545,8.99714],[79.9957,8.99734],[79.99603,8.99753],[79.99626,8.99773],[79.99635,8.99776],[79.99644,8.99774],[79.99653,8.99769],[79.99678,8.99746],[79.99688,8.99743],[79.99696,8.99743],[79.99707,8.99749],[79.99721,8.99763],[79.99724,8.99769],[79.99726,8.99786],[79.99725,8.99805],[79.99729,8.99818],[79.99733,8.99823],[79.99752,8.99829],[79.99798,8.99861],[79.99814,8.99881],[79.99858,8.99903],[79.99859,8.99907],[79.99858,8.99912],[79.99844,8.99926],[79.99841,8.99932],[79.99842,8.99938],[79.99847,8.99942],[79.99855,8.99944],[79.9992,8.99939],[79.99932,8.99947],[79.99954,8.9998],[79.99964,8.99988],[79.99985,8.99991],[79.99991,9.00006],[79.99997,9.00009],[80.00001,9.00005],[80.00013,8.99966],[80.00033,8.99936],[80.00041,8.9993],[80.00049,8.99928],[80.00058,8.99931],[80.00072,8.99948],[80.00076,8.99965],[80.00084,8.99965],[80.00096,8.99961],[80.00122,8.99962],[80.00167,8.99977],[80.00217,9.00006],[80.00345,9.00076],[80.00418,9.00119],[80.00464,9.00152],[80.00546,9.00212],[80.0058,9.00241],[80.00594,9.0026],[80.00599,9.00271],[80.00599,9.00282],[80.00591,9.00304],[80.00596,9.00315],[80.00604,9.0032],[80.00614,9.00321],[80.00625,9.0032],[80.00645,9.00313],[80.00655,9.00314],[80.00664,9.00321],[80.00695,9.00355],[80.00734,9.00384],[80.00748,9.00405],[80.00754,9.00418],[80.00752,9.0043],[80.00744,9.00439],[80.00738,9.00448],[80.00742,9.0046],[80.00785,9.00504],[80.00804,9.00519],[80.00819,9.00525],[80.00845,9.00527],[80.00862,9.00531],[80.00876,9.00538],[80.00895,9.00559],[80.00913,9.00583],[80.00958,9.00665],[80.0096,9.0068],[80.00959,9.00696],[80.00947,9.00725],[80.00947,9.00733],[80.00968,9.00767],[80.00979,9.00779],[80.00995,9.00785],[80.01006,9.00784],[80.01013,9.00778],[80.01035,9.00771],[80.01049,9.00773],[80.01063,9.00782],[80.01079,9.00798],[80.01093,9.0082],[80.01122,9.00879],[80.01132,9.00905],[80.01134,9.00918],[80.01141,9.00928],[80.01162,9.00945],[80.01179,9.00963],[80.01188,9.00977],[80.01203,9.01018],[80.0121,9.01044],[80.01212,9.01077],[80.01216,9.01084],[80.01224,9.0109],[80.01233,9.01093],[80.01244,9.01094],[80.01278,9.01083],[80.01286,9.01087],[80.01289,9.01095],[80.0129,9.01105],[80.01306,9.0116],[80.01311,9.0117],[80.01315,9.01172],[80.01367,9.01177],[80.01526,9.01258],[80.01558,9.0127],[80.01577,9.0127],[80.01598,9.01267],[80.01645,9.01257],[80.01664,9.01252],[80.01704,9.01219],[80.0172,9.01215],[80.01739,9.01218],[80.01788,9.01234],[80.01853,9.01264],[80.01874,9.01281],[80.01898,9.0137],[80.01902,9.0138],[80.0191,9.01386],[80.01918,9.01391],[80.01943,9.01399],[80.0196,9.01407],[80.01976,9.01422],[80.02021,9.01436],[80.02072,9.01466],[80.02093,9.01475],[80.02119,9.01478],[80.02125,9.01476],[80.02135,9.01472],[80.02144,9.01463],[80.02157,9.01442],[80.02167,9.01437],[80.02178,9.01436],[80.02203,9.01442],[80.02218,9.01439],[80.02227,9.01433],[80.0226,9.01428],[80.02282,9.01429],[80.02361,9.01445],[80.02383,9.01454],[80.02393,9.01464],[80.02404,9.01492],[80.02412,9.01504],[80.02421,9.01513],[80.02431,9.01517],[80.02481,9.01512],[80.02498,9.01515],[80.02517,9.01523],[80.02525,9.01524],[80.02586,9.01499],[80.02606,9.015],[80.02636,9.01496],[80.0265,9.01496],[80.02671,9.01502],[80.02687,9.01509],[80.02701,9.01523],[80.0271,9.0154],[80.02719,9.01551],[80.02756,9.01576],[80.02802,9.0163],[80.02823,9.01665],[80.02834,9.01679],[80.02848,9.01688],[80.0286,9.01693],[80.02873,9.01693],[80.02911,9.01685],[80.02961,9.01678],[80.02971,9.01674],[80.03018,9.01643],[80.03116,9.016],[80.03166,9.01589],[80.03285,9.01552],[80.034,9.01526],[80.03455,9.01519],[80.03502,9.01519],[80.03527,9.01531],[80.03538,9.01532],[80.03562,9.01512],[80.03604,9.01496],[80.03639,9.01477],[80.03684,9.01462],[80.0371,9.01456],[80.03721,9.01456],[80.03725,9.01459],[80.03735,9.01476],[80.03739,9.01488],[80.03741,9.01516],[80.03735,9.01556],[80.03738,9.01559],[80.03744,9.01559],[80.03754,9.01552],[80.03787,9.01508],[80.03829,9.01477],[80.03834,9.01476],[80.03837,9.01478],[80.03838,9.01481],[80.03832,9.01506],[80.03805,9.01577],[80.03804,9.01589],[80.03808,9.01596],[80.03816,9.016],[80.03832,9.01603],[80.03867,9.01607],[80.03893,9.0162],[80.03905,9.01622],[80.03941,9.01613],[80.03958,9.01611],[80.03975,9.01614],[80.03988,9.0162],[80.04023,9.01624],[80.04041,9.01631],[80.04053,9.01639],[80.0406,9.01651],[80.04062,9.01665],[80.04036,9.01688],[80.03912,9.01739],[80.03904,9.01746],[80.03887,9.0178],[80.03839,9.01836],[80.03834,9.01848],[80.03835,9.01858],[80.0384,9.01867],[80.03849,9.01875],[80.0386,9.01881],[80.03873,9.01883],[80.03913,9.01882],[80.03923,9.01888],[80.03926,9.01898],[80.03924,9.01921],[80.03919,9.01936],[80.039,9.01959],[80.03895,9.01975],[80.03892,9.01994],[80.03892,9.0203],[80.039,9.02047],[80.03955,9.02102],[80.03966,9.02107],[80.03995,9.02113],[80.04045,9.02142],[80.0416,9.02198],[80.04201,9.02222],[80.04223,9.0224],[80.04294,9.02305],[80.04299,9.02322],[80.04298,9.0234],[80.04292,9.02364],[80.04296,9.0237],[80.04317,9.02378],[80.04355,9.02401],[80.0438,9.02412],[80.04447,9.02446],[80.04478,9.02465],[80.04498,9.02481],[80.04512,9.02496],[80.04518,9.02506],[80.04519,9.02518],[80.04512,9.02533],[80.04487,9.02544],[80.04473,9.02554],[80.04464,9.02569],[80.04448,9.02624],[80.04442,9.02661],[80.04441,9.02679],[80.04446,9.02694],[80.04453,9.02709],[80.04493,9.02755],[80.04536,9.02794],[80.04541,9.02794],[80.04544,9.0279],[80.04536,9.0276],[80.04534,9.02741],[80.04536,9.02731],[80.04546,9.02726],[80.04558,9.02728],[80.04599,9.02742],[80.04616,9.02753],[80.04624,9.02765],[80.04626,9.02776],[80.04616,9.02825],[80.04617,9.02843],[80.04622,9.0285],[80.04633,9.02856],[80.04663,9.02856],[80.04688,9.02865],[80.04694,9.02871],[80.04693,9.0288],[80.04687,9.02891],[80.04683,9.02918],[80.0467,9.02938],[80.0467,9.02951],[80.04674,9.02957],[80.04706,9.02969],[80.04738,9.02969],[80.04768,9.02972],[80.04787,9.0298],[80.04802,9.02996],[80.04812,9.03022],[80.04855,9.03096],[80.0487,9.03133],[80.04875,9.0316],[80.04868,9.03184],[80.04855,9.03197],[80.04853,9.03213],[80.04856,9.03228],[80.04868,9.03253],[80.04883,9.03276],[80.0489,9.03309],[80.04888,9.03319],[80.04884,9.03336],[80.04874,9.03364],[80.04874,9.0338],[80.04888,9.03405],[80.04916,9.03444],[80.04948,9.03477],[80.0501,9.03518],[80.05033,9.03545],[80.05049,9.03568],[80.05057,9.03602],[80.05054,9.03676],[80.05057,9.03717],[80.05075,9.03751],[80.05104,9.03782],[80.05116,9.03814],[80.05114,9.03853],[80.05099,9.03886],[80.05082,9.03897],[80.05063,9.03924],[80.05064,9.03961],[80.05071,9.03999],[80.05073,9.04041],[80.05082,9.0408],[80.05135,9.04166],[80.05189,9.04231],[80.05258,9.04342],[80.05275,9.04374],[80.05304,9.04466],[80.05324,9.04517],[80.05342,9.04546],[80.05369,9.04572],[80.05396,9.04608],[80.05442,9.04707],[80.0545,9.04737],[80.05451,9.04775],[80.05455,9.04791],[80.05486,9.04812],[80.05502,9.04831],[80.05524,9.04871],[80.05552,9.0491],[80.05579,9.04937],[80.05645,9.0499],[80.05685,9.05044],[80.05698,9.05084],[80.05707,9.05142],[80.0571,9.05186],[80.0571,9.05239],[80.05717,9.05286],[80.05769,9.05367],[80.05812,9.05411],[80.05847,9.05435],[80.05878,9.05449],[80.05902,9.05467],[80.05938,9.05523],[80.05957,9.05567],[80.05974,9.05595],[80.0604,9.05667],[80.06068,9.05681],[80.06118,9.05699],[80.06153,9.05716],[80.06224,9.05762],[80.06259,9.05798],[80.06283,9.05832],[80.0631,9.05853],[80.06346,9.05869],[80.06371,9.05873],[80.0639,9.05869],[80.06406,9.05872],[80.06418,9.05889],[80.06427,9.05907],[80.06443,9.05961],[80.06461,9.05999],[80.06475,9.06005],[80.0649,9.05998],[80.06503,9.05996],[80.06514,9.05999],[80.06529,9.06],[80.06549,9.06008],[80.06555,9.06016],[80.06561,9.06041],[80.06564,9.06044],[80.06578,9.06047],[80.06581,9.06063],[80.06578,9.06087],[80.0659,9.0611],[80.06593,9.06113],[80.06613,9.06109],[80.06623,9.06115],[80.06648,9.06132],[80.06663,9.06155],[80.06701,9.06237],[80.06731,9.06286],[80.06743,9.06325],[80.06755,9.06346],[80.06774,9.06387],[80.06797,9.06413],[80.06806,9.06433],[80.06811,9.06471],[80.06815,9.06477],[80.06825,9.06484],[80.06861,9.065],[80.06872,9.06515],[80.06882,9.0657],[80.06882,9.06595],[80.06896,9.06606],[80.06908,9.0661],[80.06912,9.06615],[80.06911,9.06622],[80.06903,9.06626],[80.06897,9.06635],[80.06897,9.0664],[80.06906,9.06651],[80.06912,9.06655],[80.06914,9.06666],[80.06911,9.06674],[80.06896,9.06693],[80.06895,9.0672],[80.06885,9.06744],[80.06883,9.06757],[80.06887,9.06778],[80.06895,9.06799],[80.06896,9.06811],[80.06894,9.0682],[80.06883,9.06833],[80.06879,9.06865],[80.06881,9.06896],[80.06889,9.06978],[80.06896,9.07008],[80.06912,9.07048],[80.06974,9.07177],[80.06998,9.07208],[80.07027,9.07239],[80.07032,9.07252],[80.0703,9.07301],[80.07038,9.07326],[80.07046,9.07372],[80.07042,9.07395],[80.07043,9.07413],[80.07057,9.07455],[80.07076,9.07576],[80.07084,9.07658],[80.07094,9.07702],[80.07126,9.07777],[80.07177,9.07884],[80.07192,9.07945],[80.07199,9.07994],[80.07217,9.08073],[80.07221,9.08149],[80.07219,9.08164],[80.07179,9.08217],[80.07141,9.08291],[80.07139,9.08321],[80.07135,9.08332],[80.07108,9.08366],[80.07099,9.08381],[80.07095,9.08391],[80.07097,9.08416],[80.07089,9.08434],[80.07084,9.08441],[80.07083,9.08447],[80.07095,9.08462],[80.07105,9.08483],[80.07105,9.08506],[80.07098,9.0852],[80.07081,9.08549],[80.07033,9.08613],[80.07022,9.08637],[80.07019,9.08655],[80.07002,9.08681],[80.07002,9.08693],[80.06997,9.08712],[80.06999,9.08722],[80.07063,9.08822],[80.07095,9.08883],[80.07122,9.09014],[80.07127,9.09052],[80.07126,9.09087],[80.0713,9.09145],[80.07133,9.09157],[80.07144,9.09186],[80.07156,9.09199],[80.07171,9.09207],[80.07225,9.09209],[80.07291,9.09229],[80.07302,9.09235],[80.0733,9.09238],[80.07339,9.09242],[80.07343,9.09247],[80.07346,9.09292],[80.07342,9.09319],[80.07339,9.09371],[80.07333,9.09385],[80.07328,9.09406],[80.0731,9.09448],[80.07311,9.09501],[80.07326,9.09555],[80.07337,9.09593],[80.07344,9.09618],[80.07356,9.09648],[80.07373,9.0968],[80.07393,9.09704],[80.07399,9.09717],[80.074,9.09726],[80.07397,9.09736],[80.07382,9.09758],[80.07377,9.09769],[80.07375,9.09779],[80.07377,9.09789],[80.07381,9.09796],[80.07385,9.0982],[80.07396,9.09836],[80.07413,9.09844],[80.07423,9.09855],[80.0743,9.09864],[80.07446,9.09892],[80.07461,9.09907],[80.07487,9.09923],[80.0752,9.09951],[80.07541,9.09955],[80.07647,9.09941],[80.07667,9.09933],[80.07692,9.0992],[80.07706,9.09917],[80.07713,9.09918],[80.07722,9.09924],[80.07722,9.09928],[80.07719,9.09933],[80.07702,9.09949],[80.07699,9.09955],[80.07697,9.09963],[80.07695,9.09991],[80.07689,9.10018],[80.07676,9.10055],[80.07666,9.10069],[80.07649,9.1008],[80.07631,9.10082],[80.07621,9.10089],[80.07614,9.10112],[80.07609,9.10146],[80.07612,9.10153],[80.07619,9.10159],[80.07623,9.10169],[80.07619,9.10185],[80.07597,9.1022],[80.07528,9.10287],[80.07505,9.103],[80.07477,9.1031],[80.0744,9.10336],[80.07429,9.10356],[80.07428,9.10373],[80.07432,9.10403],[80.07428,9.10424],[80.07428,9.10437],[80.07444,9.10452],[80.07493,9.10485],[80.07503,9.10495],[80.07508,9.10508],[80.07499,9.10553],[80.07489,9.10574],[80.07477,9.10587],[80.07425,9.10619],[80.07414,9.10632],[80.07411,9.10641],[80.07412,9.10651],[80.07419,9.10671],[80.0744,9.10698],[80.07551,9.10871],[80.07586,9.10973],[80.07605,9.11044],[80.07614,9.11111],[80.07616,9.11191],[80.07614,9.11265],[80.07616,9.11299],[80.07634,9.11342],[80.07652,9.11359],[80.07673,9.11392],[80.07681,9.11421],[80.07682,9.11444],[80.07666,9.11463],[80.07662,9.11479],[80.07663,9.11498],[80.07671,9.11533],[80.07679,9.11546],[80.07684,9.11561],[80.07684,9.11571],[80.07664,9.11607],[80.07644,9.11637],[80.0764,9.11657],[80.07644,9.11671],[80.0764,9.11688],[80.07616,9.11718],[80.07612,9.11732],[80.07614,9.11745],[80.0771,9.11929],[80.07733,9.11992],[80.07749,9.12026],[80.07759,9.12045],[80.07783,9.12075],[80.07798,9.12101],[80.07805,9.12133],[80.07803,9.12178],[80.07754,9.12267],[80.0769,9.12344],[80.07584,9.12446],[80.07571,9.12471],[80.07567,9.12492],[80.07582,9.12557],[80.076,9.12631],[80.07619,9.12671],[80.07638,9.12704],[80.07686,9.12769],[80.07721,9.12796],[80.07729,9.12809],[80.0773,9.12824],[80.07728,9.12841],[80.0773,9.12848],[80.07736,9.12856],[80.07758,9.12872],[80.07764,9.12889],[80.07775,9.12896],[80.07783,9.12906],[80.0779,9.12907],[80.07809,9.12884],[80.0783,9.12872],[80.07849,9.12857],[80.07882,9.12849],[80.0792,9.12856],[80.07974,9.12903],[80.07987,9.12922],[80.08001,9.12937],[80.08006,9.1294],[80.08035,9.12943],[80.08039,9.12947],[80.08039,9.12968],[80.08031,9.12996],[80.08025,9.13006],[80.08023,9.13019],[80.08025,9.13026],[80.08024,9.13049],[80.08026,9.13056],[80.08035,9.1307],[80.08043,9.13124],[80.08061,9.13139],[80.08077,9.13145],[80.08105,9.13149],[80.08116,9.13155],[80.08116,9.13159],[80.08108,9.13166],[80.08107,9.13172],[80.08107,9.13177],[80.08118,9.13202],[80.08117,9.1322],[80.08113,9.13231],[80.08113,9.13244],[80.08107,9.13269],[80.08106,9.13293],[80.08109,9.1331],[80.08121,9.13341],[80.0813,9.1335],[80.08174,9.13411],[80.08235,9.13548],[80.08274,9.13652],[80.08312,9.13799],[80.0831,9.13821],[80.08299,9.13844],[80.08299,9.13868],[80.08314,9.13895],[80.08321,9.13929],[80.08321,9.13964],[80.08324,9.13994],[80.08333,9.14021],[80.08358,9.14056],[80.08382,9.14075],[80.08474,9.14158],[80.08546,9.14212],[80.08606,9.14287],[80.08613,9.1432],[80.08616,9.14347],[80.08599,9.14389],[80.08595,9.14409],[80.08599,9.14432],[80.08606,9.14448],[80.08617,9.14461],[80.08667,9.14549],[80.08663,9.14582],[80.08689,9.14615],[80.08742,9.14661],[80.08747,9.1467],[80.08748,9.14678],[80.08753,9.14687],[80.0876,9.14692],[80.08778,9.14732],[80.08793,9.14781],[80.088,9.14814],[80.08806,9.14829],[80.08812,9.14834],[80.08872,9.14858],[80.08933,9.14874],[80.09026,9.14902],[80.09074,9.14919],[80.09086,9.14921],[80.09097,9.14926],[80.0914,9.14987],[80.0914,9.14999],[80.09138,9.15007],[80.09106,9.15053],[80.09095,9.15081],[80.09099,9.15098],[80.09119,9.15134],[80.09133,9.15144],[80.0914,9.15143],[80.09151,9.15136],[80.09166,9.1512],[80.0919,9.15102],[80.09247,9.15092],[80.0927,9.15099],[80.09297,9.15116],[80.09308,9.15129],[80.09314,9.15144],[80.09314,9.15155],[80.09309,9.15173],[80.09292,9.15203],[80.09295,9.1521],[80.09302,9.15218],[80.09319,9.15224],[80.09338,9.15237],[80.09364,9.15259],[80.09386,9.15289],[80.09389,9.153],[80.09394,9.15308],[80.09401,9.15311],[80.09481,9.15311],[80.09507,9.15313],[80.09522,9.15316],[80.0955,9.15327],[80.09572,9.15336],[80.09587,9.15348],[80.09611,9.15375],[80.09669,9.15514],[80.09683,9.15539],[80.09693,9.15567],[80.09704,9.1561],[80.09716,9.15632],[80.09755,9.15682],[80.09773,9.157],[80.09821,9.15734],[80.09859,9.15778],[80.09862,9.15799],[80.09846,9.15845],[80.0985,9.15906],[80.09848,9.15914],[80.09837,9.15929],[80.09837,9.15938],[80.09841,9.15947],[80.09845,9.15949],[80.09857,9.15949],[80.09875,9.15928],[80.09886,9.15921],[80.09902,9.15921],[80.09932,9.15929],[80.09936,9.15933],[80.09939,9.15958],[80.09967,9.16005],[80.09972,9.16022],[80.09975,9.16047],[80.1,9.16077],[80.10051,9.16151],[80.10081,9.16203],[80.10097,9.16241],[80.10107,9.16287],[80.10109,9.1636],[80.10107,9.16396],[80.1011,9.16433],[80.10118,9.16474],[80.10122,9.16572],[80.1012,9.16654],[80.10115,9.16701],[80.10092,9.16833],[80.10087,9.16882],[80.10079,9.16898],[80.10075,9.16915],[80.10077,9.1699],[80.10087,9.1704],[80.101,9.1709],[80.10114,9.17155],[80.10137,9.17189],[80.10148,9.17216],[80.10164,9.17239],[80.10192,9.17271],[80.10295,9.17404],[80.10326,9.17447],[80.10336,9.17467],[80.10343,9.17499],[80.10346,9.17549],[80.10351,9.17576],[80.1035,9.17604],[80.10347,9.17616],[80.10347,9.17623],[80.10352,9.17651],[80.10356,9.17682],[80.10355,9.17726],[80.10339,9.17793],[80.10336,9.17822],[80.10348,9.17868],[80.10349,9.1789],[80.10344,9.17926],[80.10344,9.17956],[80.1035,9.17993],[80.10366,9.18049],[80.10377,9.18067],[80.10402,9.18089],[80.10411,9.1809],[80.10432,9.18085],[80.10435,9.18083],[80.10437,9.18075],[80.10436,9.18071],[80.10412,9.18081],[80.10405,9.18078],[80.10404,9.18068],[80.10406,9.18054],[80.10404,9.18048],[80.10397,9.18043],[80.10379,9.18012],[80.10387,9.17999],[80.10405,9.1798],[80.10426,9.17986],[80.10456,9.18007],[80.10464,9.18018],[80.10503,9.18053],[80.1054,9.18099],[80.10605,9.18211],[80.10621,9.18229],[80.10632,9.18262],[80.10637,9.18322],[80.10637,9.18365],[80.1063,9.184],[80.10627,9.18431],[80.10629,9.18453],[80.10622,9.18482],[80.10607,9.18576],[80.10594,9.18623],[80.1058,9.18657],[80.10591,9.18739],[80.1059,9.18763],[80.10551,9.18876],[80.10547,9.18904],[80.10547,9.18932],[80.10553,9.18995],[80.10552,9.19019],[80.10528,9.19099],[80.10511,9.19172],[80.10491,9.19331],[80.10489,9.19367],[80.10474,9.1944],[80.1046,9.19486],[80.10461,9.19538],[80.10472,9.19567],[80.10478,9.19575],[80.10494,9.19587],[80.10498,9.196],[80.10497,9.19612],[80.10489,9.19628],[80.10486,9.19669],[80.10473,9.19711],[80.1047,9.19727],[80.1047,9.19747],[80.10477,9.1976],[80.10495,9.19776],[80.10514,9.19783],[80.10554,9.19807],[80.10573,9.19813],[80.10586,9.19811],[80.10601,9.19813],[80.10615,9.1982],[80.10632,9.19854],[80.10636,9.19877],[80.10646,9.19898],[80.10647,9.19941],[80.10671,9.19987],[80.10675,9.20014],[80.107,9.20071],[80.10707,9.20081],[80.10719,9.20091],[80.10727,9.20094],[80.10783,9.20094],[80.10812,9.20102],[80.10826,9.20103],[80.10827,9.20102],[80.10825,9.20099],[80.10807,9.20089],[80.10797,9.20079],[80.10777,9.20068],[80.1077,9.20053],[80.10759,9.20051],[80.10747,9.20043],[80.10727,9.20022],[80.10729,9.20015],[80.10745,9.20007],[80.1075,9.20007],[80.10758,9.2001],[80.10781,9.20003],[80.10783,9.19988],[80.1079,9.19981],[80.108,9.19981],[80.10813,9.19997],[80.10823,9.20004],[80.10827,9.20004],[80.10809,9.19985],[80.10807,9.19968],[80.10804,9.19962],[80.10779,9.19937],[80.10776,9.19922],[80.10757,9.19896],[80.10732,9.19872],[80.10725,9.1986],[80.10719,9.19848],[80.10718,9.1984],[80.10711,9.19817],[80.10711,9.19807],[80.10715,9.19797],[80.10718,9.19793],[80.10729,9.19792],[80.10739,9.19796],[80.10745,9.19807],[80.10768,9.19837],[80.10773,9.19841],[80.10778,9.19842],[80.10782,9.19839],[80.10783,9.19831],[80.1078,9.19822],[80.10767,9.19798],[80.10764,9.19766],[80.10768,9.19749],[80.10763,9.1971],[80.10766,9.197],[80.10772,9.19694],[80.10792,9.19684],[80.1083,9.19671],[80.10846,9.19658],[80.1088,9.1966],[80.10891,9.19663],[80.109,9.19672],[80.10913,9.19691],[80.10916,9.19702],[80.10907,9.19732],[80.10901,9.19766],[80.109,9.19786],[80.10902,9.19795],[80.10907,9.198],[80.10915,9.19801],[80.10924,9.19798],[80.1093,9.19784],[80.10937,9.19754],[80.10944,9.1975],[80.10955,9.19749],[80.10968,9.19755],[80.10991,9.1979],[80.11,9.19793],[80.1101,9.19792],[80.11023,9.19787],[80.1103,9.19781],[80.11041,9.19765],[80.1105,9.1976],[80.11056,9.1976],[80.1106,9.19769],[80.11066,9.19802],[80.11076,9.19832],[80.11079,9.19866],[80.11087,9.19899],[80.11091,9.1993],[80.11095,9.1995],[80.11104,9.19967],[80.11104,9.1998],[80.11108,9.19992],[80.11111,9.20015],[80.11122,9.20039],[80.11134,9.20055],[80.1114,9.20081],[80.11158,9.20111],[80.11168,9.20134],[80.1119,9.20167],[80.11214,9.20187],[80.11226,9.2021],[80.11236,9.20219],[80.11242,9.20232],[80.11257,9.20248],[80.11266,9.20272],[80.11277,9.20292],[80.11287,9.20318],[80.11332,9.20406],[80.11387,9.2049],[80.11409,9.20511],[80.11427,9.2052],[80.11437,9.20521],[80.1145,9.20531],[80.11467,9.20577],[80.11471,9.20593],[80.11469,9.20635],[80.11474,9.20644],[80.11487,9.20649],[80.11495,9.20656],[80.11504,9.20671],[80.11511,9.20686],[80.11522,9.20723],[80.11554,9.20758],[80.1157,9.2077],[80.11598,9.20813],[80.11615,9.20845],[80.11681,9.20892],[80.11708,9.20921],[80.11745,9.20978],[80.11767,9.21018],[80.11771,9.21034],[80.11782,9.21054],[80.1179,9.21063],[80.11837,9.21098],[80.1186,9.2112],[80.11882,9.2115],[80.11884,9.21169],[80.11881,9.21198],[80.11875,9.21216],[80.11857,9.21257],[80.11836,9.21333],[80.11835,9.21377],[80.11831,9.21413],[80.11839,9.21431],[80.11865,9.21448],[80.11887,9.21471],[80.11909,9.21489],[80.11911,9.215],[80.119,9.21536],[80.11888,9.2159],[80.11877,9.21607],[80.11871,9.21622],[80.11826,9.2175],[80.11823,9.21763],[80.11824,9.21768],[80.11827,9.21776],[80.11827,9.21791],[80.11844,9.2183],[80.11856,9.21849],[80.11891,9.21894],[80.11916,9.21918],[80.11922,9.2193],[80.11927,9.21945],[80.11936,9.21961],[80.11948,9.21991],[80.11959,9.22011],[80.11981,9.22037],[80.12008,9.22087],[80.12013,9.22122],[80.12023,9.22145],[80.12024,9.22154],[80.12022,9.22204],[80.12025,9.22215],[80.12025,9.22235],[80.12017,9.22252],[80.12014,9.22265],[80.12013,9.22291],[80.12022,9.22313],[80.12025,9.22344],[80.12031,9.22368],[80.12034,9.22378],[80.12041,9.22388],[80.12043,9.22396],[80.12045,9.22415],[80.12049,9.22431],[80.12049,9.22448],[80.12051,9.22463],[80.1205,9.22476],[80.12053,9.22495],[80.12052,9.22514],[80.12048,9.22538],[80.12042,9.22582],[80.12031,9.22614],[80.12025,9.22645],[80.12009,9.22689],[80.12,9.22719],[80.11992,9.22738],[80.11983,9.22759],[80.11974,9.22784],[80.11967,9.22802],[80.11963,9.22815],[80.11961,9.22822],[80.11957,9.22834],[80.11954,9.22846],[80.11953,9.22855],[80.11954,9.22869],[80.11954,9.22887],[80.11942,9.22927],[80.11939,9.22939],[80.11935,9.2295],[80.1193,9.22964],[80.11926,9.22973],[80.11924,9.22986],[80.11921,9.22999],[80.11918,9.23008],[80.11914,9.23015],[80.11908,9.23032],[80.11897,9.23055],[80.11894,9.23066],[80.11892,9.23075],[80.11885,9.23095],[80.11883,9.23108],[80.1188,9.2312],[80.11873,9.23128],[80.11866,9.23138],[80.11862,9.23149],[80.11862,9.23157],[80.11861,9.23166],[80.11854,9.23185],[80.11845,9.23202],[80.11841,9.23206],[80.11837,9.23215],[80.11833,9.2323],[80.11829,9.23242],[80.11822,9.23256],[80.11818,9.23266],[80.11811,9.23281],[80.11803,9.23291],[80.11792,9.23309],[80.11786,9.23326],[80.11779,9.23346],[80.11765,9.23381],[80.11758,9.23399],[80.11755,9.23416],[80.11754,9.23429],[80.11751,9.23446],[80.1175,9.23457],[80.11751,9.23471],[80.11754,9.23478],[80.11759,9.23485],[80.11764,9.23491],[80.11775,9.23503],[80.1178,9.23515],[80.11784,9.23527],[80.11789,9.23552],[80.11788,9.23565],[80.11781,9.23584],[80.11775,9.23598],[80.1176,9.23622],[80.11747,9.23642],[80.11731,9.23668],[80.11725,9.23681],[80.11716,9.23695],[80.11712,9.23704],[80.11716,9.23714],[80.11719,9.23723],[80.11718,9.23738],[80.11716,9.23751],[80.11712,9.2377],[80.11708,9.23801],[80.11704,9.23832],[80.11697,9.23853],[80.11695,9.23867],[80.11693,9.2388],[80.11693,9.2389],[80.11696,9.23908],[80.11703,9.2392],[80.11712,9.23936],[80.11715,9.23944],[80.11718,9.2396],[80.1172,9.23971],[80.1172,9.23981],[80.11718,9.23996],[80.11714,9.24008],[80.11709,9.24024],[80.11706,9.24038],[80.11706,9.24051],[80.11715,9.24061],[80.11726,9.24076],[80.11733,9.24083],[80.11735,9.24095],[80.11741,9.2411],[80.11745,9.24135],[80.11747,9.24161],[80.11745,9.24184],[80.11747,9.24198],[80.11748,9.24213],[80.11751,9.24239],[80.11751,9.24256],[80.11746,9.24277],[80.11739,9.24293],[80.11733,9.24304],[80.11721,9.2432],[80.11713,9.24331],[80.11711,9.24335],[80.1171,9.24341],[80.11712,9.24354],[80.11715,9.24372],[80.11718,9.24385],[80.11721,9.24391],[80.11726,9.24396],[80.11737,9.24402],[80.11744,9.24411],[80.11749,9.2442],[80.11755,9.24432],[80.11759,9.24443],[80.11761,9.24454],[80.11761,9.24464],[80.11762,9.24475],[80.11762,9.24483],[80.11762,9.2449],[80.11764,9.24497],[80.11767,9.24505],[80.11776,9.24521],[80.11784,9.24542],[80.11787,9.2455],[80.11794,9.24567],[80.11807,9.24593],[80.1182,9.24617],[80.11825,9.24639],[80.11833,9.24661],[80.11839,9.24681],[80.11844,9.24701],[80.11856,9.24741],[80.11865,9.24762],[80.11868,9.24771],[80.11875,9.2478],[80.11883,9.24787],[80.11894,9.24798],[80.11901,9.24813],[80.11914,9.24835],[80.11924,9.24862],[80.11925,9.24882],[80.11928,9.24901],[80.11936,9.24918],[80.11944,9.24925],[80.11952,9.24928],[80.11957,9.24933],[80.11958,9.24939],[80.11964,9.24951],[80.11969,9.24961],[80.11984,9.2498],[80.11996,9.24998],[80.12006,9.25009],[80.12012,9.25026],[80.12012,9.25037],[80.12009,9.25053],[80.12007,9.25064],[80.12007,9.25079],[80.1201,9.25088],[80.12021,9.251],[80.12036,9.2512],[80.1205,9.25136],[80.12058,9.25147],[80.12062,9.25167],[80.12065,9.25183],[80.12059,9.25207],[80.12057,9.25213],[80.12056,9.25219],[80.12055,9.25228],[80.12055,9.25238],[80.12055,9.25249],[80.12059,9.25266],[80.12062,9.2528],[80.12067,9.25289],[80.12071,9.25295],[80.12083,9.25308],[80.12091,9.25321],[80.12099,9.25342],[80.12105,9.25356],[80.12115,9.25381],[80.12119,9.25393],[80.12124,9.25415],[80.12126,9.25436],[80.12126,9.25448],[80.12126,9.25455],[80.12125,9.25464],[80.12122,9.25473],[80.12118,9.25486],[80.12107,9.25511],[80.12093,9.25533],[80.12074,9.25564],[80.12055,9.25601],[80.12044,9.25631],[80.12034,9.25663],[80.12028,9.25698],[80.12017,9.25766],[80.12013,9.25801],[80.12015,9.2583],[80.12015,9.25853],[80.12017,9.25878],[80.12018,9.25904],[80.12021,9.25946],[80.12024,9.25969],[80.12027,9.25988],[80.12032,9.26003],[80.12041,9.26042],[80.12043,9.26062],[80.12039,9.26076],[80.12027,9.26091],[80.12021,9.26101],[80.12016,9.26114],[80.12007,9.26132],[80.11997,9.26147],[80.11988,9.26165],[80.11962,9.2621],[80.11942,9.26237],[80.11922,9.26266],[80.119,9.26286],[80.11875,9.26308],[80.11841,9.26336],[80.11805,9.2637],[80.11784,9.26386],[80.11747,9.26418],[80.11705,9.26461],[80.11675,9.26493],[80.11629,9.26549],[80.11604,9.26576],[80.11575,9.26613],[80.11539,9.26657],[80.11516,9.26681],[80.11492,9.26704],[80.11449,9.26743],[80.11413,9.26773],[80.11382,9.26795],[80.11364,9.26805],[80.11348,9.26813],[80.11321,9.26825],[80.11303,9.26833],[80.11278,9.26848],[80.11251,9.26864],[80.11228,9.26877],[80.11214,9.26889],[80.11194,9.26911],[80.11165,9.26942],[80.11155,9.26956],[80.11148,9.2697],[80.11135,9.26987],[80.11129,9.26998],[80.11114,9.27026],[80.11105,9.2704],[80.11096,9.27061],[80.11085,9.27084],[80.11067,9.27121],[80.11058,9.27146],[80.11051,9.27164],[80.11047,9.27191],[80.11041,9.27262],[80.11037,9.27289],[80.11027,9.27324],[80.11014,9.27436],[80.11006,9.27522],[80.11011,9.27593],[80.11029,9.27661],[80.11053,9.27732],[80.11069,9.27793],[80.11096,9.27895],[80.11124,9.27957],[80.11145,9.2803],[80.11163,9.28074],[80.1119,9.28129],[80.112,9.28148],[80.11217,9.28176],[80.11227,9.28206],[80.11232,9.28229],[80.11236,9.28249],[80.11252,9.28273],[80.1127,9.28299],[80.11285,9.28314],[80.11299,9.28328],[80.11315,9.28352],[80.1133,9.28369],[80.11346,9.2839],[80.11359,9.28405],[80.11371,9.28423],[80.11383,9.2844],[80.1139,9.28456],[80.11401,9.2849],[80.1141,9.28513],[80.11422,9.28538],[80.11437,9.28561],[80.11449,9.28577],[80.11477,9.28599],[80.11508,9.28628],[80.11526,9.28648],[80.11538,9.28662],[80.1155,9.28676],[80.11562,9.28688],[80.11574,9.28701],[80.11581,9.28715],[80.11586,9.28726],[80.1159,9.28734],[80.11597,9.28742],[80.11601,9.28745],[80.11613,9.28749],[80.11624,9.28754],[80.11639,9.28766],[80.11649,9.28778],[80.11663,9.28789],[80.11684,9.28804],[80.11701,9.28814],[80.11714,9.28825],[80.11729,9.28842],[80.11741,9.28856],[80.1175,9.2887],[80.11756,9.28874],[80.11768,9.28876],[80.1178,9.28881],[80.11804,9.28894],[80.11826,9.28905],[80.11858,9.2892],[80.11881,9.28929],[80.11903,9.28932],[80.11914,9.28934],[80.11926,9.28939],[80.11937,9.28946],[80.11949,9.28954],[80.11956,9.28955],[80.1197,9.28959],[80.1198,9.28966],[80.11991,9.28967],[80.12002,9.28963],[80.12007,9.28963],[80.12017,9.28966],[80.12031,9.28972],[80.12042,9.28974],[80.12048,9.28978],[80.12057,9.28988],[80.12072,9.28999],[80.12093,9.29016],[80.12108,9.29027],[80.12122,9.29046],[80.12131,9.29058],[80.1214,9.29069],[80.12144,9.29082],[80.12151,9.29115],[80.12151,9.29131],[80.12151,9.29153],[80.1215,9.29193],[80.1215,9.29229],[80.12153,9.29247],[80.12155,9.29266],[80.12152,9.29287],[80.1215,9.29298],[80.12154,9.29304],[80.12159,9.29309],[80.12163,9.29321],[80.1217,9.29348],[80.12175,9.29361],[80.12183,9.29369],[80.12188,9.29378],[80.1219,9.2939],[80.12193,9.29398],[80.12195,9.29413],[80.12194,9.29434],[80.1218,9.2947],[80.12172,9.29485],[80.12168,9.29497],[80.12167,9.29514],[80.12167,9.29524],[80.12166,9.29541],[80.12164,9.29581],[80.12164,9.29594],[80.12165,9.29605],[80.12172,9.29614],[80.12177,9.29621],[80.12183,9.2963],[80.12187,9.29633],[80.12203,9.2964],[80.12231,9.29666],[80.12245,9.29684],[80.12252,9.29701],[80.12253,9.29726],[80.12251,9.29759],[80.12246,9.29791],[80.12238,9.29823],[80.12235,9.29879],[80.12225,9.29927],[80.12211,9.2996],[80.12198,9.29991],[80.12174,9.30048],[80.12157,9.30083],[80.12135,9.30121],[80.12113,9.30155],[80.12097,9.30178],[80.12084,9.30198],[80.12067,9.30223],[80.12049,9.30249],[80.12005,9.30306],[80.11948,9.30373],[80.1192,9.30413],[80.11869,9.30472],[80.11849,9.30498],[80.11804,9.30549],[80.11774,9.30585],[80.11725,9.30636],[80.11675,9.30687],[80.11599,9.3077],[80.11568,9.30801],[80.11513,9.30845],[80.11457,9.30887],[80.11423,9.30914],[80.11406,9.30926],[80.11381,9.30948],[80.11354,9.3096],[80.11333,9.30966],[80.11322,9.30973],[80.11316,9.30977],[80.11313,9.30978],[80.11311,9.30979],[80.1131,9.30988],[80.11308,9.31],[80.11306,9.31014],[80.11301,9.31025],[80.11293,9.31035],[80.11276,9.31046],[80.11247,9.31064],[80.11212,9.31086],[80.11173,9.31112],[80.11139,9.31129],[80.111,9.31142],[80.11065,9.31151],[80.11048,9.31154],[80.11026,9.31154],[80.11009,9.31155],[80.10995,9.31158],[80.10988,9.31163],[80.10984,9.3117],[80.10979,9.31178],[80.10967,9.31187],[80.10946,9.31201],[80.10917,9.31217],[80.10881,9.31236],[80.10863,9.31244],[80.10845,9.31252],[80.10818,9.31264],[80.10804,9.31272],[80.10784,9.31284],[80.10767,9.31294],[80.10751,9.31307],[80.10733,9.31321],[80.10708,9.31337],[80.10667,9.31367],[80.10626,9.31399],[80.10615,9.31406],[80.10593,9.31422],[80.10491,9.31491],[80.10454,9.31518],[80.10417,9.31546],[80.10379,9.31578],[80.10327,9.31621],[80.10293,9.31647],[80.10273,9.31664],[80.10255,9.31678],[80.10223,9.31698],[80.10202,9.31713],[80.10185,9.31726],[80.10165,9.31739],[80.10141,9.31755],[80.10098,9.31783],[80.10066,9.31809],[80.10009,9.31844],[80.09943,9.31886],[80.09858,9.3194],[80.09833,9.31954],[80.09825,9.31959],[80.09818,9.31962],[80.0981,9.31965],[80.09804,9.31968],[80.09792,9.31974],[80.09776,9.31986],[80.09735,9.32012],[80.09698,9.32035],[80.09673,9.3205],[80.09636,9.32074],[80.09596,9.321],[80.09569,9.32121],[80.09555,9.32131],[80.09535,9.32148],[80.0952,9.32166],[80.09513,9.32179],[80.09507,9.3219],[80.09497,9.322],[80.09482,9.3221],[80.09463,9.32224],[80.09451,9.32234],[80.09443,9.32241],[80.09436,9.32245],[80.09426,9.32251],[80.09412,9.32261],[80.09398,9.32272],[80.09385,9.32286],[80.09377,9.32296],[80.09368,9.32311],[80.09361,9.32332],[80.09352,9.32352],[80.09339,9.32365],[80.09318,9.3239],[80.09286,9.32426],[80.0927,9.32444],[80.0925,9.32464],[80.09234,9.32483],[80.09228,9.32491],[80.09215,9.32506],[80.09202,9.32518],[80.09189,9.32528],[80.09157,9.32553],[80.09129,9.32574],[80.09094,9.32603],[80.0907,9.32623],[80.09047,9.32638],[80.09031,9.32646],[80.09008,9.32658],[80.08988,9.32665],[80.08943,9.32687],[80.08924,9.32695],[80.08897,9.32708],[80.08875,9.32722],[80.0885,9.32735],[80.08822,9.32751],[80.0879,9.32767],[80.0876,9.3278],[80.08721,9.32806],[80.087,9.3282],[80.0865,9.32852],[80.08594,9.32888],[80.08568,9.32906],[80.08553,9.32914],[80.08538,9.32917],[80.08512,9.32915],[80.08459,9.32899],[80.08437,9.32892],[80.08415,9.32884],[80.08391,9.32874],[80.08364,9.32864],[80.08317,9.32849],[80.08298,9.32845],[80.08284,9.32846],[80.08274,9.32843],[80.08263,9.32835],[80.08251,9.32824],[80.0824,9.32814],[80.08226,9.32809],[80.08216,9.32812],[80.08204,9.32812],[80.08189,9.32814],[80.08176,9.32813],[80.0816,9.32807],[80.08147,9.32804],[80.0814,9.32803],[80.08135,9.32805],[80.08112,9.3281],[80.08074,9.32815],[80.0801,9.32823],[80.07986,9.32829],[80.07954,9.32834],[80.07891,9.32844],[80.0784,9.32852],[80.07818,9.32852],[80.078,9.32847],[80.07781,9.32834],[80.07759,9.32818],[80.07717,9.32801],[80.07661,9.32777],[80.07608,9.32743],[80.07581,9.32729],[80.07546,9.32729],[80.07473,9.32743],[80.07434,9.3276],[80.07414,9.32763],[80.07403,9.32761],[80.07383,9.32752],[80.07369,9.32744],[80.07352,9.32741],[80.0734,9.32739],[80.07313,9.32727],[80.07302,9.32721],[80.07283,9.32717],[80.07227,9.32676],[80.07157,9.3263],[80.07126,9.32606],[80.07115,9.32592],[80.07099,9.3258],[80.0708,9.32568],[80.07065,9.32565],[80.07048,9.32569],[80.07017,9.32585],[80.06983,9.32604],[80.06942,9.32623],[80.06895,9.32637],[80.06853,9.3265],[80.06781,9.32668],[80.06742,9.32685],[80.06699,9.32722],[80.06671,9.3275],[80.0666,9.32795],[80.06637,9.32844],[80.06623,9.32869],[80.06607,9.3289],[80.06584,9.32931],[80.06563,9.32973],[80.06539,9.32996],[80.06501,9.33007],[80.06453,9.33019],[80.06418,9.33031],[80.06399,9.33041],[80.06365,9.33055],[80.0634,9.33082],[80.06322,9.33118],[80.06312,9.33177],[80.06307,9.33241],[80.06296,9.33278],[80.0628,9.33341],[80.06274,9.33364],[80.06263,9.33397],[80.06253,9.33411],[80.06242,9.3342],[80.0622,9.33437],[80.06192,9.33476],[80.06184,9.33517],[80.06175,9.33569],[80.06171,9.33594],[80.0617,9.33614],[80.06173,9.3363],[80.06179,9.33654],[80.06188,9.33675],[80.06201,9.33697],[80.06208,9.33708],[80.06224,9.33722],[80.06273,9.33769],[80.0628,9.33785],[80.06285,9.33855],[80.06295,9.33944],[80.06304,9.33982],[80.06315,9.34005],[80.06354,9.34053],[80.0638,9.34107],[80.06384,9.3416],[80.06376,9.34183],[80.06366,9.34204],[80.06343,9.34252],[80.06337,9.34266],[80.06337,9.34272],[80.06339,9.34282],[80.06335,9.34297],[80.06332,9.34307],[80.06329,9.34315],[80.06329,9.34321],[80.06327,9.34325],[80.06323,9.34329],[80.06316,9.34335],[80.06311,9.34342],[80.06304,9.34352],[80.06298,9.34354],[80.06289,9.34356],[80.06284,9.34357],[80.06271,9.3436],[80.06256,9.34371],[80.06246,9.34382],[80.0623,9.34398],[80.06219,9.34405],[80.06215,9.34411],[80.06212,9.34417],[80.06208,9.34421],[80.06203,9.34426],[80.0619,9.34434],[80.06175,9.34441],[80.06159,9.34449],[80.06129,9.34464],[80.06109,9.34471],[80.06082,9.34485],[80.06072,9.34499],[80.06066,9.34514],[80.06064,9.3452],[80.06061,9.3453],[80.06058,9.3454],[80.0605,9.34552],[80.06037,9.34567],[80.0603,9.34573],[80.06027,9.34587],[80.06024,9.34608],[80.06027,9.3462],[80.06033,9.34627],[80.0604,9.34635],[80.06053,9.3464],[80.06067,9.34644],[80.06072,9.34648],[80.06074,9.34652],[80.06074,9.34656],[80.06074,9.3466],[80.06074,9.34664],[80.06073,9.34671],[80.06071,9.34676],[80.06068,9.34689],[80.06064,9.34702],[80.06062,9.34712],[80.0606,9.34718],[80.06058,9.34725],[80.06058,9.34733],[80.0606,9.3474],[80.06062,9.34758],[80.06063,9.34782],[80.06064,9.34801],[80.06063,9.3482],[80.06061,9.3483],[80.0606,9.34833],[80.06056,9.34838],[80.06049,9.34844],[80.06032,9.34858],[80.06014,9.34874],[80.05988,9.34897],[80.05953,9.34924],[80.05939,9.34939],[80.05933,9.34947],[80.05927,9.34956],[80.05919,9.34966],[80.05906,9.34983],[80.05902,9.34993],[80.05902,9.35],[80.05905,9.35008],[80.05911,9.35015],[80.05922,9.35027],[80.05937,9.35044],[80.05956,9.35057],[80.05971,9.35071],[80.05995,9.35094],[80.0601,9.35112],[80.06026,9.35134],[80.06038,9.35149],[80.06053,9.35174],[80.06063,9.35197],[80.06073,9.35228],[80.06079,9.35255],[80.06085,9.35274],[80.06092,9.35293],[80.06103,9.35316],[80.06113,9.35347],[80.0612,9.35362],[80.06138,9.35399],[80.06153,9.35418],[80.06163,9.35428],[80.0617,9.35433],[80.06181,9.35438],[80.06191,9.35445],[80.06211,9.35468],[80.06226,9.35492],[80.0625,9.35546],[80.06269,9.35585],[80.06277,9.35598],[80.06282,9.35607],[80.06285,9.35615],[80.06286,9.35623],[80.06287,9.35643],[80.06288,9.35669],[80.06286,9.3569],[80.06269,9.35772],[80.06259,9.35798],[80.06243,9.35825],[80.06221,9.3586],[80.06199,9.35888],[80.06172,9.35928],[80.06167,9.35934],[80.06162,9.35935],[80.06158,9.35935],[80.06147,9.35932],[80.06146,9.35934],[80.06145,9.35935],[80.06144,9.35938],[80.06142,9.35949],[80.06137,9.3596],[80.06128,9.35973],[80.06107,9.35997],[80.06074,9.36026],[80.06021,9.36073],[80.05989,9.36098],[80.0595,9.36129],[80.05913,9.36158],[80.05885,9.36179],[80.05857,9.36201],[80.05829,9.36221],[80.05763,9.36271],[80.05727,9.36295],[80.05695,9.36319],[80.05675,9.36331],[80.05642,9.36355],[80.05603,9.3639],[80.05567,9.36421],[80.05521,9.36471],[80.05519,9.36473],[80.0551,9.36487],[80.05502,9.36496],[80.05482,9.36521],[80.05471,9.36539],[80.0546,9.36566],[80.05451,9.3659],[80.05445,9.36612],[80.05441,9.36635],[80.05438,9.36666],[80.05434,9.36704],[80.05428,9.36749],[80.05425,9.3678],[80.05421,9.36813],[80.05419,9.36835],[80.05417,9.36879],[80.05409,9.3698],[80.05409,9.37005],[80.05412,9.37048],[80.05419,9.37076],[80.05424,9.37089],[80.05439,9.37116],[80.05445,9.37137],[80.05447,9.37152],[80.05451,9.37162],[80.05456,9.3717],[80.05468,9.3719],[80.05479,9.37203],[80.05489,9.37215],[80.05494,9.37226],[80.05499,9.37259],[80.05505,9.37281],[80.05516,9.3731],[80.05523,9.3732],[80.05532,9.37329],[80.05563,9.37379],[80.0558,9.37423],[80.05582,9.37428],[80.05586,9.37431],[80.05592,9.37434],[80.05599,9.37435],[80.05603,9.37436],[80.05608,9.37434],[80.05619,9.3743],[80.05626,9.37431],[80.05633,9.37431],[80.05637,9.37434],[80.0564,9.37437],[80.05641,9.37441],[80.05644,9.3748],[80.05644,9.37485],[80.05641,9.37491],[80.05618,9.37515],[80.05597,9.37533],[80.05577,9.37552],[80.05575,9.37559],[80.05575,9.37565],[80.05572,9.37572],[80.05566,9.37583],[80.05558,9.37598],[80.05544,9.37625],[80.05535,9.37653],[80.05528,9.37665],[80.05513,9.37688],[80.05498,9.3771],[80.05474,9.37748],[80.05471,9.37755],[80.05468,9.37764],[80.05466,9.37784],[80.05467,9.37797],[80.05469,9.37807],[80.05472,9.37816],[80.0547,9.37828],[80.05468,9.37844],[80.05463,9.37867],[80.05456,9.37882],[80.05452,9.37891],[80.05439,9.37911],[80.05422,9.37928],[80.05416,9.37935],[80.05412,9.37939],[80.05408,9.37945],[80.05406,9.37952],[80.05408,9.37957],[80.05407,9.37966],[80.054,9.37985],[80.05394,9.38009],[80.05388,9.38024],[80.05386,9.38037],[80.05383,9.38056],[80.05382,9.38075],[80.05382,9.38087],[80.05381,9.38102],[80.05376,9.38123],[80.05372,9.38135],[80.05363,9.38153],[80.05358,9.3816],[80.05354,9.38172],[80.05355,9.38181],[80.05355,9.38197],[80.05357,9.38229],[80.05363,9.38273],[80.0536,9.383],[80.05356,9.3832],[80.05353,9.38346],[80.05355,9.38368],[80.05363,9.3839],[80.05371,9.38412],[80.05373,9.38437],[80.05372,9.38448],[80.05371,9.38465],[80.05368,9.38481],[80.05364,9.38493],[80.0536,9.38511],[80.05354,9.38527],[80.05356,9.38542],[80.05364,9.38557],[80.05367,9.3859],[80.05372,9.3865],[80.05375,9.38705],[80.05373,9.38729],[80.05372,9.38795],[80.05373,9.38809],[80.05376,9.3882],[80.05377,9.38844],[80.05376,9.38866],[80.05373,9.38898],[80.0537,9.38932],[80.05366,9.3895],[80.05361,9.38964],[80.05358,9.38982],[80.05359,9.39001],[80.05358,9.39017],[80.0535,9.39038],[80.0535,9.39047],[80.05354,9.39055],[80.05358,9.3906],[80.05366,9.39077],[80.05374,9.39092],[80.05385,9.39105],[80.05397,9.3913],[80.0541,9.39155],[80.05427,9.39176],[80.05441,9.39192],[80.05458,9.39215],[80.0547,9.39238],[80.05484,9.39265],[80.05494,9.39276],[80.05508,9.39289],[80.0552,9.39294],[80.05539,9.393],[80.05562,9.39305],[80.05591,9.39313],[80.05626,9.39331],[80.05647,9.39344],[80.05661,9.39354],[80.05676,9.3937],[80.05693,9.39387],[80.05713,9.39407],[80.05723,9.39421],[80.05729,9.39433],[80.05731,9.39439],[80.05735,9.39447],[80.0574,9.39449],[80.05754,9.3946],[80.05787,9.39477],[80.05824,9.39501],[80.05835,9.39506],[80.05854,9.39517],[80.05865,9.39525],[80.05883,9.39534],[80.059,9.39545],[80.05912,9.39553],[80.0593,9.39566],[80.05942,9.39571],[80.05965,9.39584],[80.05993,9.39602],[80.06012,9.39617],[80.06038,9.39633],[80.0606,9.39646],[80.06082,9.39658],[80.06096,9.39663],[80.06109,9.39665],[80.06132,9.39676],[80.06149,9.39683],[80.06163,9.39695],[80.06181,9.39708],[80.06192,9.39714],[80.062,9.39718],[80.06213,9.3972],[80.06226,9.39725],[80.0624,9.39735],[80.06255,9.39742],[80.0627,9.39747],[80.06287,9.39755],[80.06302,9.39762],[80.06311,9.39761],[80.06314,9.39761],[80.0632,9.39762],[80.0633,9.39767],[80.0634,9.39772],[80.06357,9.39778],[80.06367,9.39782],[80.06379,9.39784],[80.06395,9.39788],[80.06415,9.39799],[80.06428,9.39808],[80.06441,9.39816],[80.06456,9.39821],[80.06473,9.39827],[80.06488,9.39831],[80.06504,9.39841],[80.06517,9.3985],[80.06524,9.39853],[80.06536,9.39855],[80.06551,9.39859],[80.06567,9.39862],[80.06578,9.39867],[80.06586,9.39871],[80.06598,9.39876],[80.06608,9.39879],[80.06623,9.39883],[80.06637,9.39891],[80.06652,9.39903],[80.0667,9.39914],[80.06695,9.3993],[80.06709,9.39936],[80.06723,9.3995],[80.06745,9.39961],[80.06764,9.39971],[80.06783,9.39979],[80.06797,9.39984],[80.06809,9.39987],[80.0682,9.39989],[80.06829,9.3999],[80.06838,9.39993],[80.0686,9.40002],[80.06887,9.4002],[80.06906,9.40036],[80.06914,9.40043],[80.06926,9.40052],[80.06936,9.40056],[80.06953,9.40069],[80.06972,9.40085],[80.06985,9.40102],[80.07001,9.40123],[80.0701,9.40138],[80.07018,9.4015],[80.07027,9.40162],[80.07033,9.40174],[80.07043,9.40185],[80.07066,9.40196],[80.07098,9.40214],[80.07118,9.4023],[80.0714,9.40247],[80.07162,9.40265],[80.07175,9.40275],[80.07188,9.40286],[80.07197,9.40293],[80.07208,9.40305],[80.07213,9.4031],[80.07226,9.4032],[80.07235,9.40331],[80.07241,9.40335],[80.0725,9.4034],[80.07274,9.40351],[80.07298,9.40363],[80.07324,9.40374],[80.0734,9.40379],[80.07369,9.4039],[80.07399,9.40398],[80.07431,9.40405],[80.07444,9.40405],[80.07465,9.40404],[80.07494,9.40409],[80.07521,9.40414],[80.07546,9.40417],[80.07566,9.40419],[80.07589,9.40427],[80.07608,9.40437],[80.07632,9.40444],[80.07643,9.4045],[80.07656,9.40456],[80.0767,9.40459],[80.07683,9.40463],[80.07699,9.40465],[80.07712,9.40468],[80.07722,9.40473],[80.07734,9.40477],[80.07748,9.40484],[80.07764,9.40499],[80.07772,9.40509],[80.07779,9.40513],[80.07783,9.40514],[80.07794,9.40516],[80.07806,9.40519],[80.07822,9.40527],[80.0783,9.40531],[80.07833,9.40535],[80.0784,9.40537],[80.07847,9.40536],[80.07855,9.40532],[80.07863,9.40526],[80.07872,9.4052],[80.07889,9.40512],[80.07908,9.40509],[80.07936,9.4051],[80.07962,9.40521],[80.07975,9.40534],[80.07979,9.40542],[80.07981,9.40549],[80.07982,9.40554],[80.07981,9.40559],[80.07975,9.40566],[80.07973,9.40567],[80.07971,9.4057],[80.07972,9.40572],[80.07976,9.40575],[80.07981,9.40579],[80.07988,9.40586],[80.07993,9.4059],[80.07998,9.40593],[80.08005,9.40595],[80.0801,9.40593],[80.08019,9.40587],[80.08027,9.40581],[80.08032,9.40577],[80.08033,9.40575],[80.08033,9.4057],[80.08033,9.40567],[80.08034,9.40561],[80.08037,9.40555],[80.08043,9.40545],[80.08049,9.40537],[80.08056,9.40531],[80.08061,9.40528],[80.08078,9.40518],[80.08084,9.4052],[80.08092,9.40522],[80.08103,9.40527],[80.08112,9.40536],[80.0812,9.40542],[80.08133,9.4055],[80.08139,9.40551],[80.08147,9.40551],[80.08157,9.40545],[80.08161,9.40538],[80.08163,9.40527],[80.08168,9.40515],[80.08176,9.40503],[80.08183,9.40495],[80.08189,9.40491],[80.082,9.40494],[80.08211,9.40509],[80.0822,9.40528],[80.08229,9.40537],[80.08248,9.40546],[80.08262,9.40549],[80.08282,9.40552],[80.08302,9.40557],[80.0832,9.40566],[80.0833,9.40572],[80.08345,9.40579],[80.08372,9.40592],[80.08406,9.40602],[80.08431,9.4061],[80.08457,9.40614],[80.08477,9.40616],[80.08494,9.40621],[80.08517,9.40638],[80.0853,9.40647],[80.08537,9.40655],[80.08549,9.40675],[80.08552,9.40683],[80.08557,9.40687],[80.08563,9.40689],[80.08594,9.40699],[80.08618,9.40705],[80.08655,9.40712],[80.08671,9.40718],[80.087,9.40728],[80.08724,9.4074],[80.08751,9.40757],[80.08762,9.40765],[80.08772,9.40775],[80.08781,9.40787],[80.08783,9.40798],[80.08786,9.4081],[80.08797,9.40822],[80.08809,9.40832],[80.0882,9.4084],[80.08841,9.40854],[80.08868,9.40868],[80.08896,9.40872],[80.08916,9.40876],[80.08941,9.40882],[80.08956,9.40889],[80.08969,9.40895],[80.08984,9.40898],[80.08995,9.409],[80.09004,9.40902],[80.09016,9.40909],[80.09023,9.40914],[80.09043,9.40922],[80.09062,9.40929],[80.09079,9.40936],[80.09093,9.40945],[80.09103,9.40955],[80.09115,9.40962],[80.09129,9.40962],[80.09142,9.40962],[80.09158,9.40966],[80.09169,9.4097],[80.09177,9.40974],[80.09195,9.40986],[80.09208,9.40997],[80.09217,9.41002],[80.09228,9.41006],[80.09237,9.41009],[80.09245,9.41015],[80.09249,9.4102],[80.09255,9.41023],[80.09262,9.41023],[80.09281,9.41022],[80.09288,9.41021],[80.09294,9.41023],[80.09302,9.41027],[80.09331,9.41045],[80.09351,9.41057],[80.09369,9.41069],[80.09385,9.41079],[80.09392,9.41089],[80.094,9.411],[80.0941,9.4111],[80.09419,9.41122],[80.09425,9.41125],[80.09431,9.41126],[80.09437,9.41126],[80.09444,9.41127],[80.09457,9.41132],[80.09475,9.41154],[80.09484,9.41169],[80.09493,9.41181],[80.09505,9.41188],[80.09513,9.41192],[80.0952,9.41196],[80.09531,9.41199],[80.09539,9.41198],[80.09549,9.41192],[80.09554,9.41187],[80.09557,9.41183],[80.09566,9.41177],[80.09578,9.41171],[80.09596,9.41171],[80.09628,9.41172],[80.09648,9.41176],[80.09673,9.41184],[80.09688,9.41189],[80.09705,9.41196],[80.09723,9.41206],[80.09752,9.41221],[80.09771,9.41232],[80.09789,9.41244],[80.09807,9.41257],[80.09826,9.41272],[80.09837,9.41282],[80.09841,9.41286],[80.09848,9.41291],[80.09864,9.41303],[80.09885,9.41309],[80.09903,9.41315],[80.09926,9.41318],[80.09947,9.41321],[80.09964,9.41322],[80.09983,9.41328],[80.10005,9.41339],[80.10032,9.41344],[80.10057,9.41349],[80.10086,9.41352],[80.10118,9.41357],[80.10143,9.41365],[80.10166,9.41374],[80.10177,9.41378],[80.10192,9.4138],[80.10227,9.41385],[80.10241,9.41384],[80.10252,9.41379],[80.10261,9.41373],[80.1027,9.41368],[80.10277,9.41366],[80.10289,9.41366],[80.10302,9.41367],[80.10321,9.41373],[80.10372,9.41377],[80.10396,9.41389],[80.10426,9.41396],[80.10464,9.41405],[80.10532,9.41437],[80.10563,9.41461],[80.10575,9.41479],[80.1059,9.41505],[80.10611,9.41528],[80.10619,9.41536],[80.10625,9.41539],[80.10638,9.41543],[80.10649,9.41543],[80.10664,9.41537],[80.10698,9.41529],[80.10721,9.41526],[80.10731,9.41527],[80.10747,9.41529],[80.10773,9.41536],[80.10808,9.41553],[80.10827,9.41567],[80.10836,9.41589],[80.10843,9.41611],[80.10853,9.41622],[80.10865,9.41627],[80.10875,9.41628],[80.10897,9.41627],[80.10919,9.41627],[80.10934,9.4163],[80.1095,9.41632],[80.10971,9.41636],[80.10989,9.41642],[80.11003,9.41645],[80.1101,9.41648],[80.11025,9.4165],[80.11034,9.41651],[80.11054,9.41643],[80.11063,9.41641],[80.11074,9.41641],[80.11085,9.41643],[80.11108,9.4165],[80.1113,9.41661],[80.1114,9.41665],[80.11149,9.41668],[80.11157,9.4167],[80.1116,9.41669],[80.11164,9.41666],[80.1117,9.41664],[80.11176,9.41662],[80.11183,9.41663],[80.1119,9.41664],[80.11202,9.41667],[80.1121,9.4167],[80.11218,9.41676],[80.11222,9.41686],[80.11223,9.41696],[80.11223,9.41706],[80.11223,9.41713],[80.11229,9.4172],[80.11243,9.4173],[80.11247,9.41735],[80.11248,9.41741],[80.11249,9.41748],[80.11252,9.41755],[80.1126,9.4177],[80.11262,9.41776],[80.11269,9.41784],[80.1128,9.4179],[80.11289,9.41795],[80.11302,9.41801],[80.1131,9.41803],[80.11321,9.41803],[80.11328,9.41801],[80.11337,9.41797],[80.11342,9.41796],[80.11351,9.41797],[80.11367,9.41805],[80.11379,9.41814],[80.11393,9.41827],[80.11403,9.41834],[80.11413,9.41835],[80.11427,9.41832],[80.11436,9.41828],[80.11445,9.41826],[80.11454,9.41829],[80.11473,9.41839],[80.11487,9.41844],[80.11501,9.4185],[80.11518,9.41861],[80.11536,9.41876],[80.11551,9.41896],[80.11553,9.41905],[80.11554,9.41916],[80.11555,9.41926],[80.11558,9.41947],[80.11559,9.41954],[80.11568,9.41969],[80.1158,9.41982],[80.11591,9.41993],[80.11596,9.41996],[80.11599,9.41997],[80.11605,9.41995],[80.11611,9.41992],[80.11623,9.41985],[80.11635,9.41985],[80.11642,9.41986],[80.11654,9.41991],[80.11665,9.41999],[80.11673,9.42004],[80.11676,9.42005],[80.11682,9.42008],[80.11687,9.42012],[80.11695,9.42018],[80.11708,9.42029],[80.11717,9.42033],[80.11723,9.42037],[80.11729,9.42038],[80.11739,9.42039],[80.11748,9.42042],[80.11752,9.42046],[80.11755,9.42052],[80.11756,9.42058],[80.11758,9.42061],[80.11763,9.42069],[80.11773,9.42076],[80.11785,9.4209],[80.11807,9.42106],[80.11818,9.42114],[80.11829,9.42124],[80.11834,9.42129],[80.11837,9.42133],[80.11839,9.42136],[80.11841,9.42143],[80.11843,9.4215],[80.11846,9.42154],[80.11852,9.4216],[80.11861,9.42165],[80.11871,9.42171],[80.11874,9.42173],[80.11876,9.42175],[80.11877,9.42176],[80.11876,9.42179],[80.11871,9.42182],[80.11868,9.42184],[80.11866,9.42188],[80.11866,9.42193],[80.11868,9.42197],[80.11869,9.422],[80.11873,9.42212],[80.11878,9.42216],[80.11885,9.42221],[80.11892,9.42225],[80.11893,9.42227],[80.11893,9.42233],[80.11891,9.42239],[80.11889,9.42244],[80.11888,9.42252],[80.11887,9.42257],[80.11887,9.42267],[80.11886,9.42276],[80.11887,9.42283],[80.11885,9.42292],[80.11885,9.42298],[80.11884,9.42308],[80.11883,9.42315],[80.11883,9.42323],[80.11883,9.42331],[80.11885,9.42334],[80.11888,9.42338],[80.11893,9.4234],[80.11897,9.42339],[80.11901,9.42335],[80.11902,9.42332],[80.11903,9.42327],[80.11902,9.42322],[80.119,9.4232],[80.11894,9.42314],[80.11893,9.4231],[80.11893,9.42297],[80.11894,9.42285],[80.11895,9.42271],[80.11896,9.42251],[80.11897,9.42246],[80.11901,9.42238],[80.11903,9.42233],[80.1191,9.42221],[80.11921,9.42212],[80.11932,9.42207],[80.11941,9.42207],[80.11955,9.42209],[80.11963,9.42214],[80.11974,9.42222],[80.11979,9.42227],[80.11996,9.42239],[80.12008,9.42251],[80.12013,9.4226],[80.12019,9.42271],[80.12027,9.42278],[80.12038,9.42286],[80.12044,9.42294],[80.12052,9.42301],[80.12062,9.42307],[80.12081,9.42322],[80.12096,9.42337],[80.12109,9.42346],[80.12129,9.42364],[80.12147,9.42377],[80.12166,9.42394],[80.12186,9.42415],[80.12191,9.42421],[80.12198,9.42433],[80.12202,9.42441],[80.1221,9.42447],[80.12212,9.4245],[80.12214,9.42454],[80.12217,9.42477],[80.12218,9.42487],[80.12221,9.42497],[80.12224,9.42514],[80.1223,9.4253],[80.12246,9.42552],[80.12267,9.42577],[80.1229,9.42601],[80.12311,9.42617],[80.12323,9.42629],[80.1233,9.42647],[80.1234,9.42667],[80.12357,9.42692],[80.12368,9.42703],[80.12377,9.42709],[80.12387,9.42714],[80.12401,9.42713],[80.12423,9.42712],[80.12442,9.42713],[80.12456,9.42717],[80.12485,9.42722],[80.12499,9.42726],[80.12514,9.42728],[80.1252,9.42729],[80.12531,9.42729],[80.12541,9.42733],[80.12545,9.42738],[80.12546,9.42749],[80.12546,9.42761],[80.12546,9.42773],[80.12548,9.42778],[80.12556,9.42786],[80.12564,9.42794],[80.12573,9.42797],[80.12581,9.42799],[80.12586,9.42796],[80.12591,9.42787],[80.12597,9.42779],[80.12601,9.42773],[80.12605,9.42762],[80.12618,9.42752],[80.12659,9.42735],[80.12675,9.42729],[80.12697,9.42732],[80.12713,9.42734],[80.12748,9.42744],[80.1277,9.42751],[80.12793,9.42757],[80.1282,9.4276],[80.12841,9.42765],[80.12857,9.42763],[80.1287,9.42765],[80.12887,9.42777],[80.12903,9.42788],[80.12911,9.42797],[80.12921,9.42803],[80.12931,9.42807],[80.12945,9.42809],[80.12956,9.42812],[80.12974,9.4281],[80.12982,9.42811],[80.13003,9.42816],[80.13018,9.42822],[80.13036,9.42831],[80.13047,9.42841],[80.13055,9.42842],[80.13066,9.42843],[80.13075,9.42847],[80.13083,9.4285],[80.13093,9.42854],[80.13107,9.42863],[80.13116,9.42872],[80.13129,9.42879],[80.13142,9.42885],[80.13163,9.42893],[80.13186,9.42904],[80.13203,9.42915],[80.13213,9.42923],[80.13227,9.42931],[80.13241,9.42945],[80.1325,9.42952],[80.13264,9.42963],[80.13279,9.42972],[80.13295,9.42982],[80.13301,9.42991],[80.13308,9.42999],[80.13313,9.43005],[80.1332,9.43011],[80.13335,9.43016],[80.13345,9.4302],[80.13358,9.43027],[80.13385,9.43034],[80.13429,9.43045],[80.13471,9.4306],[80.13506,9.43083],[80.13527,9.43098],[80.13559,9.43117],[80.13574,9.43127],[80.13588,9.43154],[80.13591,9.43167],[80.13594,9.43176],[80.13597,9.43181],[80.13622,9.43203],[80.13648,9.43218],[80.13669,9.43225],[80.13693,9.43229],[80.13716,9.43232],[80.13729,9.43237],[80.13736,9.4324],[80.1375,9.43242],[80.13765,9.43248],[80.13779,9.43252],[80.1379,9.43255],[80.13804,9.4326],[80.13815,9.43263],[80.1382,9.43266],[80.13826,9.43267],[80.13835,9.43267],[80.13846,9.43271],[80.13853,9.43275],[80.1387,9.43288],[80.13897,9.43305],[80.13958,9.43343],[80.13997,9.43379],[80.14044,9.43408],[80.14089,9.43427],[80.14172,9.43443],[80.14226,9.43461],[80.1424,9.43471],[80.14247,9.43481],[80.14258,9.4349],[80.14272,9.43494],[80.14284,9.43498],[80.14307,9.43503],[80.14329,9.43509],[80.14365,9.43516],[80.14381,9.43521],[80.14397,9.43526],[80.14419,9.43536],[80.14442,9.43553],[80.14468,9.43575],[80.14483,9.43586],[80.14511,9.43607],[80.14528,9.43627],[80.1453,9.43635],[80.14533,9.43645],[80.14537,9.43654],[80.14537,9.43663],[80.14536,9.43668],[80.14539,9.43672],[80.14543,9.43672],[80.1455,9.4367],[80.14558,9.43669],[80.14572,9.4367],[80.14581,9.43673],[80.14604,9.43685],[80.14618,9.43692],[80.14663,9.43719],[80.14684,9.43731],[80.14704,9.43744],[80.14725,9.43758],[80.14744,9.43776],[80.1477,9.43801],[80.14791,9.43823],[80.14803,9.43838],[80.14828,9.43876],[80.14853,9.43907],[80.14871,9.43943],[80.14884,9.43964],[80.14899,9.43979],[80.1492,9.43988],[80.14951,9.43994],[80.14965,9.43999],[80.14983,9.4401],[80.15002,9.44025],[80.15011,9.44034],[80.15022,9.44044],[80.15036,9.44054],[80.15045,9.44057],[80.15048,9.44063],[80.15049,9.44072],[80.15046,9.44085],[80.15047,9.44091],[80.1505,9.44099],[80.15054,9.44105],[80.15063,9.44108],[80.15071,9.44111],[80.1508,9.44114],[80.15088,9.44119],[80.15097,9.44127],[80.15114,9.44136],[80.15209,9.44197],[80.15252,9.44232],[80.15259,9.4424],[80.15268,9.44252],[80.15271,9.44261],[80.15274,9.44271],[80.15276,9.44278],[80.1528,9.44282],[80.15285,9.44284],[80.15296,9.44285],[80.15304,9.4429],[80.15318,9.44303],[80.15325,9.44307],[80.15336,9.44314],[80.15347,9.44324],[80.15359,9.44337],[80.15369,9.44346],[80.15381,9.44359],[80.1539,9.44368],[80.15403,9.44386],[80.15424,9.44413],[80.1545,9.44441],[80.15476,9.44467],[80.15509,9.44493],[80.15531,9.4452],[80.15583,9.4457],[80.15606,9.44601],[80.15635,9.4468],[80.15651,9.44705],[80.1566,9.44732],[80.15671,9.44779],[80.15673,9.448],[80.15668,9.44808],[80.1564,9.44822],[80.15619,9.44839],[80.15613,9.44855],[80.15612,9.44879],[80.15611,9.44913],[80.15612,9.44949],[80.15615,9.44973],[80.15624,9.45012],[80.15635,9.45029],[80.15653,9.45043],[80.15693,9.4507],[80.15808,9.45136],[80.15827,9.45155],[80.15827,9.45176],[80.15822,9.45201],[80.15821,9.45218],[80.15828,9.45259],[80.15839,9.45291],[80.15844,9.45309],[80.1585,9.45322],[80.15857,9.45332],[80.15862,9.4534],[80.15873,9.45346],[80.15883,9.45348],[80.1589,9.45343],[80.15893,9.45336],[80.15892,9.45327],[80.15872,9.45293],[80.15844,9.45258],[80.15844,9.4525],[80.15844,9.45237],[80.15847,9.45219],[80.15857,9.4521],[80.15874,9.45209],[80.159,9.45216],[80.15917,9.45228],[80.15933,9.45246],[80.15955,9.45275],[80.15972,9.4529],[80.15982,9.45304],[80.15992,9.45317],[80.15999,9.45339],[80.16004,9.45351],[80.16017,9.45361],[80.16039,9.45369],[80.16073,9.45392],[80.16085,9.45397],[80.1611,9.45413],[80.1613,9.45445],[80.16158,9.45491],[80.16185,9.45525],[80.16212,9.45558],[80.16243,9.45576],[80.16267,9.4559],[80.16317,9.45628],[80.16358,9.45643],[80.1637,9.45652],[80.1638,9.45661],[80.16384,9.45668],[80.16396,9.45685],[80.16411,9.45706],[80.1643,9.45729],[80.16443,9.45744],[80.16452,9.45748],[80.16461,9.45749],[80.16477,9.45744],[80.16485,9.45738],[80.16492,9.45734],[80.16509,9.45737],[80.16522,9.4575],[80.16532,9.45769],[80.16541,9.45786],[80.16547,9.45818],[80.1655,9.45827],[80.16557,9.4584],[80.16561,9.45849],[80.16561,9.45853],[80.1656,9.45856],[80.16554,9.45858],[80.16546,9.45861],[80.16535,9.45863],[80.16529,9.45866],[80.16528,9.45869],[80.1653,9.45878],[80.16539,9.45891],[80.16549,9.45901],[80.16559,9.45913],[80.16568,9.4592],[80.16578,9.45929],[80.16595,9.4594],[80.16607,9.4595],[80.16623,9.45965],[80.16641,9.45984],[80.16653,9.45995],[80.16667,9.46007],[80.16681,9.46022],[80.16699,9.46047],[80.1671,9.46063],[80.16719,9.46078],[80.16729,9.46097],[80.16747,9.46133],[80.16758,9.46161],[80.16767,9.46182],[80.1678,9.46198],[80.16792,9.4623],[80.16798,9.4625],[80.16801,9.46262],[80.16819,9.46281],[80.16831,9.46298],[80.16844,9.46326],[80.16853,9.4635],[80.16861,9.46368],[80.16869,9.46376],[80.16878,9.46384],[80.16888,9.464],[80.16891,9.46419],[80.16904,9.46458],[80.16918,9.46488],[80.16933,9.46512],[80.16949,9.46539],[80.16953,9.46548],[80.16964,9.4657],[80.16973,9.46581],[80.16984,9.46587],[80.16994,9.4659],[80.17009,9.46598],[80.1702,9.46609],[80.17031,9.46621],[80.17039,9.46629],[80.17049,9.46643],[80.17061,9.46655],[80.17078,9.46671],[80.17088,9.46682],[80.17096,9.46695],[80.17099,9.46702],[80.171,9.46712],[80.17104,9.46717],[80.17119,9.46729],[80.17135,9.46743],[80.17149,9.46758],[80.17156,9.46769],[80.17166,9.46775],[80.17177,9.46778],[80.1719,9.46779],[80.17207,9.46779],[80.17222,9.46778],[80.17224,9.46778],[80.17233,9.46774],[80.17237,9.46773],[80.17242,9.46771],[80.17244,9.46771],[80.17246,9.46771],[80.17247,9.4677],[80.17248,9.46768],[80.17245,9.46768],[80.17243,9.46768],[80.17238,9.46768],[80.17229,9.46771],[80.17222,9.46772],[80.17217,9.46773],[80.1721,9.46775],[80.17199,9.46774],[80.17192,9.46772],[80.17185,9.46767],[80.17175,9.46763],[80.17165,9.46758],[80.17155,9.46753],[80.17147,9.46747],[80.17141,9.4674],[80.17135,9.46732],[80.17134,9.46718],[80.17135,9.46711],[80.17138,9.46705],[80.17146,9.46695],[80.17152,9.46691],[80.17157,9.4669],[80.17177,9.46696],[80.17188,9.46699],[80.17198,9.46703],[80.17212,9.46705],[80.17221,9.46704],[80.17229,9.46707],[80.17238,9.4671],[80.17243,9.46713],[80.17257,9.46728],[80.17266,9.4674],[80.17275,9.46746],[80.17284,9.46755],[80.17294,9.46766],[80.17309,9.46781],[80.17322,9.46795],[80.17338,9.46812],[80.17354,9.46825],[80.17369,9.46833],[80.17398,9.46851],[80.17413,9.46858],[80.17423,9.46861],[80.17436,9.46866],[80.17443,9.4687],[80.17454,9.4688],[80.17467,9.46892],[80.17482,9.46903],[80.17492,9.46908],[80.17506,9.46913],[80.17538,9.46909],[80.17573,9.46906],[80.1759,9.469],[80.17603,9.4689],[80.1761,9.46885],[80.1762,9.46885],[80.17643,9.46892],[80.17658,9.46898],[80.17668,9.46902],[80.17672,9.46903],[80.17679,9.46905],[80.17681,9.46911],[80.17681,9.46918],[80.17683,9.46925],[80.17683,9.46927],[80.17686,9.46931],[80.17693,9.46937],[80.17703,9.46946],[80.1772,9.46956],[80.17739,9.46962],[80.17757,9.46966],[80.17768,9.4697],[80.17777,9.46971],[80.17785,9.46977],[80.17797,9.46984],[80.17809,9.46988],[80.17822,9.46992],[80.17833,9.46994],[80.17843,9.46999],[80.17848,9.47002],[80.17855,9.47005],[80.17874,9.47019],[80.17882,9.4703],[80.17892,9.47037],[80.17915,9.4705],[80.17939,9.4706],[80.17957,9.47069],[80.17972,9.47076],[80.17987,9.47085],[80.17998,9.47091],[80.18013,9.47098],[80.1803,9.47107],[80.18046,9.47124],[80.1806,9.47136],[80.18077,9.47151],[80.18101,9.47174],[80.18122,9.47191],[80.18138,9.4721],[80.18143,9.47214],[80.18151,9.47216],[80.18162,9.47224],[80.1818,9.47241],[80.18193,9.47256],[80.18206,9.47272],[80.18218,9.47281],[80.18228,9.47291],[80.18238,9.473],[80.18252,9.47316],[80.18263,9.4733],[80.18267,9.47341],[80.18272,9.47352],[80.18281,9.47373],[80.18287,9.47387],[80.18295,9.47405],[80.18302,9.47424],[80.18313,9.47452],[80.18321,9.47466],[80.18329,9.47483],[80.1834,9.47507],[80.18342,9.47522],[80.18349,9.47536],[80.18365,9.47556],[80.18373,9.47571],[80.18382,9.47584],[80.18393,9.47604],[80.18393,9.47616],[80.18391,9.47637],[80.1839,9.47646],[80.1839,9.4766],[80.18392,9.47669],[80.18394,9.4768],[80.18402,9.47698],[80.18409,9.47708],[80.18417,9.47722],[80.18422,9.47734],[80.18424,9.47755],[80.18423,9.4777],[80.18419,9.47796],[80.18417,9.47812],[80.18415,9.47828],[80.18416,9.47839],[80.18418,9.47856],[80.18425,9.47881],[80.18429,9.47902],[80.18433,9.47922],[80.18434,9.47934],[80.18434,9.47941],[80.18432,9.4795],[80.18431,9.47959],[80.18435,9.47979],[80.18439,9.47993],[80.18443,9.48006],[80.18454,9.48025],[80.18467,9.48042],[80.18473,9.48047],[80.18476,9.48052],[80.18479,9.48056],[80.18484,9.48067],[80.18485,9.48077],[80.18486,9.48083],[80.18485,9.48091],[80.18484,9.48102],[80.18484,9.48111],[80.18486,9.48123],[80.18491,9.48138],[80.18497,9.48149],[80.18507,9.48164],[80.1852,9.48184],[80.18529,9.48202],[80.18537,9.48215],[80.1855,9.48246],[80.18567,9.48319],[80.18573,9.48362],[80.18567,9.48453],[80.18572,9.48522],[80.18573,9.48567],[80.18572,9.486],[80.18578,9.48699],[80.18569,9.48736],[80.18565,9.48745],[80.18556,9.48751],[80.18554,9.48756],[80.18555,9.48773],[80.18554,9.48781],[80.1851,9.489],[80.18483,9.48955],[80.18462,9.49007],[80.1844,9.49048],[80.18394,9.49122],[80.18306,9.49274],[80.18288,9.49313],[80.18209,9.49446],[80.18134,9.4957],[80.18096,9.49627],[80.18065,9.49681],[80.17963,9.49821],[80.17946,9.49853],[80.17888,9.49937],[80.17848,9.49997],[80.17799,9.5006],[80.17769,9.50108],[80.17656,9.50263],[80.17613,9.50326],[80.17537,9.50426],[80.1748,9.50491],[80.17394,9.506],[80.17293,9.50734],[80.17174,9.5088],[80.17041,9.51073],[80.16986,9.51136],[80.16944,9.51176],[80.16919,9.51224],[80.16877,9.51274],[80.16853,9.5131],[80.16764,9.51413],[80.16733,9.51457],[80.1671,9.51484],[80.16665,9.51528],[80.16606,9.51602],[80.16518,9.51699],[80.16213,9.52048],[80.16073,9.52197],[80.16007,9.52272],[80.15802,9.52486],[80.15709,9.52574],[80.15655,9.52617],[80.15438,9.52842],[80.15017,9.53245],[80.14836,9.53416],[80.14739,9.535],[80.14592,9.53637],[80.14453,9.53753],[80.14255,9.53927],[80.14165,9.54001],[80.14065,9.54088],[80.13977,9.54157],[80.13924,9.54204],[80.13817,9.54292],[80.13278,9.5475],[80.12371,9.55476],[80.12003,9.5576],[80.11557,9.56099],[80.11225,9.56346],[80.11042,9.56475],[80.10917,9.56558],[80.10878,9.56588],[80.10785,9.56652],[80.10707,9.56712],[80.10665,9.56739],[80.10589,9.56792],[80.1047,9.5688],[80.10175,9.57083],[80.10074,9.5716],[80.10049,9.57175],[80.09999,9.57213],[80.09982,9.57225],[80.09952,9.5724],[80.09882,9.57294],[80.09858,9.57306],[80.09814,9.57345],[80.09778,9.57362],[80.09742,9.57392],[80.09693,9.57422],[80.09655,9.5745],[80.09519,9.57542],[80.09469,9.57573],[80.09455,9.57578],[80.09421,9.57607],[80.09365,9.57641],[80.09327,9.57671],[80.09277,9.57699],[80.09242,9.57725],[80.09224,9.57732],[80.09207,9.57743],[80.0911,9.57811],[80.09083,9.57822],[80.09037,9.57855],[80.09002,9.57871],[80.08947,9.57913],[80.08852,9.57973],[80.08835,9.57986],[80.08783,9.58013],[80.08707,9.58064],[80.08688,9.58079],[80.08645,9.581],[80.08594,9.58137],[80.08571,9.58147],[80.08522,9.58181],[80.08493,9.58196],[80.08474,9.58209],[80.08448,9.58223],[80.08431,9.5823],[80.08367,9.58269],[80.08346,9.58277],[80.08327,9.58288],[80.08276,9.58321],[80.08247,9.58334],[80.08183,9.58376],[80.08135,9.58399],[80.08077,9.58435],[80.08046,9.58448],[80.07983,9.58488],[80.07946,9.58505],[80.07709,9.58642],[80.0762,9.58687],[80.07568,9.58716],[80.07514,9.58749],[80.07457,9.58778],[80.07438,9.58791],[80.07312,9.58861],[80.07156,9.58942],[80.07097,9.58975],[80.06968,9.59038],[80.06885,9.59078],[80.06795,9.59117],[80.0672,9.59153],[80.06545,9.59231],[80.06519,9.59246],[80.06421,9.59292],[80.06385,9.59313],[80.06343,9.5933],[80.06308,9.59348],[80.06234,9.59382],[80.0619,9.59406],[80.06154,9.5942],[80.05896,9.59536],[80.05813,9.59567],[80.05638,9.59651],[80.05617,9.59666],[80.05526,9.59716],[80.05445,9.59765],[80.05342,9.59834],[80.0528,9.5987],[80.05246,9.5988],[80.05239,9.59881],[80.05207,9.59875],[80.05195,9.59875],[80.05191,9.59877],[80.05188,9.59883],[80.0519,9.59888],[80.05199,9.59893],[80.05204,9.59899],[80.05212,9.59914],[80.05215,9.59927],[80.05216,9.5993],[80.05222,9.59939],[80.0523,9.59947],[80.05254,9.59956],[80.05257,9.59962],[80.05289,9.59996],[80.05296,9.60018],[80.05302,9.60028],[80.05307,9.60033],[80.05325,9.60042],[80.0533,9.60047],[80.05333,9.60055],[80.05374,9.60065],[80.05395,9.60074],[80.05409,9.60095],[80.05424,9.60099],[80.05444,9.60123],[80.05466,9.60133],[80.05493,9.60158],[80.055,9.60171],[80.05505,9.60186],[80.05525,9.60214],[80.05539,9.60239],[80.05585,9.60289],[80.05597,9.60342],[80.05605,9.60367],[80.05627,9.60389],[80.05646,9.60399],[80.05663,9.60417],[80.05691,9.60432],[80.05707,9.60437],[80.0572,9.6044],[80.05731,9.60439],[80.05742,9.60433],[80.0576,9.60428],[80.05833,9.6044],[80.05871,9.60467],[80.05886,9.60483],[80.05922,9.60535],[80.05939,9.60573],[80.05944,9.60589],[80.05944,9.60653],[80.05953,9.60698],[80.05957,9.60735],[80.05965,9.6085],[80.05963,9.60885],[80.05967,9.60921],[80.05988,9.60994],[80.06024,9.61087],[80.06052,9.61125],[80.06074,9.61143],[80.0609,9.61151],[80.06109,9.61155],[80.06124,9.61155],[80.06155,9.61148],[80.06174,9.6114],[80.06179,9.61134],[80.06175,9.61122],[80.06162,9.61116],[80.06162,9.61109],[80.06169,9.61096],[80.06182,9.61083],[80.06204,9.61065],[80.0623,9.61052],[80.06293,9.61009],[80.06355,9.60949],[80.06429,9.60884],[80.06453,9.60848],[80.06462,9.60842],[80.06472,9.60824],[80.0647,9.60808],[80.0646,9.60796],[80.06449,9.60774],[80.06439,9.60746],[80.06415,9.60706],[80.06399,9.60674],[80.0639,9.60671],[80.06349,9.60672],[80.06322,9.6067],[80.06309,9.60663],[80.063,9.6065],[80.06284,9.60639],[80.06263,9.60616],[80.06229,9.60563],[80.06176,9.60512],[80.06151,9.6048],[80.06143,9.60461],[80.06138,9.60428],[80.06149,9.60405],[80.06151,9.6039],[80.06146,9.60375],[80.06147,9.60368],[80.06158,9.60335],[80.06179,9.60297],[80.06219,9.6024],[80.06247,9.60212],[80.06263,9.60209],[80.063,9.60179],[80.06315,9.6017],[80.0641,9.60076],[80.06455,9.60045],[80.06567,9.59996],[80.06747,9.59922],[80.06779,9.59918],[80.06788,9.59921],[80.06798,9.59931],[80.06816,9.59966],[80.06823,9.59973],[80.06862,9.59992],[80.06892,9.59993],[80.06986,9.60034],[80.06991,9.60037],[80.06993,9.6005],[80.06984,9.60061],[80.06979,9.60061],[80.06978,9.60064],[80.06992,9.60073],[80.07003,9.60077],[80.07012,9.60079],[80.07029,9.6008],[80.07039,9.60075],[80.0705,9.60059],[80.07058,9.60053],[80.07075,9.60047],[80.07076,9.60044],[80.07074,9.60042],[80.07042,9.60051],[80.07033,9.60046],[80.07026,9.60037],[80.07009,9.60008],[80.07004,9.59989],[80.06992,9.59965],[80.06978,9.5993],[80.06976,9.59918],[80.06958,9.59892],[80.06957,9.59884],[80.06958,9.5988],[80.06966,9.59876],[80.06978,9.59881],[80.07022,9.59963],[80.07063,9.60021],[80.07111,9.60057],[80.07123,9.6006],[80.07135,9.60058],[80.07147,9.60048],[80.07155,9.60019],[80.07159,9.59975],[80.07157,9.59975],[80.07154,9.59981],[80.07148,9.59981],[80.0714,9.59971],[80.07128,9.59949],[80.07119,9.59924],[80.07085,9.59869],[80.0708,9.59853],[80.07084,9.59846],[80.0709,9.59844],[80.07097,9.59847],[80.07101,9.59862],[80.07119,9.59889],[80.07128,9.59915],[80.07138,9.59932],[80.07176,9.59975],[80.07184,9.59976],[80.07188,9.59974],[80.0719,9.59968],[80.07192,9.5992],[80.07191,9.59913],[80.0718,9.59896],[80.07172,9.59875],[80.07167,9.59836],[80.07159,9.59797],[80.0716,9.59792],[80.07167,9.59784],[80.07175,9.5978],[80.07185,9.59779],[80.07191,9.59783],[80.07193,9.59798],[80.07208,9.59809],[80.07221,9.59832],[80.07254,9.59861],[80.07279,9.59894],[80.07312,9.5992],[80.07338,9.59945],[80.07357,9.59967],[80.07386,9.60005],[80.07405,9.60048],[80.07416,9.60063],[80.07429,9.60067],[80.07449,9.60066],[80.07486,9.60057],[80.07509,9.60049],[80.07547,9.60026],[80.07555,9.60014],[80.07558,9.59979],[80.07563,9.59973],[80.07559,9.59958],[80.07526,9.59927],[80.07502,9.59899],[80.07471,9.59857],[80.07452,9.59822],[80.07443,9.59793],[80.07441,9.59773],[80.07445,9.59736],[80.07451,9.59721],[80.07465,9.59702],[80.07478,9.59691],[80.07516,9.59666],[80.07567,9.59645],[80.07629,9.59629],[80.07651,9.59621],[80.07719,9.59607],[80.07791,9.59588],[80.07821,9.59584],[80.0787,9.59588],[80.07937,9.59582],[80.07977,9.59582],[80.08021,9.59568],[80.08042,9.59569],[80.08056,9.59572],[80.08071,9.59583],[80.08082,9.59596],[80.08092,9.59612],[80.08094,9.59625],[80.08094,9.59637],[80.081,9.59641],[80.08137,9.59638],[80.0815,9.59635],[80.0817,9.59637],[80.08181,9.59635],[80.08188,9.59631],[80.08224,9.59596],[80.08236,9.59581],[80.08254,9.59568],[80.08305,9.59557],[80.08337,9.59535],[80.08376,9.59536],[80.08382,9.59535],[80.08389,9.59532],[80.08437,9.59483],[80.08507,9.59405],[80.08563,9.59379],[80.08567,9.59378],[80.08589,9.59383],[80.08656,9.5935],[80.08687,9.5934],[80.08744,9.59329],[80.08784,9.59331],[80.08823,9.59336],[80.08839,9.59317],[80.08857,9.59308],[80.0888,9.59312],[80.08905,9.59329],[80.0892,9.59335],[80.08953,9.59361],[80.08968,9.59366],[80.08996,9.5936],[80.09035,9.59356],[80.09051,9.59353],[80.09116,9.5933],[80.09121,9.59331],[80.09132,9.59339],[80.0914,9.59342],[80.09175,9.59349],[80.09204,9.59347],[80.09293,9.59305],[80.0931,9.59294],[80.09339,9.59269],[80.0936,9.59234],[80.09372,9.59222],[80.09402,9.59196],[80.09434,9.59174],[80.09462,9.59159],[80.0948,9.59145],[80.09493,9.59128],[80.09497,9.59115],[80.09496,9.59066],[80.09501,9.59032],[80.09511,9.59014],[80.09529,9.58995],[80.09537,9.58995],[80.09559,9.59005],[80.09563,9.59004],[80.09567,9.59002],[80.09574,9.58993],[80.09582,9.58987],[80.09611,9.58946],[80.09628,9.5893],[80.09665,9.58905],[80.09667,9.58899],[80.09665,9.58877],[80.09667,9.58866],[80.09667,9.58843],[80.09674,9.58825],[80.09691,9.58802],[80.09709,9.5879],[80.09732,9.58793],[80.09755,9.58782],[80.09793,9.58786],[80.0982,9.58786],[80.09838,9.5878],[80.09843,9.58777],[80.09881,9.5877],[80.09893,9.58765],[80.09951,9.58734],[80.09955,9.58727],[80.09951,9.58723],[80.09937,9.58713],[80.09916,9.58703],[80.09914,9.58698],[80.09916,9.58689],[80.09922,9.58677],[80.09939,9.58657],[80.09971,9.58639],[80.09987,9.58626],[80.10015,9.5859],[80.10034,9.58577],[80.1005,9.58569],[80.10062,9.58573],[80.1008,9.58597],[80.10115,9.58625],[80.10129,9.58648],[80.10133,9.58658],[80.10131,9.58674],[80.1015,9.58707],[80.10155,9.58733],[80.10158,9.58737],[80.10175,9.58736],[80.10204,9.58753],[80.10217,9.58765],[80.10221,9.58774],[80.10222,9.58787],[80.1022,9.58801],[80.10203,9.58834],[80.10201,9.58842],[80.10203,9.58845],[80.10212,9.58832],[80.10222,9.58822],[80.10239,9.58809],[80.10264,9.58797],[80.10291,9.58794],[80.10304,9.58788],[80.10325,9.58767],[80.10326,9.58748],[80.10316,9.58732],[80.10287,9.58698],[80.10286,9.58692],[80.10291,9.58684],[80.10307,9.58686],[80.10328,9.58694],[80.10389,9.58705],[80.10412,9.58706],[80.10463,9.58722],[80.10498,9.5873],[80.10678,9.58743],[80.10697,9.58743],[80.10711,9.58738],[80.10728,9.5873],[80.10785,9.58694],[80.10793,9.58691],[80.10798,9.58692],[80.10802,9.58691],[80.10889,9.58622],[80.10934,9.58593],[80.10963,9.5857],[80.10991,9.5855],[80.1105,9.58513],[80.11061,9.58501],[80.11063,9.58495],[80.11062,9.58491],[80.11059,9.58482],[80.11047,9.58473],[80.11037,9.5847],[80.11025,9.58467],[80.11014,9.58468],[80.11005,9.58466],[80.10917,9.58477],[80.1091,9.5848],[80.1091,9.58483],[80.10943,9.58485],[80.1096,9.58477],[80.10971,9.58474],[80.10998,9.58471],[80.11026,9.58472],[80.11035,9.58477],[80.11038,9.58482],[80.11036,9.58497],[80.11024,9.58507],[80.11006,9.58517],[80.10969,9.58547],[80.1092,9.58579],[80.10877,9.58599],[80.10865,9.58603],[80.10827,9.5861],[80.10796,9.5861],[80.10786,9.58609],[80.10781,9.58605],[80.10777,9.58598],[80.10772,9.58586],[80.10769,9.58573],[80.10768,9.58539],[80.10774,9.58522],[80.10794,9.58487],[80.10803,9.5848],[80.1081,9.58477],[80.10811,9.58473],[80.10766,9.58463],[80.10761,9.58459],[80.1075,9.58435],[80.10732,9.58422],[80.10724,9.5841],[80.10719,9.58395],[80.10725,9.58349],[80.10723,9.58319],[80.10729,9.58295],[80.10731,9.5828],[80.10744,9.58236],[80.10797,9.58159],[80.10817,9.58145],[80.10834,9.58127],[80.10834,9.58123],[80.10831,9.5812],[80.10804,9.58108],[80.10784,9.58096],[80.10783,9.58093],[80.10787,9.58057],[80.10778,9.58009],[80.10778,9.57974],[80.10784,9.57953],[80.10793,9.57932],[80.10811,9.57912],[80.10829,9.57901],[80.10851,9.57901],[80.10868,9.57909],[80.10888,9.57932],[80.10921,9.57984],[80.10932,9.58006],[80.10933,9.58014],[80.1093,9.58025],[80.1092,9.58034],[80.10919,9.58046],[80.10923,9.58052],[80.10932,9.58058],[80.10947,9.58061],[80.10962,9.5807],[80.10968,9.5807],[80.10978,9.58068],[80.10988,9.5806],[80.10997,9.58043],[80.11012,9.58024],[80.11067,9.5796],[80.11082,9.57931],[80.1109,9.57921],[80.11116,9.57899],[80.11133,9.57868],[80.11155,9.5785],[80.11169,9.57844],[80.11177,9.57845],[80.11209,9.57879],[80.11215,9.57899],[80.11219,9.57903],[80.11226,9.57902],[80.11231,9.57896],[80.11244,9.5783],[80.11259,9.57793],[80.11256,9.57791],[80.11249,9.57797],[80.1124,9.578],[80.11232,9.578],[80.11228,9.57796],[80.11184,9.57727],[80.11179,9.57715],[80.11176,9.57695],[80.11178,9.57681],[80.11188,9.57667],[80.11207,9.57652],[80.11235,9.57636],[80.11241,9.57639],[80.11257,9.57654],[80.11275,9.57687],[80.11278,9.57703],[80.11313,9.57755],[80.11324,9.57764],[80.11346,9.57776],[80.11368,9.57796],[80.1137,9.57791],[80.1137,9.57782],[80.11353,9.57732],[80.11356,9.57709],[80.11346,9.57695],[80.11344,9.57686],[80.11348,9.5765],[80.11339,9.57635],[80.11337,9.57619],[80.11339,9.57582],[80.11335,9.57569],[80.11336,9.57541],[80.11344,9.57519],[80.11359,9.57498],[80.11396,9.57463],[80.11419,9.57445],[80.11479,9.57436],[80.11507,9.57425],[80.11542,9.57407],[80.11559,9.57402],[80.11573,9.574],[80.11674,9.57422],[80.1169,9.57418],[80.11696,9.57412],[80.11704,9.57397],[80.11708,9.57383],[80.11715,9.57377],[80.11727,9.5737],[80.11741,9.5737],[80.11806,9.57408],[80.11824,9.57423],[80.11861,9.57471],[80.11871,9.57479],[80.11876,9.5748],[80.11882,9.57479],[80.11884,9.57475],[80.11878,9.57421],[80.11872,9.57399],[80.11873,9.5739],[80.11875,9.57384],[80.1188,9.57379],[80.11897,9.57378],[80.11928,9.57393],[80.11942,9.57396],[80.11962,9.57406],[80.11975,9.57405],[80.11998,9.57392],[80.1202,9.57389],[80.12044,9.57395],[80.1207,9.57413],[80.12078,9.57423],[80.1209,9.5745],[80.12097,9.57475],[80.12105,9.57517],[80.1211,9.57529],[80.12113,9.57551],[80.12109,9.57566],[80.12095,9.5759],[80.12071,9.57615],[80.11976,9.57689],[80.11962,9.57701],[80.11949,9.57718],[80.11946,9.57724],[80.11941,9.57757],[80.11941,9.57768],[80.11943,9.57772],[80.11946,9.57775],[80.11957,9.57771],[80.11967,9.5777],[80.11986,9.57773],[80.12019,9.57768],[80.12053,9.57771],[80.12061,9.5777],[80.12189,9.57716],[80.12196,9.57716],[80.12249,9.57747],[80.12267,9.57748],[80.12283,9.57744],[80.12305,9.57751],[80.12319,9.57761],[80.12346,9.57772],[80.12354,9.57779],[80.12383,9.57798],[80.12426,9.57812],[80.12448,9.57814],[80.12494,9.5781],[80.12516,9.57804],[80.12546,9.57799],[80.12556,9.57805],[80.12582,9.57806],[80.12616,9.57783],[80.12641,9.5777],[80.12686,9.5774],[80.12782,9.57659],[80.12799,9.57648],[80.12823,9.57624],[80.12857,9.57562],[80.12876,9.57535],[80.12903,9.57506],[80.12905,9.57499],[80.12905,9.57487],[80.12909,9.57481],[80.12912,9.5746],[80.12917,9.57451],[80.12936,9.57434],[80.12962,9.57416],[80.12991,9.57411],[80.12997,9.57407],[80.13003,9.57398],[80.13005,9.5738],[80.13014,9.57355],[80.13025,9.57335],[80.13045,9.5731],[80.13117,9.57228],[80.13137,9.57211],[80.13149,9.57197],[80.13186,9.57149],[80.13196,9.57126],[80.13197,9.57112],[80.13196,9.57101],[80.13191,9.57086],[80.13176,9.57072],[80.13176,9.57067],[80.13183,9.57057],[80.13194,9.57043],[80.1321,9.57033],[80.1323,9.57023],[80.13286,9.56969],[80.13425,9.56851],[80.13449,9.56816],[80.13451,9.56809],[80.13454,9.56787],[80.13445,9.56764],[80.13446,9.56753],[80.13459,9.56723],[80.13478,9.56701],[80.13493,9.56688],[80.13502,9.56673],[80.13525,9.56641],[80.13599,9.56555],[80.13624,9.56515],[80.13637,9.56501],[80.13644,9.56467],[80.13648,9.56417],[80.13643,9.56404],[80.13633,9.5639],[80.13631,9.56381],[80.13631,9.56373],[80.13635,9.56366],[80.13659,9.56346],[80.13684,9.56331],[80.13727,9.5631],[80.13739,9.563],[80.1377,9.56281],[80.13789,9.56259],[80.13803,9.56246],[80.13814,9.56239],[80.13828,9.56238],[80.13842,9.56243],[80.13851,9.56244],[80.13873,9.56231],[80.13887,9.5623],[80.13902,9.56221],[80.13906,9.56217],[80.13911,9.56206],[80.13905,9.56193],[80.13904,9.5616],[80.13902,9.56156],[80.13893,9.5615],[80.13881,9.56148],[80.13876,9.5615],[80.13876,9.56156],[80.13888,9.56161],[80.13893,9.56171],[80.1389,9.56179],[80.13875,9.56193],[80.13828,9.56209],[80.13811,9.56207],[80.13802,9.56203],[80.13796,9.56191],[80.13798,9.56166],[80.13814,9.56146],[80.13897,9.56071],[80.13964,9.5602],[80.14006,9.55994],[80.14018,9.55988],[80.14049,9.55981],[80.14065,9.55974],[80.14084,9.5597],[80.14101,9.55969],[80.14115,9.55973],[80.14125,9.55973],[80.14133,9.5597],[80.14157,9.55952],[80.14187,9.55937],[80.14245,9.55896],[80.14286,9.55858],[80.143,9.55835],[80.14308,9.55805],[80.14304,9.55763],[80.14306,9.55755],[80.14311,9.55749],[80.14538,9.55639],[80.14562,9.5563],[80.14583,9.55626],[80.14611,9.55625],[80.1462,9.55621],[80.14672,9.55583],[80.14683,9.55579],[80.147,9.55578],[80.14711,9.55584],[80.14724,9.55585],[80.14754,9.55574],[80.14771,9.55563],[80.14818,9.55544],[80.14838,9.5553],[80.1493,9.55476],[80.14975,9.55462],[80.14988,9.5545],[80.15014,9.55439],[80.15034,9.55427],[80.1505,9.55421],[80.1506,9.55415],[80.15066,9.55415],[80.15095,9.55427],[80.15102,9.55428],[80.15107,9.55426],[80.15125,9.55408],[80.15135,9.55393],[80.15148,9.55382],[80.15179,9.55359],[80.15204,9.55345],[80.1521,9.55344],[80.15236,9.55359],[80.15252,9.55361],[80.15258,9.5536],[80.15288,9.5534],[80.15399,9.55293],[80.15407,9.55294],[80.15414,9.55301],[80.15417,9.55307],[80.15414,9.55313],[80.15402,9.5532],[80.15401,9.55326],[80.15408,9.55329],[80.15417,9.55326],[80.15433,9.55317],[80.15448,9.55304],[80.15472,9.5529],[80.1555,9.55251],[80.15573,9.55236],[80.15605,9.55225],[80.15629,9.55213],[80.15637,9.55206],[80.15675,9.55184],[80.15696,9.5517],[80.15721,9.55147],[80.15753,9.55127],[80.15763,9.55126],[80.15785,9.55118],[80.15808,9.55103],[80.15852,9.55066],[80.15872,9.55059],[80.15891,9.55055],[80.15901,9.5505],[80.15927,9.55027],[80.15957,9.55012],[80.15974,9.54998],[80.15995,9.54992],[80.16003,9.54992],[80.16007,9.54995],[80.16012,9.55007],[80.16016,9.5501],[80.16027,9.5501],[80.16033,9.55007],[80.16074,9.54963],[80.16117,9.54931],[80.16137,9.54911],[80.16244,9.54831],[80.16292,9.54801],[80.16329,9.54782],[80.16358,9.54761],[80.16385,9.54745],[80.16447,9.54696],[80.16542,9.54642],[80.16628,9.54576],[80.16764,9.5448],[80.168,9.54464],[80.16835,9.54456],[80.17022,9.54345],[80.17047,9.54335],[80.17065,9.54331],[80.17103,9.54334],[80.17109,9.54338],[80.17111,9.54342],[80.17097,9.54376],[80.17099,9.54379],[80.17104,9.54381],[80.17118,9.54379],[80.17137,9.54364],[80.17151,9.54345],[80.17168,9.54325],[80.17264,9.54271],[80.17344,9.54236],[80.17369,9.54227],[80.17399,9.5422],[80.17423,9.54221],[80.17488,9.54231],[80.17571,9.54225],[80.17595,9.54221],[80.1765,9.54203],[80.17687,9.54188],[80.1781,9.54118],[80.17889,9.54069],[80.17914,9.54057],[80.17948,9.54044],[80.17963,9.54044],[80.18009,9.54075],[80.18034,9.54089],[80.18125,9.54157],[80.18158,9.54179],[80.18177,9.54188],[80.18205,9.54196],[80.1824,9.54216],[80.18298,9.54265],[80.1833,9.54284],[80.18359,9.54304],[80.18414,9.54336],[80.18467,9.54374],[80.18647,9.54438],[80.18677,9.54455],[80.18687,9.54471],[80.18698,9.5448],[80.1873,9.54495],[80.18788,9.54503],[80.1882,9.54503],[80.1891,9.54518],[80.19006,9.54531],[80.19132,9.54537],[80.19176,9.54532],[80.19208,9.54537],[80.19236,9.54545],[80.19259,9.54557],[80.19284,9.54564],[80.19307,9.54575],[80.19358,9.54582],[80.19415,9.54577],[80.19456,9.5457],[80.19519,9.54559],[80.19541,9.54559],[80.19543,9.54566],[80.19561,9.54686],[80.1957,9.54748],[80.19574,9.54779],[80.19574,9.54781],[80.19578,9.54808],[80.19582,9.54837],[80.19586,9.54865],[80.19591,9.54898],[80.19595,9.54926],[80.19599,9.54956],[80.19604,9.54996],[80.19609,9.55031],[80.19628,9.55164],[80.19645,9.55293],[80.19673,9.55477],[80.19739,9.55944],[80.19747,9.5602],[80.19744,9.56064],[80.19737,9.56101],[80.19736,9.56125],[80.19739,9.56161],[80.19765,9.56363],[80.19794,9.56597],[80.19835,9.56848],[80.19876,9.57103],[80.19896,9.57215],[80.19895,9.57223],[80.19905,9.57279],[80.19911,9.57308],[80.19914,9.57311],[80.19933,9.57308],[80.19942,9.57297],[80.19944,9.57289],[80.19942,9.5728],[80.19937,9.57276],[80.19918,9.57273],[80.19888,9.57099],[80.19848,9.56845],[80.19805,9.56571],[80.19779,9.56356],[80.19754,9.56146],[80.19753,9.56121],[80.1976,9.56115],[80.1977,9.56115],[80.19779,9.56116],[80.19785,9.56114],[80.19786,9.56109],[80.19784,9.56106],[80.19797,9.56097],[80.19799,9.56094],[80.19793,9.56079],[80.19794,9.56073],[80.19794,9.56068],[80.19791,9.56065],[80.19786,9.56062],[80.19783,9.56059],[80.19782,9.56055],[80.19783,9.56052],[80.19786,9.56049],[80.19785,9.56046],[80.19779,9.56043],[80.19762,9.56039],[80.19762,9.56],[80.19739,9.5584],[80.19682,9.5543],[80.19645,9.55175],[80.19625,9.55022],[80.19621,9.54993],[80.19616,9.54954],[80.19611,9.54924],[80.19607,9.54896],[80.19603,9.54862],[80.19599,9.54834],[80.19594,9.54805],[80.1959,9.54776],[80.19586,9.54746],[80.19577,9.54684],[80.1956,9.54565],[80.19569,9.54513],[80.19565,9.54506],[80.19558,9.54501],[80.19547,9.54496],[80.19526,9.54471],[80.19517,9.54451],[80.19484,9.54403],[80.19398,9.54261],[80.19333,9.54144],[80.1933,9.54126],[80.19318,9.54113],[80.19318,9.54108],[80.19326,9.541],[80.19325,9.5409],[80.19321,9.54087],[80.19309,9.54097],[80.19304,9.54098],[80.19274,9.54057],[80.19272,9.54048],[80.19273,9.54044],[80.19277,9.54039],[80.19284,9.54038],[80.19295,9.54041],[80.1931,9.54035],[80.19312,9.54016],[80.19335,9.53984],[80.1936,9.53965],[80.19363,9.53957],[80.19387,9.53939],[80.19403,9.53921],[80.19414,9.53901],[80.19419,9.53885],[80.19425,9.53843],[80.19433,9.53834],[80.19434,9.53822],[80.19432,9.53819],[80.19412,9.53817],[80.19367,9.53832],[80.19337,9.53844],[80.19315,9.53859],[80.19296,9.53883],[80.19289,9.5391],[80.1928,9.53927],[80.1927,9.53933],[80.19233,9.53966],[80.1922,9.53967],[80.19212,9.53964],[80.19194,9.53942],[80.19069,9.53728],[80.19062,9.53715],[80.19061,9.53708],[80.19063,9.53704],[80.19096,9.53706],[80.191,9.53703],[80.19095,9.53674],[80.19099,9.53668],[80.19108,9.53664],[80.19152,9.53655],[80.19166,9.53648],[80.19188,9.53646],[80.19292,9.53647],[80.19309,9.53649],[80.1933,9.5366],[80.19372,9.53676],[80.19405,9.53695],[80.1944,9.53706],[80.19461,9.53717],[80.19486,9.53738],[80.19509,9.5374],[80.19527,9.53743],[80.19537,9.53756],[80.19542,9.53773],[80.19555,9.53914],[80.19565,9.53958],[80.19576,9.53979],[80.19599,9.54013],[80.19659,9.54045],[80.19696,9.54046],[80.19723,9.54043],[80.19763,9.54049],[80.19782,9.54056],[80.19821,9.5405],[80.199,9.54018],[80.19915,9.54005],[80.19925,9.53982],[80.19928,9.53968],[80.19936,9.53958],[80.19951,9.53948],[80.19968,9.53927],[80.19972,9.53906],[80.19963,9.53884],[80.19956,9.53877],[80.19934,9.53875],[80.19912,9.53883],[80.19836,9.53882],[80.1981,9.5387],[80.19795,9.53848],[80.19782,9.53818],[80.19763,9.53808],[80.1975,9.53807],[80.19732,9.53801],[80.19717,9.53793],[80.19714,9.53785],[80.19714,9.53773],[80.19722,9.5376],[80.19765,9.53765],[80.19823,9.53778],[80.1985,9.53791],[80.19873,9.53808],[80.19905,9.53827],[80.19931,9.53839],[80.19952,9.53844],[80.20028,9.53837],[80.20062,9.53829],[80.20123,9.53805],[80.20148,9.53797],[80.2017,9.53786],[80.2018,9.53775],[80.20207,9.53725],[80.20221,9.53705],[80.20236,9.53692],[80.20292,9.53654],[80.20359,9.5363],[80.2039,9.53609],[80.2043,9.53576],[80.20475,9.53544],[80.20503,9.53516],[80.20541,9.5349],[80.20588,9.53438],[80.20615,9.53417],[80.20643,9.5339],[80.20654,9.53372],[80.20656,9.53347],[80.20648,9.53328],[80.20632,9.5331],[80.20626,9.53306],[80.20616,9.53305],[80.20592,9.53312],[80.20579,9.53312],[80.20529,9.53298],[80.20502,9.53282],[80.20496,9.53265],[80.20505,9.53243],[80.20519,9.53223],[80.20601,9.53169],[80.20638,9.53154],[80.2066,9.53149],[80.20675,9.53147],[80.20688,9.53155],[80.20715,9.53189],[80.20713,9.53232],[80.20721,9.53256],[80.2072,9.53287],[80.20726,9.53296],[80.20736,9.53303],[80.20745,9.53304],[80.20763,9.53297],[80.20781,9.53285],[80.20957,9.53187],[80.21041,9.53128],[80.21088,9.53101],[80.21159,9.53072],[80.2118,9.53049],[80.21203,9.53028],[80.2122,9.53022],[80.21244,9.5302],[80.21253,9.53023],[80.21269,9.53023],[80.21283,9.53015],[80.21296,9.53002],[80.21326,9.52993],[80.21352,9.52978],[80.21361,9.52974],[80.21389,9.52971],[80.21408,9.52974],[80.21473,9.5298],[80.21555,9.52997],[80.21583,9.52999],[80.21611,9.52992],[80.21634,9.52983],[80.21686,9.52956],[80.21706,9.52938],[80.21729,9.52915],[80.21737,9.52883],[80.21748,9.52853],[80.21774,9.52826],[80.2181,9.52801],[80.21899,9.52773],[80.21944,9.52784],[80.21979,9.52787],[80.22053,9.52799],[80.22097,9.52819],[80.22136,9.52852],[80.2215,9.52878],[80.22155,9.52896],[80.22155,9.52933],[80.22151,9.52992],[80.22152,9.5301],[80.2217,9.53054],[80.22186,9.53081],[80.22197,9.53095],[80.22202,9.53122],[80.22208,9.5314],[80.2222,9.53154],[80.22232,9.5319],[80.2226,9.53243],[80.22268,9.53265],[80.22273,9.53289],[80.22264,9.53326],[80.22252,9.53345],[80.22231,9.53366],[80.22184,9.53402],[80.22172,9.53415],[80.22158,9.53438],[80.22137,9.53463],[80.22138,9.53473],[80.22145,9.53483],[80.22177,9.5351],[80.22211,9.53531],[80.2223,9.53532],[80.22256,9.53525],[80.22327,9.53493],[80.224,9.53441],[80.2248,9.53356],[80.22521,9.53296],[80.2257,9.53232],[80.22623,9.53179],[80.2268,9.53126],[80.22705,9.53099],[80.22802,9.53018],[80.22832,9.52998],[80.22895,9.5295],[80.22944,9.5292],[80.22981,9.52904],[80.23033,9.52885],[80.23041,9.52881],[80.23117,9.52803],[80.23185,9.52749],[80.2326,9.52695],[80.23368,9.52624],[80.23426,9.52582],[80.23485,9.52533],[80.23546,9.52491],[80.23609,9.52441],[80.23704,9.52358],[80.23812,9.52276],[80.23913,9.52204],[80.23947,9.52167],[80.23973,9.52143],[80.23999,9.52116],[80.24015,9.52104],[80.24055,9.52081],[80.24061,9.52075],[80.241,9.52045],[80.24301,9.51895],[80.24324,9.51888],[80.24386,9.51841],[80.2457,9.51721],[80.24613,9.51697],[80.24666,9.51663],[80.248,9.51589],[80.24856,9.51562],[80.24878,9.51558],[80.24896,9.51565],[80.24905,9.51563],[80.24915,9.51549],[80.2492,9.51536],[80.24934,9.51516],[80.24959,9.51497],[80.25005,9.51469],[80.25132,9.51417],[80.25153,9.51411],[80.25178,9.51399],[80.25217,9.51374],[80.25255,9.51347],[80.2533,9.5131],[80.25402,9.51271],[80.25441,9.51244],[80.25535,9.51196],[80.25583,9.51168],[80.25602,9.5116],[80.25656,9.5115],[80.25687,9.51135],[80.25693,9.51117],[80.25704,9.51096],[80.25735,9.51065],[80.25768,9.51053],[80.25781,9.5105],[80.25811,9.5105],[80.25821,9.51039],[80.25833,9.51018],[80.25844,9.51007],[80.25877,9.51005],[80.25889,9.50996],[80.25891,9.50984],[80.25904,9.50959],[80.25917,9.50957],[80.25929,9.50962],[80.25948,9.5096],[80.25957,9.50953],[80.25963,9.50943],[80.25962,9.50925],[80.25957,9.5091],[80.25958,9.50903],[80.25974,9.50885],[80.25981,9.50871],[80.25987,9.50844],[80.25996,9.50829],[80.26012,9.50814],[80.26076,9.50789],[80.26171,9.50707],[80.26241,9.50666],[80.26297,9.50626],[80.26357,9.50578],[80.26663,9.50377],[80.26836,9.50268],[80.2699,9.5018],[80.27053,9.50131],[80.2715,9.50082],[80.27243,9.50022],[80.27314,9.49982],[80.27426,9.49943],[80.27582,9.49899],[80.27737,9.49859],[80.27776,9.4984],[80.27833,9.49804],[80.27863,9.49775],[80.27986,9.49692],[80.28016,9.49656],[80.28027,9.49602],[80.28062,9.49564],[80.28085,9.49535],[80.28083,9.4952],[80.28045,9.49469],[80.28044,9.49472],[80.28059,9.49512],[80.28054,9.4954],[80.28026,9.49588],[80.28017,9.49597],[80.27921,9.49642],[80.27816,9.49661],[80.27741,9.49685],[80.27724,9.49684],[80.27635,9.49714],[80.27613,9.49717],[80.27586,9.49727],[80.27548,9.49732],[80.27476,9.49738],[80.27432,9.49738],[80.27318,9.49717],[80.27283,9.49716],[80.27251,9.49721],[80.27191,9.49742],[80.2718,9.49752],[80.2716,9.49784],[80.27153,9.49787],[80.27145,9.49786],[80.27111,9.49775],[80.27104,9.49776],[80.27058,9.49814],[80.27011,9.49845],[80.2699,9.49855],[80.2698,9.49866],[80.26967,9.49866],[80.26958,9.49865],[80.26951,9.49861],[80.26944,9.4986],[80.26875,9.49864],[80.26854,9.49858],[80.26826,9.49842],[80.26801,9.49836],[80.26625,9.49835],[80.26581,9.4984],[80.26567,9.49833],[80.26537,9.49823],[80.26521,9.49823],[80.26513,9.49824],[80.2651,9.49829],[80.26522,9.49863],[80.26522,9.4988],[80.26516,9.49891],[80.2651,9.49896],[80.26502,9.49896],[80.26486,9.49889],[80.26429,9.49873],[80.26402,9.49861],[80.26384,9.49862],[80.26372,9.49857],[80.26367,9.49857],[80.26346,9.4988],[80.26317,9.49902],[80.26293,9.49909],[80.2626,9.49913],[80.2624,9.4992],[80.26225,9.49929],[80.26218,9.49948],[80.26215,9.49963],[80.26211,9.4997],[80.26204,9.4997],[80.26193,9.49966],[80.2619,9.49959],[80.26186,9.49946],[80.26186,9.49933],[80.26174,9.49893],[80.26168,9.49879],[80.26151,9.4987],[80.26119,9.49871],[80.26104,9.49875],[80.26095,9.49887],[80.26092,9.49902],[80.26094,9.49929],[80.2609,9.49935],[80.26084,9.49938],[80.26072,9.4994],[80.26004,9.49921],[80.25995,9.49913],[80.25987,9.49902],[80.25975,9.49892],[80.25937,9.49882],[80.2593,9.49885],[80.25917,9.4991],[80.25899,9.49935],[80.25886,9.49948],[80.25836,9.4996],[80.25811,9.49954],[80.258,9.49947],[80.25787,9.49948],[80.25773,9.49943],[80.25762,9.49945],[80.25748,9.49953],[80.25726,9.49961],[80.25722,9.49964],[80.25713,9.49976],[80.25699,9.49978],[80.25693,9.49982],[80.25679,9.50002],[80.25657,9.50023],[80.25659,9.50032],[80.2568,9.5004],[80.25679,9.50046],[80.25661,9.50065],[80.25648,9.50067],[80.25638,9.50065],[80.2563,9.50066],[80.25618,9.50088],[80.25615,9.501],[80.25616,9.50109],[80.25622,9.5012],[80.25624,9.5013],[80.25622,9.50138],[80.25615,9.50147],[80.25605,9.50152],[80.25574,9.5015],[80.25562,9.50151],[80.25553,9.50156],[80.25542,9.50168],[80.25534,9.5017],[80.25511,9.50172],[80.25495,9.50165],[80.25483,9.50165],[80.25464,9.5017],[80.25444,9.50181],[80.25416,9.50203],[80.25327,9.50196],[80.25315,9.502],[80.2531,9.50206],[80.25308,9.50215],[80.25307,9.50227],[80.2531,9.50237],[80.25314,9.50242],[80.25333,9.50243],[80.25336,9.50246],[80.25337,9.50253],[80.25333,9.50267],[80.25316,9.50276],[80.25306,9.50289],[80.253,9.50309],[80.25303,9.50332],[80.25299,9.50339],[80.25291,9.50342],[80.25251,9.50339],[80.25243,9.50344],[80.25236,9.50347],[80.25228,9.50347],[80.25225,9.50344],[80.25223,9.50338],[80.25221,9.50318],[80.25218,9.50309],[80.25212,9.50306],[80.2521,9.50308],[80.25209,9.5032],[80.25206,9.50327],[80.25168,9.50358],[80.2516,9.50368],[80.25156,9.50378],[80.25152,9.50422],[80.2515,9.5043],[80.25143,9.50433],[80.25094,9.50448],[80.2503,9.50481],[80.25003,9.50499],[80.24974,9.50514],[80.24945,9.50538],[80.2487,9.50623],[80.24846,9.50634],[80.24791,9.50651],[80.24772,9.50648],[80.24745,9.50635],[80.24733,9.50633],[80.24724,9.50633],[80.24705,9.50641],[80.24692,9.50641],[80.24672,9.50638],[80.24646,9.50629],[80.24616,9.50629],[80.24576,9.50612],[80.24564,9.50599],[80.24525,9.50584],[80.24514,9.50585],[80.245,9.50591],[80.2449,9.50598],[80.24484,9.50607],[80.2448,9.5062],[80.24473,9.50627],[80.24447,9.50629],[80.24418,9.50629],[80.24402,9.50627],[80.24384,9.5062],[80.24332,9.50634],[80.24272,9.50635],[80.24252,9.50632],[80.24236,9.50634],[80.24199,9.50653],[80.24186,9.50658],[80.24176,9.50655],[80.24148,9.5064],[80.24138,9.5063],[80.24132,9.50619],[80.24133,9.50593],[80.24144,9.50581],[80.24158,9.50572],[80.24175,9.50549],[80.24173,9.50532],[80.24137,9.50437],[80.2412,9.50427],[80.24097,9.50428],[80.24077,9.50432],[80.24054,9.50426],[80.24047,9.50412],[80.2405,9.50394],[80.24081,9.50363],[80.24118,9.50334],[80.24131,9.50315],[80.24137,9.503],[80.24141,9.50276],[80.24154,9.50264],[80.24174,9.50226],[80.24161,9.50205],[80.2416,9.50184],[80.2417,9.50165],[80.24189,9.50147],[80.24306,9.50071],[80.24341,9.50056],[80.244,9.50018],[80.24433,9.49992],[80.24459,9.49976],[80.2452,9.49977],[80.24554,9.4997],[80.24619,9.49986],[80.24654,9.49991],[80.24675,9.49987],[80.24701,9.49978],[80.24715,9.49951],[80.24738,9.49924],[80.24746,9.49898],[80.24754,9.49845],[80.24756,9.49787],[80.24754,9.49761],[80.24743,9.49743],[80.24759,9.49659],[80.24784,9.49613],[80.24834,9.49557],[80.24886,9.49495],[80.25017,9.49327],[80.25056,9.49286],[80.25109,9.49241],[80.25167,9.492],[80.25247,9.49152],[80.25332,9.49097],[80.25361,9.49071],[80.25493,9.48934],[80.25567,9.4887],[80.25886,9.48572],[80.26081,9.48398],[80.26128,9.48368],[80.26256,9.48302],[80.2635,9.48244],[80.26491,9.48174],[80.2659,9.48131],[80.26641,9.48103],[80.26743,9.48064],[80.26806,9.48043],[80.26824,9.48042],[80.26836,9.48043],[80.26843,9.48048],[80.26852,9.48073],[80.26858,9.48075],[80.26867,9.48075],[80.26925,9.48061],[80.27015,9.48059],[80.27051,9.48047],[80.27102,9.48024],[80.27134,9.48017],[80.27161,9.48017],[80.27204,9.48011],[80.27239,9.47991],[80.27274,9.47965],[80.2736,9.4792],[80.27411,9.479],[80.27439,9.47872],[80.27507,9.47815],[80.27586,9.47756],[80.27624,9.47722],[80.27639,9.47703],[80.27651,9.47682],[80.27678,9.47646],[80.27727,9.47606],[80.27746,9.47586],[80.27752,9.4757],[80.27756,9.47545],[80.27749,9.47525],[80.27716,9.47473],[80.27706,9.47462],[80.27691,9.47457],[80.27668,9.47452],[80.27668,9.47457],[80.2768,9.47461],[80.27689,9.47476],[80.2769,9.47494],[80.27682,9.4751],[80.27672,9.47523],[80.27649,9.47541],[80.27594,9.47593],[80.27575,9.47604],[80.27549,9.47615],[80.27504,9.47628],[80.27431,9.47666],[80.27397,9.47673],[80.27365,9.4767],[80.27333,9.47656],[80.27286,9.47623],[80.27236,9.47596],[80.27193,9.476],[80.27166,9.47606],[80.27145,9.47613],[80.27132,9.47611],[80.27121,9.47613],[80.27105,9.4763],[80.27102,9.47639],[80.27104,9.47683],[80.27102,9.47712],[80.27098,9.4772],[80.27088,9.47725],[80.27069,9.47721],[80.2703,9.47718],[80.26977,9.47702],[80.26967,9.47709],[80.26954,9.4771],[80.26901,9.47694],[80.26883,9.47683],[80.26854,9.47674],[80.26841,9.47676],[80.26775,9.47676],[80.26725,9.47669],[80.26681,9.47676],[80.26648,9.47676],[80.26629,9.47679],[80.26584,9.47697],[80.2657,9.47696],[80.26512,9.47682],[80.26491,9.47672],[80.26479,9.4766],[80.26453,9.47625],[80.26401,9.47595],[80.2638,9.47579],[80.26377,9.47569],[80.26378,9.47559],[80.26398,9.47527],[80.26418,9.47486],[80.26414,9.47473],[80.26398,9.47453],[80.26384,9.47441],[80.26369,9.47435],[80.26295,9.47423],[80.26268,9.47423],[80.26228,9.47427],[80.26189,9.47422],[80.26103,9.47427],[80.26078,9.4742],[80.25998,9.4737],[80.25987,9.47357],[80.25973,9.47346],[80.25896,9.47303],[80.2587,9.4728],[80.25829,9.47259],[80.25788,9.47245],[80.25785,9.47228],[80.25778,9.47212],[80.25769,9.47205],[80.25757,9.47203],[80.25717,9.47217],[80.25696,9.47222],[80.25682,9.47221],[80.25668,9.47223],[80.25616,9.47241],[80.25546,9.47287],[80.25507,9.4732],[80.25471,9.47346],[80.2545,9.47367],[80.2537,9.47427],[80.25357,9.47444],[80.25349,9.47448],[80.25266,9.47462],[80.25225,9.47462],[80.25219,9.47461],[80.25215,9.47456],[80.25211,9.47426],[80.2521,9.47422],[80.25206,9.47421],[80.25202,9.47426],[80.25205,9.47444],[80.25201,9.47459],[80.25195,9.47462],[80.25166,9.4747],[80.25145,9.47477],[80.25089,9.4747],[80.2504,9.4746],[80.25021,9.4746],[80.25006,9.47465],[80.24936,9.47488],[80.24908,9.47501],[80.24821,9.47555],[80.24776,9.47575],[80.24713,9.47594],[80.24661,9.47614],[80.24623,9.47632],[80.24612,9.47648],[80.2459,9.47668],[80.24566,9.47683],[80.24511,9.47709],[80.24506,9.47716],[80.24504,9.47729],[80.24498,9.47732],[80.24476,9.4773],[80.24455,9.47719],[80.24441,9.4772],[80.24435,9.47723],[80.2443,9.47731],[80.24422,9.47738],[80.24408,9.47739],[80.24378,9.47749],[80.24328,9.47746],[80.24312,9.47743],[80.24288,9.47729],[80.24254,9.4772],[80.24236,9.47713],[80.24227,9.47707],[80.24217,9.47689],[80.24183,9.47643],[80.24157,9.47644],[80.24152,9.47654],[80.24147,9.47657],[80.24125,9.47648],[80.24121,9.47643],[80.24115,9.47621],[80.24094,9.47604],[80.2407,9.4759],[80.24045,9.47586],[80.24012,9.47564],[80.24008,9.47562],[80.23997,9.47563],[80.23993,9.47565],[80.23989,9.47581],[80.23981,9.47586],[80.23951,9.47594],[80.23937,9.47594],[80.23918,9.47592],[80.23892,9.47597],[80.23869,9.47592],[80.23788,9.47601],[80.23753,9.47615],[80.23722,9.47617],[80.23704,9.47613],[80.23693,9.47608],[80.23669,9.47578],[80.23618,9.47552],[80.23588,9.47541],[80.23573,9.47537],[80.23553,9.47538],[80.23514,9.47528],[80.23482,9.47524],[80.23467,9.47524],[80.23444,9.47536],[80.23425,9.47528],[80.23424,9.47524],[80.23495,9.4745],[80.23569,9.47368],[80.23616,9.47323],[80.23626,9.47319],[80.23642,9.47317],[80.23656,9.47323],[80.23665,9.47332],[80.23682,9.47337],[80.23711,9.47335],[80.23739,9.4729],[80.23742,9.4727],[80.23735,9.47227],[80.23739,9.47214],[80.23752,9.47196],[80.23779,9.47169],[80.23819,9.47134],[80.23842,9.47117],[80.23855,9.4711],[80.23892,9.47099],[80.23919,9.4707],[80.23926,9.47053],[80.23934,9.47042],[80.2396,9.47031],[80.23992,9.4701],[80.24083,9.46964],[80.24094,9.46955],[80.24176,9.46907],[80.24229,9.46868],[80.24372,9.46797],[80.24383,9.46784],[80.24407,9.46766],[80.24557,9.467],[80.24594,9.46688],[80.24642,9.46683],[80.24676,9.46687],[80.24722,9.467],[80.24738,9.46712],[80.24779,9.46715],[80.24809,9.46726],[80.24893,9.46763],[80.24911,9.46776],[80.24948,9.46818],[80.24958,9.46839],[80.2497,9.46855],[80.24984,9.4687],[80.24996,9.46878],[80.25004,9.4688],[80.25017,9.46879],[80.25036,9.46873],[80.25113,9.46833],[80.25141,9.46824],[80.25163,9.46815],[80.25188,9.46812],[80.25211,9.46813],[80.25234,9.46812],[80.25339,9.46789],[80.25369,9.46771],[80.25387,9.46758],[80.25436,9.46718],[80.25531,9.46646],[80.25603,9.46598],[80.25646,9.46575],[80.25689,9.46548],[80.25713,9.46527],[80.25717,9.46517],[80.25714,9.46504],[80.25685,9.46484],[80.25676,9.46475],[80.25674,9.4647],[80.25678,9.46454],[80.25689,9.4644],[80.25703,9.46434],[80.25743,9.46417],[80.25759,9.46414],[80.25773,9.46416],[80.25788,9.46424],[80.25795,9.46433],[80.25801,9.4645],[80.2582,9.46481],[80.25829,9.46487],[80.25837,9.46488],[80.25844,9.46483],[80.25867,9.46442],[80.25871,9.46426],[80.25867,9.46413],[80.25861,9.46405],[80.25862,9.46395],[80.2587,9.46387],[80.25913,9.46374],[80.25957,9.46351],[80.25993,9.46337],[80.26004,9.46336],[80.26056,9.46349],[80.26073,9.46345],[80.26077,9.46341],[80.26082,9.46327],[80.26089,9.4632],[80.26096,9.46316],[80.2611,9.46319],[80.26116,9.46317],[80.26138,9.46291],[80.26145,9.4629],[80.26153,9.46294],[80.26155,9.46301],[80.26155,9.46311],[80.26159,9.46321],[80.26157,9.4633],[80.26138,9.46334],[80.26123,9.46343],[80.26108,9.4633],[80.26102,9.46329],[80.26101,9.46332],[80.26108,9.46342],[80.26115,9.46347],[80.26131,9.46375],[80.26136,9.46379],[80.26148,9.4638],[80.26161,9.46377],[80.26178,9.46362],[80.26236,9.46278],[80.26278,9.46226],[80.26299,9.4622],[80.26314,9.46212],[80.26328,9.46202],[80.26395,9.46129],[80.26402,9.46124],[80.26416,9.4612],[80.26431,9.46126],[80.26467,9.46109],[80.26503,9.46085],[80.26528,9.46064],[80.26537,9.46061],[80.26555,9.46047],[80.26561,9.46044],[80.26572,9.46046],[80.26589,9.46029],[80.26624,9.46008],[80.26679,9.45987],[80.26693,9.45986],[80.26716,9.45991],[80.26727,9.45991],[80.26735,9.45989],[80.26747,9.45983],[80.26758,9.45984],[80.26771,9.45991],[80.26782,9.45994],[80.26803,9.4599],[80.26819,9.45991],[80.26829,9.45989],[80.26848,9.45978],[80.26869,9.4597],[80.26888,9.4596],[80.27008,9.45881],[80.2703,9.4587],[80.27059,9.45859],[80.27065,9.45859],[80.27076,9.45867],[80.27084,9.45868],[80.27106,9.45863],[80.27163,9.45836],[80.27212,9.45824],[80.27256,9.45807],[80.27314,9.4578],[80.27345,9.45768],[80.27389,9.45746],[80.2743,9.45729],[80.27479,9.45735],[80.27518,9.45723],[80.27566,9.45702],[80.27599,9.45698],[80.27683,9.45675],[80.27797,9.45608],[80.27947,9.45544],[80.2799,9.45536],[80.28045,9.45535],[80.28139,9.45553],[80.28233,9.45569],[80.28291,9.45548],[80.2842,9.45512],[80.28484,9.45487],[80.28523,9.45452],[80.28561,9.45431],[80.28599,9.45415],[80.28618,9.4541],[80.28674,9.45406],[80.28712,9.45414],[80.28723,9.45421],[80.28733,9.45431],[80.28765,9.45476],[80.28771,9.45502],[80.28779,9.45515],[80.28804,9.45537],[80.28808,9.45546],[80.28816,9.45581],[80.28816,9.45595],[80.28811,9.45603],[80.28796,9.4562],[80.28782,9.45633],[80.28766,9.45644],[80.28749,9.45647],[80.28728,9.45646],[80.2872,9.45638],[80.28714,9.45619],[80.28694,9.45615],[80.28683,9.45607],[80.28674,9.4559],[80.2866,9.45571],[80.28655,9.45549],[80.28654,9.45538],[80.28654,9.45529],[80.28661,9.45504],[80.28659,9.455],[80.28652,9.45523],[80.28639,9.45547],[80.28636,9.45557],[80.28637,9.45573],[80.2865,9.45594],[80.28677,9.45617],[80.28689,9.45622],[80.28698,9.45623],[80.28702,9.45625],[80.28705,9.45637],[80.28714,9.45648],[80.28732,9.45653],[80.28758,9.45651],[80.28773,9.45647],[80.28782,9.45641],[80.28819,9.45602],[80.2884,9.45573],[80.2885,9.45555],[80.28848,9.45521],[80.28851,9.45513],[80.28873,9.45486],[80.28882,9.45478],[80.28906,9.45436],[80.28938,9.45403],[80.28947,9.45388],[80.28952,9.45364],[80.28952,9.45335],[80.28943,9.45279],[80.28939,9.45272],[80.2891,9.45264],[80.28901,9.45257],[80.28887,9.45241],[80.28874,9.45199],[80.28865,9.45192],[80.2885,9.45187],[80.28819,9.4518],[80.28801,9.4518],[80.28783,9.4519],[80.28768,9.45189],[80.28729,9.45199],[80.28711,9.45201],[80.28606,9.45195],[80.28581,9.45189],[80.28521,9.45157],[80.28515,9.4515],[80.28514,9.45144],[80.28519,9.45136],[80.28549,9.45121],[80.28577,9.4512],[80.28593,9.45095],[80.28601,9.45058],[80.28612,9.45047],[80.28631,9.45039],[80.28664,9.45035],[80.28675,9.45023],[80.28708,9.45002],[80.28731,9.44992],[80.28778,9.44986],[80.28804,9.44977],[80.28832,9.44976],[80.289,9.4499],[80.28927,9.44986],[80.28971,9.44977],[80.28993,9.44967],[80.29018,9.44965],[80.29038,9.44967],[80.29049,9.44978],[80.29054,9.44998],[80.29053,9.45004],[80.29036,9.45102],[80.29043,9.45112],[80.2906,9.45122],[80.29069,9.45124],[80.29078,9.45124],[80.29091,9.45119],[80.29121,9.45101],[80.29129,9.45099],[80.29136,9.45104],[80.29143,9.45126],[80.2915,9.45127],[80.29162,9.45098],[80.29178,9.45077],[80.29203,9.45059],[80.29221,9.45055],[80.29241,9.45054],[80.29261,9.45056],[80.29278,9.45064],[80.29293,9.45078],[80.29315,9.4511],[80.2932,9.45125],[80.29324,9.45175],[80.29329,9.45193],[80.29334,9.45199],[80.29337,9.452],[80.29352,9.45198],[80.29361,9.45199],[80.29369,9.45207],[80.29381,9.45226],[80.29384,9.4524],[80.29386,9.45267],[80.29378,9.45283],[80.29365,9.45294],[80.29351,9.45301],[80.29297,9.45315],[80.29286,9.45334],[80.29284,9.45346],[80.29276,9.45364],[80.29178,9.45403],[80.29129,9.45431],[80.29093,9.45449],[80.29064,9.45484],[80.29056,9.4549],[80.2904,9.45494],[80.29021,9.45496],[80.29011,9.45501],[80.2901,9.45505],[80.29015,9.45516],[80.29025,9.45529],[80.29051,9.45543],[80.29082,9.45572],[80.2911,9.4558],[80.2913,9.45589],[80.29156,9.45604],[80.29184,9.45624],[80.29198,9.4564],[80.29215,9.45653],[80.29232,9.45663],[80.29248,9.45665],[80.29278,9.45673],[80.29287,9.45675],[80.29291,9.4568],[80.2929,9.45705],[80.29285,9.45717],[80.29269,9.45733],[80.29264,9.45741],[80.2924,9.4582],[80.29225,9.45849],[80.2922,9.4588],[80.29228,9.45865],[80.29232,9.45862],[80.2924,9.4586],[80.29263,9.45863],[80.29284,9.45853],[80.29309,9.45827],[80.29357,9.45791],[80.29367,9.45778],[80.29369,9.4577],[80.29363,9.4573],[80.29368,9.45716],[80.29389,9.45703],[80.29398,9.45693],[80.29426,9.45681],[80.29441,9.45682],[80.29501,9.45732],[80.29531,9.45758],[80.29542,9.45773],[80.2955,9.45778],[80.29557,9.45778],[80.29577,9.45767],[80.2962,9.45758],[80.29635,9.45761],[80.29648,9.45775],[80.29654,9.45777],[80.29669,9.45777],[80.2968,9.45774],[80.29691,9.45766],[80.29718,9.45753],[80.29773,9.45732],[80.2978,9.45724],[80.29784,9.45706],[80.29794,9.45681],[80.29811,9.45659],[80.2982,9.45653],[80.29826,9.45651],[80.29838,9.4565],[80.29864,9.45664],[80.2988,9.45638],[80.29895,9.45623],[80.29913,9.45608],[80.29929,9.45599],[80.29957,9.45595],[80.29997,9.45591],[80.30041,9.45584],[80.30059,9.45576],[80.30068,9.4557],[80.30075,9.4556],[80.30084,9.45553],[80.30098,9.4555],[80.3012,9.45556],[80.3014,9.4557],[80.30225,9.45557],[80.30272,9.45559],[80.30336,9.45568],[80.30395,9.45593],[80.30406,9.45599],[80.30415,9.45609],[80.30472,9.45628],[80.30492,9.45658],[80.30502,9.45673],[80.30515,9.45713],[80.30513,9.45762],[80.30515,9.45791],[80.30518,9.45807],[80.30522,9.45812],[80.30527,9.45815],[80.30559,9.45821],[80.30595,9.45832],[80.30634,9.45839],[80.30694,9.45865],[80.30721,9.45897],[80.30764,9.4594],[80.30792,9.46001],[80.30818,9.45993],[80.30838,9.45998],[80.30848,9.46004],[80.30857,9.46007],[80.30897,9.46003],[80.30909,9.46006],[80.30966,9.46015],[80.30978,9.46019],[80.30984,9.46026],[80.31012,9.46069],[80.31037,9.461],[80.31052,9.46126],[80.3108,9.46148],[80.31091,9.4616],[80.31105,9.46194],[80.31117,9.46207],[80.31134,9.46215],[80.31142,9.46222],[80.31149,9.46231],[80.31157,9.46249],[80.31166,9.4626],[80.31193,9.4627],[80.31214,9.4626],[80.31239,9.46258],[80.31248,9.46255],[80.31261,9.46247],[80.31278,9.46244],[80.313,9.46234],[80.3134,9.46229],[80.31399,9.46197],[80.31421,9.4619],[80.31445,9.46175],[80.31464,9.46177],[80.31494,9.46194],[80.31516,9.46204],[80.31542,9.46197],[80.3159,9.46195],[80.31653,9.46185],[80.31709,9.46179],[80.31737,9.46169],[80.31759,9.46159],[80.31777,9.46147],[80.31815,9.46113],[80.31849,9.4609],[80.31863,9.46073],[80.31866,9.46052],[80.31884,9.46024],[80.3189,9.46018],[80.31901,9.46015],[80.31909,9.46],[80.31918,9.45989],[80.31957,9.45954],[80.31973,9.4595],[80.3199,9.45932],[80.32021,9.45909],[80.32062,9.45882],[80.32086,9.45863],[80.32109,9.45851],[80.32126,9.45834],[80.32165,9.45812],[80.32179,9.45809],[80.32207,9.45791],[80.32241,9.45781],[80.3235,9.45719],[80.32382,9.45712],[80.32402,9.45699],[80.32411,9.45699],[80.32415,9.45702],[80.32423,9.45702],[80.32426,9.45693],[80.32431,9.45688],[80.32439,9.45686],[80.32452,9.45689],[80.32465,9.4568],[80.32532,9.45645],[80.32547,9.45645],[80.32558,9.4564],[80.3259,9.45619],[80.32604,9.45614],[80.32632,9.45621],[80.32642,9.45618],[80.32658,9.45609],[80.32671,9.45593],[80.32699,9.45578],[80.32709,9.45575],[80.3273,9.45576],[80.3276,9.45559],[80.32776,9.45559],[80.32783,9.45562],[80.32786,9.45565],[80.3279,9.45566],[80.32797,9.4556],[80.32843,9.45541],[80.32881,9.45529],[80.32969,9.4551],[80.32989,9.45508],[80.33013,9.45507],[80.33025,9.45511],[80.33041,9.45524],[80.33045,9.45532],[80.33046,9.4554],[80.3305,9.45545],[80.33103,9.4554],[80.33119,9.45549],[80.33131,9.45561],[80.33135,9.45569],[80.33144,9.45572],[80.33165,9.45572],[80.33181,9.45576],[80.33209,9.45576],[80.3324,9.45572],[80.33264,9.45574],[80.33289,9.45587],[80.33327,9.4563],[80.33372,9.45693],[80.33374,9.457],[80.33387,9.45712],[80.33392,9.4572],[80.33394,9.4573],[80.33394,9.45742],[80.33399,9.45745],[80.33418,9.4574],[80.33436,9.45743],[80.33453,9.45767],[80.33478,9.45775],[80.33484,9.45773],[80.33486,9.45764],[80.33488,9.45753],[80.33483,9.45735],[80.33476,9.45731],[80.33464,9.45719],[80.33465,9.45712],[80.3347,9.45706],[80.33484,9.45701],[80.33502,9.457],[80.33514,9.45703],[80.33538,9.45723],[80.33565,9.45758],[80.33611,9.45842],[80.33647,9.45871],[80.33666,9.45888],[80.33684,9.45909],[80.33709,9.45929],[80.33724,9.45949],[80.33744,9.45968],[80.33747,9.4599],[80.33744,9.46009],[80.33757,9.46011],[80.33763,9.46017],[80.3378,9.46049],[80.33774,9.46058],[80.3375,9.46069],[80.33743,9.46082],[80.33744,9.46087],[80.33746,9.46089],[80.33761,9.46084],[80.33769,9.46084],[80.33772,9.46086],[80.33783,9.46104],[80.33793,9.46102],[80.33797,9.46104],[80.33802,9.46106],[80.33805,9.46111],[80.33808,9.46122],[80.33808,9.46139],[80.33806,9.46142],[80.33792,9.46143],[80.33784,9.4616],[80.33789,9.46163],[80.33793,9.46157],[80.33798,9.46157],[80.33811,9.46171],[80.33819,9.46185],[80.33819,9.4619],[80.33814,9.46192],[80.33805,9.46191],[80.33796,9.4618],[80.33791,9.46185],[80.33786,9.46195],[80.33786,9.46203],[80.33791,9.46209],[80.33824,9.46232],[80.33837,9.46263],[80.33842,9.46283],[80.33841,9.46291],[80.33836,9.46296],[80.33781,9.46322],[80.33767,9.46327],[80.33756,9.46323],[80.3374,9.46311],[80.33732,9.46301],[80.3373,9.46301],[80.33723,9.46312],[80.33707,9.4631],[80.33701,9.46311],[80.33696,9.46316],[80.33686,9.4634],[80.33684,9.46352],[80.33688,9.46367],[80.33708,9.46395],[80.33716,9.46418],[80.33718,9.46434],[80.33729,9.4648],[80.33729,9.46492],[80.33724,9.46501],[80.3368,9.46517],[80.33646,9.4655],[80.33638,9.46572],[80.33641,9.46582],[80.33647,9.46591],[80.33685,9.46627],[80.33708,9.46654],[80.33713,9.46654],[80.33734,9.46636],[80.33743,9.4663],[80.33754,9.4663],[80.33762,9.46627],[80.33772,9.46628],[80.33787,9.46637],[80.33794,9.46643],[80.33797,9.4666],[80.33788,9.4667],[80.33789,9.46677],[80.33803,9.46685],[80.33809,9.46696],[80.33812,9.46708],[80.33807,9.46729],[80.33796,9.46748],[80.33753,9.46779],[80.3374,9.46786],[80.33732,9.46793],[80.33728,9.468],[80.33728,9.46806],[80.33734,9.46812],[80.33752,9.46821],[80.33756,9.46827],[80.33759,9.46837],[80.33754,9.46859],[80.33747,9.46867],[80.33747,9.46876],[80.33753,9.46887],[80.33753,9.46893],[80.33737,9.46914],[80.3373,9.46943],[80.33731,9.46953],[80.33734,9.46959],[80.33747,9.46971],[80.3375,9.46977],[80.33776,9.4709],[80.33792,9.47136],[80.33809,9.47173],[80.33814,9.4718],[80.3383,9.47195],[80.33838,9.47205],[80.33852,9.47215],[80.33871,9.47243],[80.33878,9.47261],[80.3389,9.47272],[80.3392,9.47313],[80.33952,9.47338],[80.33986,9.47376],[80.33996,9.4738],[80.34005,9.4738],[80.34022,9.47375],[80.34091,9.47345],[80.34119,9.47338],[80.3413,9.47331],[80.34196,9.47309],[80.34244,9.47295],[80.34292,9.47272],[80.34319,9.47264],[80.3437,9.47229],[80.34393,9.4721],[80.34398,9.47197],[80.34414,9.47167],[80.34484,9.47084],[80.34493,9.47072],[80.34498,9.4706],[80.34513,9.47034],[80.34535,9.47005],[80.346,9.46935],[80.3462,9.46909],[80.34629,9.46883],[80.34637,9.46872],[80.34651,9.46861],[80.34672,9.46834],[80.34679,9.46833],[80.34689,9.46826],[80.34697,9.46806],[80.34733,9.46784],[80.34794,9.46754],[80.34836,9.46743],[80.34892,9.46721],[80.34917,9.46715],[80.34938,9.46718],[80.34985,9.4672],[80.34995,9.46716],[80.35006,9.4671],[80.35024,9.46691],[80.35034,9.46684],[80.35058,9.46678],[80.35082,9.46677],[80.35109,9.46677],[80.35131,9.46679],[80.35167,9.46689],[80.35217,9.46727],[80.3522,9.46732],[80.35223,9.46748],[80.35222,9.46756],[80.35224,9.4677],[80.35227,9.46775],[80.35247,9.46787],[80.35253,9.468],[80.35269,9.4682],[80.353,9.46823],[80.35321,9.46832],[80.35348,9.46837],[80.35353,9.46841],[80.35353,9.46846],[80.35356,9.4685],[80.35362,9.46852],[80.35388,9.46851],[80.35445,9.46861],[80.35567,9.46868],[80.35575,9.46874],[80.35632,9.46874],[80.3565,9.46879],[80.35656,9.46883],[80.35665,9.46877],[80.35716,9.46881],[80.35782,9.46889],[80.35835,9.46902],[80.35846,9.46906],[80.35861,9.46917],[80.35865,9.46919],[80.35877,9.46919],[80.35894,9.46914],[80.35902,9.46915],[80.35916,9.4693],[80.3596,9.46939],[80.35985,9.46955],[80.36016,9.46964],[80.36025,9.46969],[80.36038,9.46987],[80.36118,9.47016],[80.36134,9.47028],[80.36152,9.47037],[80.36235,9.47046],[80.36334,9.47073],[80.3642,9.47091],[80.36438,9.47091],[80.36456,9.47094],[80.36476,9.4711],[80.36512,9.47132],[80.36602,9.47183],[80.36647,9.47205],[80.36666,9.47222],[80.36687,9.47235],[80.36702,9.47239],[80.36757,9.47247],[80.36772,9.47242],[80.3678,9.47231],[80.36788,9.47229],[80.3685,9.47234],[80.36907,9.47256],[80.36929,9.47271],[80.36994,9.47291],[80.37038,9.4731],[80.3712,9.47354],[80.37149,9.47366],[80.37217,9.47403],[80.37238,9.4742],[80.37249,9.47434],[80.37313,9.47486],[80.37402,9.47569],[80.37443,9.47602],[80.37487,9.47627],[80.37508,9.47643],[80.3753,9.47711],[80.37588,9.4778],[80.37642,9.47832],[80.37667,9.47847],[80.37703,9.47864],[80.37753,9.47874],[80.37817,9.47892],[80.37861,9.47919],[80.37881,9.47947],[80.3789,9.47988],[80.37903,9.48],[80.37918,9.48008],[80.37937,9.48009],[80.37969,9.47994],[80.38039,9.47937],[80.38101,9.47916],[80.38136,9.47925],[80.38176,9.47929],[80.38181,9.47936],[80.38181,9.47941],[80.38176,9.47954],[80.38185,9.4796],[80.38201,9.47964],[80.3823,9.47961],[80.38244,9.47949],[80.38249,9.47929],[80.38251,9.47909],[80.38259,9.47883],[80.3827,9.47867],[80.38292,9.47859],[80.383,9.4786],[80.38311,9.47868],[80.38335,9.47875],[80.38347,9.47885],[80.38365,9.47895],[80.38392,9.47896],[80.3841,9.47904],[80.38421,9.47916],[80.3845,9.47926],[80.38461,9.47943],[80.38462,9.47954],[80.38469,9.47971],[80.38478,9.47982],[80.38486,9.47985],[80.3858,9.47985],[80.38597,9.47973],[80.38608,9.4796],[80.38625,9.47957],[80.38667,9.47974],[80.38772,9.47998],[80.38812,9.48014],[80.38824,9.48022],[80.38852,9.48034],[80.38877,9.48049],[80.38892,9.48064],[80.38912,9.48091],[80.38936,9.48107],[80.38944,9.48119],[80.38946,9.48131],[80.38945,9.48163],[80.38948,9.48179],[80.38951,9.48186],[80.38968,9.48197],[80.39005,9.4827],[80.39014,9.48298],[80.39018,9.48325],[80.39022,9.4834],[80.3905,9.48397],[80.39063,9.48475],[80.39062,9.485],[80.39055,9.48516],[80.3905,9.48544],[80.39053,9.48555],[80.39072,9.48588],[80.3909,9.48612],[80.39112,9.48631],[80.3912,9.48654],[80.39136,9.48675],[80.39144,9.48696],[80.3915,9.48705],[80.39152,9.48724],[80.39155,9.48728],[80.39165,9.48731],[80.3917,9.48736],[80.39174,9.48751],[80.39207,9.48791],[80.39211,9.48802],[80.3921,9.48814],[80.3919,9.48862],[80.39193,9.48893],[80.39188,9.48902],[80.39157,9.48918],[80.39152,9.48946],[80.39144,9.48968],[80.39144,9.48984],[80.39155,9.49006],[80.39158,9.49037],[80.39172,9.49046],[80.39176,9.49057],[80.39177,9.49075],[80.39176,9.49111],[80.39173,9.49118],[80.39176,9.49127],[80.39189,9.4914],[80.392,9.49176],[80.39216,9.49204],[80.39222,9.49221],[80.39219,9.49247],[80.39183,9.49347],[80.39167,9.49409],[80.3916,9.49462],[80.3916,9.49477],[80.39169,9.49499],[80.39178,9.49534],[80.39188,9.49557],[80.39189,9.49591],[80.392,9.49603],[80.39212,9.49609],[80.39217,9.49616],[80.39225,9.49655],[80.39232,9.49716],[80.39252,9.49769],[80.3927,9.49846],[80.39272,9.49858],[80.39267,9.4991],[80.39312,9.49942],[80.39326,9.49985],[80.39331,9.50009],[80.39337,9.5002],[80.39363,9.50054],[80.39409,9.50126],[80.39424,9.50142],[80.39443,9.50173],[80.39454,9.50184],[80.39466,9.50208],[80.39484,9.50224],[80.39502,9.50237],[80.3952,9.50256],[80.39551,9.50278],[80.39592,9.50295],[80.39606,9.50295],[80.39611,9.50297],[80.39612,9.50296],[80.39608,9.50292],[80.39592,9.50288],[80.39589,9.50283],[80.39586,9.50281],[80.39566,9.50275],[80.39528,9.5025],[80.39476,9.50189],[80.39466,9.50182],[80.39444,9.5016],[80.39443,9.50151],[80.39451,9.50149],[80.39536,9.50195],[80.39593,9.50242],[80.39617,9.50257],[80.39646,9.50287],[80.39655,9.50312],[80.39674,9.50346],[80.39679,9.50363],[80.39681,9.50381],[80.39679,9.50401],[80.39654,9.50501],[80.39625,9.50576],[80.39593,9.50647],[80.3956,9.50705],[80.39515,9.50776],[80.39429,9.50888],[80.39397,9.50922],[80.39353,9.50957],[80.39221,9.51049],[80.39212,9.5106],[80.39213,9.51067],[80.39254,9.51105],[80.39261,9.51123],[80.39261,9.51137],[80.39249,9.51176],[80.39178,9.51337],[80.39126,9.51424],[80.39088,9.51471],[80.39008,9.51557],[80.38958,9.51596],[80.3889,9.5164],[80.38843,9.51663],[80.38808,9.51664],[80.38761,9.51657],[80.38757,9.51655],[80.38754,9.51649],[80.38753,9.5164],[80.38758,9.5162],[80.38757,9.51617],[80.38748,9.51593],[80.38727,9.51557],[80.3873,9.51541],[80.38725,9.51531],[80.38717,9.51521],[80.38707,9.51515],[80.38685,9.51504],[80.38677,9.51488],[80.38671,9.51486],[80.38663,9.51481],[80.38654,9.51461],[80.38642,9.51425],[80.38606,9.51393],[80.38579,9.51377],[80.38552,9.5137],[80.3853,9.5137],[80.38492,9.51379],[80.3846,9.51389],[80.3843,9.51411],[80.38391,9.51447],[80.38363,9.51473],[80.38336,9.51498],[80.38308,9.51511],[80.38271,9.51538],[80.38225,9.51592],[80.38203,9.51622],[80.38142,9.51717],[80.381,9.51789],[80.38017,9.5191],[80.37843,9.52186],[80.3777,9.52307],[80.37668,9.52448],[80.37621,9.52509],[80.37515,9.52646],[80.3741,9.52773],[80.37359,9.5284],[80.37144,9.53097],[80.36875,9.53402],[80.36678,9.53613],[80.36548,9.53759],[80.36494,9.53813],[80.3633,9.53995],[80.36149,9.54185],[80.36114,9.54217],[80.36022,9.54297],[80.35982,9.54338],[80.35966,9.54352],[80.35942,9.54364],[80.35931,9.54365],[80.35912,9.54375],[80.35802,9.54488],[80.35772,9.54509],[80.35449,9.54774],[80.35303,9.5489],[80.35238,9.54938],[80.35214,9.54946],[80.35195,9.54949],[80.35144,9.54953],[80.35084,9.54961],[80.35072,9.54972],[80.35055,9.54978],[80.35038,9.54975],[80.34976,9.54987],[80.34965,9.54993],[80.34959,9.55],[80.34949,9.55016],[80.34939,9.55026],[80.34927,9.55048],[80.34915,9.55059],[80.34898,9.55061],[80.34894,9.55063],[80.34882,9.55075],[80.34872,9.55092],[80.34851,9.5511],[80.34828,9.55119],[80.34803,9.55147],[80.34795,9.55153],[80.34793,9.55169],[80.34796,9.55188],[80.34799,9.55196],[80.34815,9.552],[80.34843,9.55204],[80.34862,9.55196],[80.34901,9.5517],[80.34932,9.55167],[80.34957,9.55171],[80.34974,9.55196],[80.34976,9.55225],[80.34972,9.55253],[80.34957,9.55308],[80.34922,9.55382],[80.34891,9.554],[80.34875,9.55421],[80.34839,9.55502],[80.34816,9.55567],[80.34806,9.55578],[80.34795,9.55605],[80.34793,9.55616],[80.34791,9.55659],[80.34763,9.55706],[80.34746,9.55726],[80.34732,9.55738],[80.34715,9.55746],[80.34695,9.55762],[80.34672,9.55788],[80.34664,9.55809],[80.34643,9.55842],[80.34591,9.55888],[80.34562,9.55911],[80.34509,9.55929],[80.34479,9.55944],[80.34446,9.55968],[80.34379,9.56007],[80.34346,9.56031],[80.34296,9.56078],[80.34238,9.56145],[80.34182,9.56201],[80.34121,9.56253],[80.34094,9.56269],[80.34079,9.56274],[80.33995,9.56319],[80.33989,9.56326],[80.33968,9.5636],[80.33948,9.56381],[80.33885,9.56438],[80.3374,9.56585],[80.33715,9.56606],[80.33684,9.56627],[80.33655,9.56644],[80.33616,9.56678],[80.33603,9.56681],[80.33542,9.5668],[80.33507,9.56686],[80.33468,9.567],[80.33436,9.56714],[80.3335,9.56767],[80.33262,9.56842],[80.33016,9.57027],[80.32916,9.57093],[80.32851,9.57126],[80.32722,9.57216],[80.32713,9.5722],[80.32701,9.57221],[80.32669,9.57219],[80.32663,9.57224],[80.32648,9.57248],[80.3262,9.57272],[80.32604,9.57274],[80.32596,9.57264],[80.32592,9.57251],[80.32582,9.57247],[80.32567,9.57261],[80.32563,9.57269],[80.32564,9.57279],[80.32582,9.57291],[80.32583,9.57299],[80.32581,9.57306],[80.32576,9.57311],[80.32556,9.57322],[80.32529,9.57343],[80.32511,9.57352],[80.32499,9.57363],[80.3247,9.57371],[80.32446,9.57369],[80.32442,9.57384],[80.32433,9.57393],[80.323,9.57469],[80.32278,9.57477],[80.32249,9.57505],[80.32239,9.5751],[80.32205,9.57512],[80.32191,9.57516],[80.32156,9.57548],[80.32136,9.57556],[80.32118,9.57571],[80.32111,9.57583],[80.32096,9.57621],[80.32076,9.57645],[80.32028,9.57685],[80.32016,9.57691],[80.32005,9.57689],[80.32,9.57683],[80.31997,9.57687],[80.3199,9.57691],[80.31971,9.57692],[80.31963,9.57688],[80.31959,9.5769],[80.31954,9.57702],[80.31953,9.5773],[80.31942,9.57749],[80.31883,9.57794],[80.31839,9.57818],[80.31811,9.57839],[80.31778,9.57869],[80.3171,9.57925],[80.31686,9.57933],[80.31666,9.57944],[80.31631,9.57971],[80.31594,9.57988],[80.31562,9.58007],[80.31528,9.58031],[80.31489,9.58052],[80.31424,9.58095],[80.31398,9.58103],[80.31388,9.58103],[80.31386,9.581],[80.31386,9.58093],[80.31394,9.58078],[80.31398,9.58039],[80.31394,9.58022],[80.31386,9.58011],[80.31377,9.58005],[80.31363,9.58002],[80.31343,9.58009],[80.31334,9.58014],[80.31327,9.58025],[80.31322,9.58057],[80.3132,9.58062],[80.31298,9.58061],[80.31293,9.58069],[80.31297,9.58104],[80.31293,9.58105],[80.31276,9.58101],[80.31271,9.58102],[80.31262,9.58112],[80.31252,9.58117],[80.31248,9.58123],[80.3125,9.58133],[80.31255,9.58141],[80.31269,9.58144],[80.31277,9.58142],[80.31288,9.58137],[80.31309,9.58116],[80.31317,9.58115],[80.31323,9.58118],[80.31331,9.58128],[80.31331,9.58132],[80.31325,9.58142],[80.31282,9.5817],[80.31272,9.58187],[80.31235,9.58219],[80.31204,9.58244],[80.31132,9.58296],[80.31031,9.58361],[80.30986,9.58383],[80.30931,9.58418],[80.30912,9.58444],[80.30885,9.5847],[80.30838,9.58503],[80.3082,9.58511],[80.30811,9.58511],[80.30788,9.58504],[80.30778,9.58497],[80.30774,9.58485],[80.30773,9.58457],[80.3077,9.58452],[80.30762,9.58452],[80.30753,9.58456],[80.30736,9.58475],[80.30704,9.58493],[80.30688,9.58498],[80.30668,9.58497],[80.30659,9.58494],[80.3065,9.58484],[80.30643,9.58471],[80.30639,9.58456],[80.30637,9.584],[80.30628,9.58387],[80.30612,9.58383],[80.30599,9.58388],[80.30597,9.58411],[80.30593,9.58418],[80.30581,9.58429],[80.30575,9.5843],[80.30564,9.58438],[80.30553,9.5845],[80.30547,9.5846],[80.30533,9.58466],[80.30513,9.58467],[80.30449,9.58459],[80.3044,9.5846],[80.30437,9.58463],[80.30438,9.5847],[80.30475,9.58555],[80.30481,9.5856],[80.30498,9.58556],[80.30504,9.58568],[80.30502,9.58575],[80.30493,9.58582],[80.30468,9.58592],[80.30462,9.58589],[80.30425,9.58534],[80.30393,9.58495],[80.30379,9.58483],[80.30374,9.58439],[80.30371,9.58435],[80.30334,9.58431],[80.30315,9.58439],[80.30297,9.58427],[80.30298,9.58418],[80.30305,9.58402],[80.30313,9.58392],[80.30313,9.58387],[80.30309,9.58384],[80.30297,9.58395],[80.30295,9.58394],[80.30296,9.58381],[80.30294,9.58363],[80.30287,9.58355],[80.30273,9.58348],[80.30262,9.58329],[80.30257,9.58329],[80.30245,9.58335],[80.3024,9.58339],[80.30223,9.58377],[80.30214,9.58381],[80.30206,9.58381],[80.30193,9.58392],[80.30186,9.58401],[80.30177,9.58405],[80.30166,9.58408],[80.30158,9.58406],[80.30152,9.58401],[80.30144,9.58399],[80.30127,9.58409],[80.301,9.5843],[80.30088,9.58442],[80.30062,9.58456],[80.30029,9.58482],[80.30009,9.58492],[80.29981,9.58502],[80.29963,9.58525],[80.29944,9.58531],[80.2993,9.58553],[80.29918,9.58566],[80.29902,9.58568],[80.29894,9.58576],[80.29881,9.58582],[80.29872,9.58591],[80.29865,9.58605],[80.29841,9.58616],[80.29837,9.58623],[80.29825,9.58632],[80.29807,9.58636],[80.29795,9.58657],[80.29766,9.58679],[80.29752,9.58684],[80.29739,9.58692],[80.29714,9.58712],[80.29672,9.58734],[80.29661,9.58743],[80.29647,9.58771],[80.29636,9.58778],[80.29609,9.58786],[80.29601,9.58793],[80.29586,9.58813],[80.29567,9.58833],[80.29548,9.58872],[80.29536,9.5888],[80.29529,9.58905],[80.29521,9.58915],[80.29507,9.58926],[80.295,9.58943],[80.29475,9.58985],[80.2947,9.58999],[80.29471,9.59017],[80.29474,9.59034],[80.2948,9.59042],[80.29494,9.59043],[80.2953,9.59033],[80.29548,9.59025],[80.29622,9.58968],[80.2966,9.58931],[80.29672,9.58911],[80.29681,9.58888],[80.29689,9.58856],[80.29698,9.58848],[80.29703,9.58848],[80.29709,9.58856],[80.29712,9.58867],[80.29715,9.58904],[80.2972,9.5893],[80.29728,9.58936],[80.29737,9.58948],[80.29762,9.58987],[80.29763,9.58995],[80.29752,9.5902],[80.29753,9.59029],[80.29775,9.59058],[80.2978,9.59069],[80.2978,9.59077],[80.29777,9.59084],[80.29768,9.59094],[80.29688,9.59148],[80.29646,9.59182],[80.2954,9.59222],[80.29511,9.59229],[80.29468,9.59251],[80.2945,9.59267],[80.29447,9.59274],[80.29409,9.59299],[80.29378,9.59312],[80.29345,9.59337],[80.29258,9.59384],[80.29223,9.5941],[80.29193,9.59429],[80.29172,9.59437],[80.29132,9.59445],[80.2907,9.59446],[80.29063,9.59441],[80.29047,9.59416],[80.29043,9.59414],[80.2904,9.59416],[80.29038,9.59417],[80.2904,9.59425],[80.29052,9.59448],[80.29053,9.59455],[80.2905,9.59465],[80.29016,9.59512],[80.28977,9.59549],[80.28946,9.59573],[80.28861,9.59627],[80.28788,9.5966],[80.28766,9.59664],[80.28742,9.59664],[80.28721,9.59646],[80.28714,9.59645],[80.28695,9.59671],[80.28663,9.59697],[80.28594,9.59741],[80.28559,9.59756],[80.28519,9.59766],[80.28494,9.59768],[80.28471,9.59778],[80.28451,9.5979],[80.2844,9.59803],[80.2837,9.59861],[80.28245,9.59942],[80.28091,9.60037],[80.27875,9.60169],[80.27843,9.60185],[80.27762,9.60219],[80.27655,9.6029],[80.27547,9.60356],[80.27439,9.60413],[80.27284,9.60507],[80.27211,9.60542],[80.27173,9.60565],[80.27131,9.60586],[80.27066,9.60623],[80.26974,9.60684],[80.26908,9.6072],[80.26814,9.60792],[80.26728,9.60842],[80.26728,9.60843],[80.26687,9.60879],[80.2664,9.60912],[80.26603,9.60931],[80.26553,9.60969],[80.26522,9.60981],[80.26505,9.60983],[80.26493,9.60987],[80.26483,9.60995],[80.26471,9.61012],[80.26453,9.61027],[80.26345,9.61088],[80.26319,9.61096],[80.26288,9.61097],[80.26223,9.6114],[80.26198,9.61147],[80.26153,9.61164],[80.26081,9.6121],[80.26039,9.61224],[80.26009,9.61225],[80.25995,9.61229],[80.2593,9.61273],[80.25899,9.61284],[80.2588,9.61295],[80.25866,9.61306],[80.25851,9.61311],[80.25831,9.61319],[80.25807,9.61326],[80.2576,9.61331],[80.25758,9.61331],[80.25746,9.61333],[80.25719,9.61348],[80.25704,9.61353],[80.25693,9.61355],[80.25676,9.61353],[80.25663,9.61358],[80.25615,9.61397],[80.25533,9.61455],[80.25474,9.61517],[80.25324,9.61616],[80.25302,9.61639],[80.25268,9.61668],[80.25234,9.6169],[80.25162,9.61742],[80.25082,9.61795],[80.25023,9.61828],[80.25006,9.61842],[80.24979,9.61856],[80.24947,9.61881],[80.24936,9.61896],[80.2483,9.61959],[80.24812,9.61967],[80.24799,9.61969],[80.24792,9.61974],[80.24784,9.61989],[80.24764,9.62001],[80.24678,9.62047],[80.24619,9.6208],[80.24598,9.62087],[80.24508,9.62143],[80.24339,9.62232],[80.24144,9.62324],[80.23919,9.62454],[80.23786,9.62533],[80.23548,9.6268],[80.2349,9.62709],[80.23391,9.62773],[80.231,9.62936],[80.22742,9.63123],[80.22674,9.63154],[80.22648,9.63168],[80.22618,9.6318],[80.22594,9.63193],[80.22502,9.63237],[80.22424,9.63269],[80.22345,9.63306],[80.22307,9.63319],[80.22282,9.63332],[80.22214,9.63352],[80.22175,9.63372],[80.22135,9.63386],[80.22102,9.63401],[80.21996,9.63433],[80.21865,9.63496],[80.21784,9.63533],[80.21711,9.63563],[80.21481,9.63679],[80.21179,9.63823],[80.21061,9.63889],[80.21033,9.6391],[80.2091,9.63987],[80.20811,9.6404],[80.20739,9.64075],[80.20694,9.64094],[80.20659,9.64106],[80.20556,9.64132],[80.20541,9.64128],[80.20532,9.64117],[80.20527,9.64114],[80.20524,9.64116],[80.20517,9.64138],[80.20497,9.64145],[80.20474,9.64148],[80.20365,9.64155],[80.20325,9.64159],[80.2031,9.64164],[80.20251,9.64216],[80.20197,9.64257],[80.2017,9.64269],[80.20159,9.64269],[80.20139,9.64263],[80.20121,9.64246],[80.20087,9.64204],[80.20064,9.64185],[80.20042,9.6419],[80.20022,9.64209],[80.19972,9.64243],[80.19906,9.6428],[80.19883,9.64315],[80.19767,9.64376],[80.19713,9.6441],[80.19621,9.64453],[80.1961,9.64458],[80.19593,9.64458],[80.19573,9.64455],[80.19531,9.6447],[80.19484,9.64503],[80.19464,9.64509],[80.19442,9.64506],[80.19415,9.64497],[80.19407,9.64491],[80.19403,9.64479],[80.19401,9.64453],[80.19398,9.64445],[80.19394,9.64441],[80.19388,9.64439],[80.19378,9.6444],[80.1935,9.6445],[80.19335,9.64458],[80.19302,9.64494],[80.19233,9.64552],[80.19119,9.64638],[80.19045,9.6469],[80.18983,9.64729],[80.18832,9.64814],[80.18798,9.6483],[80.18771,9.6484],[80.18651,9.64918],[80.18572,9.64962],[80.18534,9.64986],[80.18425,9.65045],[80.18377,9.65075],[80.1832,9.65102],[80.18264,9.65137],[80.18161,9.65188],[80.18111,9.65208],[80.18044,9.65242],[80.17639,9.65416],[80.17591,9.6544],[80.17576,9.65444],[80.17551,9.65443],[80.17521,9.65455],[80.17493,9.65472],[80.17363,9.6553],[80.17278,9.65557],[80.17231,9.65566],[80.17203,9.65587],[80.17191,9.65592],[80.17164,9.65597],[80.17118,9.65614],[80.17079,9.6562],[80.17049,9.65629],[80.17004,9.65633],[80.16985,9.65639],[80.1695,9.6564],[80.16937,9.65636],[80.16925,9.65624],[80.169,9.65607],[80.16875,9.65595],[80.16848,9.65588],[80.16835,9.6558],[80.16826,9.65568],[80.16824,9.65529],[80.16818,9.65516],[80.16813,9.65511],[80.16787,9.65508],[80.16768,9.65502],[80.16748,9.6549],[80.16731,9.65487],[80.1672,9.65488],[80.16697,9.65498],[80.16691,9.65505],[80.1667,9.65543],[80.1666,9.65568],[80.16655,9.65572],[80.16645,9.65575],[80.16638,9.65575],[80.16623,9.65566],[80.16612,9.65556],[80.16605,9.65554],[80.16584,9.65562],[80.16565,9.65562],[80.16551,9.65558],[80.16515,9.6553],[80.16509,9.65515],[80.16504,9.65513],[80.16496,9.65513],[80.16458,9.6553],[80.16455,9.65529],[80.16451,9.6552],[80.16447,9.65517],[80.16425,9.65513],[80.1642,9.65517],[80.16421,9.65524],[80.16422,9.65528],[80.16436,9.65541],[80.16436,9.65546],[80.16427,9.65556],[80.16417,9.65556],[80.16381,9.65572],[80.1636,9.65572],[80.16354,9.65571],[80.16343,9.6556],[80.16341,9.65554],[80.16326,9.65547],[80.16316,9.65547],[80.16299,9.6555],[80.16291,9.65549],[80.16279,9.65536],[80.16254,9.65499],[80.16252,9.65489],[80.16254,9.65475],[80.16257,9.65472],[80.16269,9.6547],[80.16276,9.65489],[80.16283,9.65491],[80.16291,9.65488],[80.16309,9.65471],[80.16317,9.65468],[80.16333,9.6547],[80.1634,9.65468],[80.16365,9.65426],[80.16382,9.6542],[80.16406,9.65422],[80.16431,9.65408],[80.16433,9.65403],[80.1643,9.65365],[80.16434,9.65356],[80.16456,9.65349],[80.1647,9.65335],[80.16486,9.65323],[80.16501,9.65317],[80.16526,9.65304],[80.16547,9.65302],[80.16563,9.65292],[80.16565,9.65285],[80.16555,9.65264],[80.16538,9.65248],[80.16529,9.65247],[80.16505,9.65248],[80.16475,9.65255],[80.16454,9.65252],[80.16437,9.65254],[80.16431,9.65257],[80.16418,9.65269],[80.16411,9.65273],[80.16402,9.65273],[80.16386,9.65264],[80.16362,9.65258],[80.16251,9.65267],[80.16223,9.65278],[80.16216,9.65283],[80.16197,9.65326],[80.16195,9.65354],[80.16197,9.65365],[80.16193,9.65387],[80.16185,9.65392],[80.1618,9.65391],[80.16168,9.65379],[80.16097,9.6526],[80.16082,9.65227],[80.1608,9.65222],[80.16095,9.65197],[80.16095,9.65187],[80.16093,9.65181],[80.16088,9.65174],[80.16075,9.65168],[80.16049,9.65165],[80.16043,9.65163],[80.16032,9.65153],[80.16005,9.6511],[80.15982,9.65064],[80.15982,9.65058],[80.15985,9.65052],[80.15993,9.65051],[80.16012,9.65065],[80.16028,9.6507],[80.16031,9.65069],[80.16032,9.65065],[80.1603,9.65029],[80.16025,9.65009],[80.16014,9.64989],[80.15983,9.64952],[80.15935,9.64937],[80.15901,9.64933],[80.15895,9.64927],[80.15888,9.64914],[80.15834,9.64838],[80.15821,9.64813],[80.15813,9.64804],[80.15779,9.64748],[80.1577,9.6472],[80.1576,9.64704],[80.15736,9.64681],[80.15682,9.64586],[80.15635,9.6451],[80.15634,9.64502],[80.15637,9.64498],[80.15657,9.6449],[80.15663,9.64491],[80.15676,9.645],[80.15679,9.64508],[80.15678,9.64537],[80.15691,9.64561],[80.15703,9.64574],[80.1571,9.64591],[80.15718,9.64599],[80.15726,9.64604],[80.15742,9.646],[80.15767,9.64589],[80.15794,9.6457],[80.15844,9.64526],[80.15855,9.64506],[80.15866,9.64477],[80.15872,9.64457],[80.15874,9.64435],[80.1588,9.64423],[80.15911,9.64407],[80.15958,9.64374],[80.15987,9.64334],[80.16002,9.64328],[80.16034,9.64321],[80.16048,9.64314],[80.16071,9.64287],[80.16117,9.64216],[80.16119,9.64207],[80.16117,9.64196],[80.16019,9.64074],[80.16018,9.64063],[80.16067,9.64005],[80.16083,9.63981],[80.16095,9.63959],[80.16117,9.63926],[80.16215,9.63722],[80.16241,9.63647],[80.16238,9.63632],[80.16232,9.63611],[80.16232,9.63604],[80.16253,9.636],[80.16259,9.63601],[80.16292,9.63636],[80.16323,9.63659],[80.16332,9.63663],[80.16349,9.6366],[80.16358,9.6365],[80.16362,9.63634],[80.1637,9.63623],[80.16376,9.6362],[80.16386,9.63623],[80.16434,9.63658],[80.1645,9.63688],[80.16455,9.63694],[80.16495,9.63716],[80.16506,9.63726],[80.16528,9.63733],[80.16543,9.63733],[80.16551,9.63727],[80.16558,9.63715],[80.16576,9.63697],[80.16596,9.63691],[80.16618,9.63691],[80.16658,9.63699],[80.16699,9.63718],[80.16737,9.63724],[80.16786,9.63724],[80.16812,9.63727],[80.16824,9.63733],[80.16841,9.63767],[80.16849,9.6379],[80.16858,9.63802],[80.16862,9.63811],[80.16862,9.63818],[80.16856,9.63827],[80.16855,9.63839],[80.1686,9.63847],[80.16877,9.63858],[80.1692,9.63871],[80.16957,9.63876],[80.17,9.63872],[80.17024,9.63858],[80.17051,9.63836],[80.17077,9.63828],[80.17099,9.63835],[80.17142,9.63833],[80.17163,9.63825],[80.17201,9.63787],[80.17207,9.63776],[80.17245,9.63724],[80.17262,9.63691],[80.17269,9.6367],[80.17272,9.63649],[80.17271,9.63576],[80.17274,9.63519],[80.17273,9.63489],[80.1726,9.63426],[80.17242,9.63391],[80.17215,9.63366],[80.17179,9.63326],[80.17158,9.63315],[80.17101,9.63303],[80.17065,9.63293],[80.17044,9.63275],[80.17033,9.63251],[80.17029,9.63221],[80.17038,9.63197],[80.17083,9.63167],[80.17115,9.63158],[80.17158,9.63127],[80.17181,9.63114],[80.17194,9.63095],[80.17195,9.63083],[80.17204,9.63063],[80.17224,9.63049],[80.1723,9.63037],[80.17245,9.62995],[80.17246,9.62976],[80.17192,9.62913],[80.17186,9.62902],[80.17183,9.62878],[80.17172,9.62863],[80.17155,9.62861],[80.17133,9.62862],[80.17093,9.62855],[80.17059,9.62846],[80.17023,9.62832],[80.16979,9.62811],[80.16889,9.62746],[80.16863,9.62711],[80.16853,9.62684],[80.16852,9.62663],[80.16858,9.62636],[80.16888,9.62567],[80.16927,9.62534],[80.17012,9.62509],[80.17086,9.62491],[80.17122,9.62467],[80.17164,9.6243],[80.17195,9.62377],[80.17208,9.62339],[80.17205,9.6231],[80.17184,9.62263],[80.17168,9.62244],[80.17127,9.62229],[80.17105,9.62217],[80.17023,9.62189],[80.17009,9.62189],[80.17005,9.62199],[80.17006,9.62212],[80.16998,9.62224],[80.16985,9.62235],[80.16962,9.62262],[80.16961,9.62265],[80.16939,9.62288],[80.16927,9.62287],[80.16918,9.62264],[80.16912,9.62259],[80.16897,9.62259],[80.16889,9.62265],[80.16875,9.62289],[80.16862,9.62283],[80.16837,9.62294],[80.16824,9.62294],[80.16802,9.62271],[80.16791,9.62264],[80.1675,9.6225],[80.16715,9.6225],[80.16694,9.62255],[80.16671,9.62278],[80.16659,9.62295],[80.16648,9.62301],[80.16624,9.62303],[80.16595,9.6231],[80.16573,9.62321],[80.16548,9.62342],[80.16454,9.624],[80.16411,9.62436],[80.16382,9.62452],[80.16338,9.62462],[80.16327,9.6246],[80.16316,9.62455],[80.16311,9.62446],[80.16307,9.62445],[80.16301,9.62452],[80.16288,9.62459],[80.1622,9.62491],[80.16205,9.62501],[80.16174,9.62532],[80.16141,9.62552],[80.16112,9.62561],[80.16079,9.62561],[80.16025,9.6255],[80.15992,9.6254],[80.15958,9.62517],[80.15944,9.62501],[80.15923,9.62455],[80.15924,9.62424],[80.15934,9.62388],[80.15979,9.62357],[80.16011,9.62339],[80.16043,9.62314],[80.16076,9.6228],[80.16107,9.62254],[80.16138,9.62241],[80.16162,9.62241],[80.16196,9.62237],[80.16231,9.62213],[80.16259,9.62202],[80.16283,9.62187],[80.16308,9.62176],[80.16402,9.62136],[80.16535,9.62086],[80.16649,9.62045],[80.16751,9.62039],[80.16773,9.62043],[80.16815,9.62061],[80.16826,9.62063],[80.16868,9.62052],[80.169,9.62039],[80.16932,9.62016],[80.17021,9.61962],[80.17046,9.61953],[80.17061,9.61937],[80.17084,9.61923],[80.17194,9.6187],[80.17222,9.61853],[80.1729,9.61823],[80.17364,9.61806],[80.17399,9.61783],[80.17416,9.6178],[80.17452,9.61763],[80.17464,9.61748],[80.17536,9.61692],[80.17541,9.61682],[80.17553,9.61669],[80.17562,9.61654],[80.1757,9.61631],[80.17617,9.61579],[80.17681,9.61526],[80.17694,9.61485],[80.17703,9.6144],[80.17728,9.61339],[80.17736,9.61282],[80.17734,9.61272],[80.1771,9.61221],[80.17698,9.61208],[80.17655,9.61148],[80.17644,9.61135],[80.17643,9.61122],[80.17648,9.61111],[80.17661,9.61105],[80.17673,9.61105],[80.17688,9.6111],[80.17732,9.61113],[80.17744,9.61109],[80.17753,9.61101],[80.17754,9.61084],[80.17751,9.61062],[80.17748,9.60985],[80.17745,9.60979],[80.17712,9.6096],[80.177,9.60957],[80.17657,9.60979],[80.1764,9.6098],[80.17609,9.60972],[80.17519,9.60901],[80.17501,9.60885],[80.17478,9.60884],[80.17441,9.60876],[80.17414,9.60878],[80.17349,9.60891],[80.17319,9.60892],[80.17291,9.60885],[80.17246,9.60856],[80.17218,9.60856],[80.17159,9.60878],[80.17104,9.6089],[80.17062,9.60895],[80.17029,9.60905],[80.17001,9.60907],[80.1699,9.60901],[80.16993,9.60889],[80.17017,9.60845],[80.17033,9.60814],[80.17111,9.60672],[80.1723,9.60456],[80.17255,9.6041],[80.17286,9.60354],[80.17322,9.60314],[80.17383,9.60311],[80.17603,9.60316],[80.17814,9.60337],[80.17989,9.60339],[80.18051,9.60319],[80.18101,9.60267],[80.18133,9.60246],[80.18199,9.60217],[80.18281,9.602],[80.18328,9.60167],[80.18351,9.60141],[80.18388,9.60119],[80.18426,9.6011],[80.18501,9.6008],[80.18513,9.60065],[80.18522,9.60051],[80.18521,9.60023],[80.18485,9.59968],[80.18467,9.59871],[80.18463,9.5977],[80.18447,9.5966],[80.18439,9.59622],[80.18441,9.59586],[80.18454,9.59558],[80.18504,9.59505],[80.19741,9.58956],[80.19896,9.58858],[80.1995,9.58844],[80.19978,9.58839],[80.19998,9.58847],[80.20019,9.58846],[80.20123,9.58803],[80.20151,9.58786],[80.20165,9.58763],[80.20178,9.5873],[80.20238,9.58685],[80.20264,9.58673],[80.20334,9.5865],[80.20392,9.58636],[80.20465,9.58632],[80.20494,9.58616],[80.20506,9.58603],[80.20527,9.58596],[80.20544,9.58603],[80.20566,9.58622],[80.20586,9.58628],[80.20618,9.58644],[80.20634,9.58656],[80.20675,9.58658],[80.20709,9.58652],[80.20775,9.58631],[80.20803,9.58612],[80.20829,9.58587],[80.20857,9.58553],[80.20861,9.5854],[80.20865,9.58517],[80.20868,9.58503],[80.2086,9.58466],[80.20859,9.58447],[80.2087,9.58435],[80.20889,9.58431],[80.20909,9.58431],[80.20912,9.5842],[80.20905,9.58397],[80.20886,9.58384],[80.20877,9.58374],[80.20859,9.58363],[80.2079,9.58347],[80.20728,9.58347],[80.20708,9.58344],[80.20695,9.5834],[80.20686,9.5833],[80.20681,9.58329],[80.20678,9.58329],[80.20668,9.58343],[80.20658,9.58352],[80.20641,9.58353],[80.20624,9.5835],[80.20578,9.5832],[80.20566,9.58315],[80.20561,9.5831],[80.20552,9.58299],[80.20548,9.58287],[80.20548,9.58255],[80.20502,9.58236],[80.20466,9.58234],[80.20452,9.58226],[80.20433,9.58222],[80.20418,9.58231],[80.2042,9.58234],[80.20432,9.58231],[80.20448,9.58236],[80.2047,9.58252],[80.20472,9.58259],[80.20466,9.58265],[80.20464,9.58273],[80.20453,9.58288],[80.20429,9.5831],[80.20406,9.58329],[80.20362,9.58347],[80.20347,9.58341],[80.20313,9.58335],[80.20304,9.58328],[80.203,9.58313],[80.20308,9.58291],[80.20321,9.58269],[80.20363,9.58221],[80.20364,9.58216],[80.20361,9.58211],[80.20344,9.58212],[80.20331,9.58216],[80.20283,9.5822],[80.20268,9.5823],[80.20215,9.58278],[80.20165,9.58313],[80.20135,9.58325],[80.20114,9.58331],[80.20102,9.58331],[80.20078,9.58322],[80.20058,9.58189],[80.20058,9.58186],[80.20043,9.58077],[80.20026,9.57958],[80.19991,9.5769],[80.19985,9.57653],[80.19979,9.57574],[80.19968,9.57516],[80.19966,9.57508],[80.19963,9.57504],[80.19955,9.57502],[80.19945,9.57509],[80.19946,9.57521],[80.19956,9.57594],[80.20014,9.58025],[80.20008,9.58032],[80.20002,9.58043],[80.19998,9.58056],[80.19988,9.58071],[80.19982,9.58079],[80.19974,9.58089],[80.19972,9.58095],[80.1991,9.58149],[80.1979,9.58236],[80.19544,9.58399],[80.19353,9.58516],[80.18744,9.58847],[80.17868,9.59309],[80.16787,9.5997],[80.15536,9.60993],[80.15365,9.61433],[80.14886,9.61872],[80.13721,9.62638],[80.11483,9.63608],[80.09114,9.64862],[80.08031,9.65584],[80.07824,9.65853],[80.07803,9.65913],[80.07766,9.65942],[80.07745,9.65957],[80.07502,9.6608],[80.0742,9.66132],[80.07362,9.66207],[80.07301,9.6625],[80.07235,9.66273],[80.07181,9.66276],[80.07168,9.66237],[80.07142,9.6623],[80.07052,9.66346],[80.06998,9.66398],[80.07,9.66413],[80.07009,9.66422],[80.07001,9.66442],[80.06994,9.66452],[80.06977,9.66462],[80.06965,9.66464],[80.06949,9.66462],[80.06942,9.66459],[80.06928,9.66445],[80.06923,9.66431],[80.06933,9.66356],[80.06817,9.66302],[80.06791,9.66224],[80.06868,9.66175],[80.07012,9.66099],[80.07099,9.66063],[80.0721,9.66047],[80.07306,9.66038],[80.07352,9.65991],[80.07393,9.65931],[80.07452,9.65888],[80.07507,9.6588],[80.07563,9.6589],[80.07626,9.65921],[80.07663,9.65912],[80.07673,9.65827],[80.07658,9.65717],[80.0774,9.65357],[80.07712,9.65262],[80.07697,9.65131],[80.07745,9.6506],[80.07891,9.65056],[80.07927,9.64972],[80.08004,9.64831],[80.08089,9.64775],[80.08147,9.64809],[80.0811,9.64726],[80.08066,9.64684],[80.07985,9.64681],[80.07832,9.64726],[80.07807,9.64761],[80.07721,9.64791],[80.07685,9.64738],[80.07703,9.64656],[80.07733,9.64609],[80.07775,9.64572],[80.0777,9.6448],[80.0779,9.64409],[80.07919,9.6431],[80.08028,9.64173],[80.08249,9.6405],[80.09022,9.63831],[80.0949,9.63605],[80.09556,9.63552],[80.09648,9.63514],[80.09729,9.63517],[80.09782,9.63492],[80.09806,9.63324],[80.0988,9.63216],[80.09972,9.63103],[80.10008,9.62971],[80.10081,9.63],[80.10105,9.62966],[80.10114,9.6292],[80.10254,9.62839],[80.1049,9.62698],[80.10625,9.62664],[80.10688,9.6261],[80.10857,9.62502],[80.10938,9.6247],[80.10951,9.62422],[80.11198,9.62321],[80.11192,9.62231],[80.112,9.62107],[80.11245,9.61974],[80.11351,9.61853],[80.11391,9.61788],[80.11508,9.61717],[80.11623,9.61599],[80.1165,9.61529],[80.11709,9.61459],[80.11826,9.61374],[80.12045,9.61238],[80.12132,9.61212],[80.12286,9.612],[80.12451,9.61149],[80.12555,9.61099],[80.12579,9.6112],[80.12665,9.61077],[80.12986,9.60974],[80.13021,9.60982],[80.13109,9.60943],[80.13269,9.60918],[80.13433,9.60958],[80.13449,9.61058],[80.13557,9.60991],[80.13425,9.60831],[80.13312,9.60751],[80.13166,9.60681],[80.13066,9.60666],[80.1267,9.60786],[80.12355,9.60863],[80.11824,9.61091],[80.11553,9.61194],[80.11206,9.61295],[80.11147,9.61304],[80.11035,9.61344],[80.10791,9.61457],[80.1064,9.61535],[80.10474,9.61596],[80.10046,9.6173],[80.09814,9.6183],[80.09641,9.61916],[80.09518,9.61995],[80.09362,9.62103],[80.09209,9.62214],[80.08842,9.62492],[80.08589,9.62658],[80.08442,9.62743],[80.08352,9.628],[80.08281,9.62822],[80.08205,9.62874],[80.08109,9.62956],[80.08018,9.63059],[80.07851,9.63229],[80.07724,9.63345],[80.07554,9.63488],[80.07411,9.63634],[80.07287,9.63729],[80.07123,9.6384],[80.06904,9.6397],[80.06637,9.64089],[80.06357,9.64227],[80.06209,9.64308],[80.06051,9.64408],[80.058,9.6455],[80.05628,9.64629],[80.05618,9.64634],[80.05478,9.64701],[80.05366,9.64747],[80.05209,9.64805],[80.05071,9.64866],[80.04949,9.64912],[80.04911,9.64926],[80.04753,9.64982],[80.04694,9.65004],[80.04656,9.65015],[80.04628,9.65011],[80.04618,9.6499],[80.04609,9.65001],[80.04601,9.6501],[80.04587,9.65019],[80.04586,9.65019],[80.0457,9.6503],[80.04513,9.65054],[80.04487,9.65061],[80.04453,9.65069],[80.04414,9.65072],[80.04357,9.65058],[80.04328,9.65034],[80.04305,9.65019],[80.04278,9.65018],[80.04254,9.65],[80.04255,9.64962],[80.04241,9.64943],[80.04239,9.6494],[80.04252,9.64901],[80.04247,9.64888],[80.04187,9.64752],[80.04168,9.64742],[80.04137,9.64736],[80.04107,9.64732],[80.04093,9.6472],[80.04077,9.64706],[80.04047,9.64667],[80.04023,9.64644],[80.04002,9.6463],[80.04,9.6463],[80.03979,9.64619],[80.03966,9.64614],[80.03948,9.64618],[80.03922,9.64633],[80.03887,9.64653],[80.03869,9.64663],[80.03861,9.64666],[80.03796,9.64688],[80.03732,9.64708],[80.03693,9.64707],[80.03668,9.64609],[80.03666,9.64607],[80.03661,9.64606],[80.03565,9.64615],[80.03566,9.64616],[80.03569,9.64617],[80.03595,9.64617],[80.03597,9.64619],[80.03597,9.64627],[80.03601,9.64637],[80.03605,9.64638],[80.03619,9.64635],[80.0363,9.64634],[80.03633,9.64636],[80.03641,9.64661],[80.03632,9.64678],[80.03622,9.64694],[80.03604,9.64711],[80.03594,9.64717],[80.03582,9.64723],[80.03571,9.64728],[80.03531,9.64733],[80.03517,9.64734],[80.03494,9.64732],[80.03477,9.64728],[80.03466,9.64715],[80.03459,9.64709],[80.03452,9.64698],[80.0345,9.64687],[80.03445,9.64664],[80.03442,9.64661],[80.03439,9.64659],[80.03423,9.64658],[80.03394,9.64664],[80.03362,9.64669],[80.03342,9.64674],[80.03334,9.64686],[80.03327,9.6469],[80.03321,9.64695],[80.03317,9.64699],[80.03303,9.647],[80.033,9.64705],[80.03301,9.64724],[80.03265,9.64721],[80.03198,9.64718],[80.03188,9.64719],[80.0317,9.64722],[80.0315,9.64725],[80.03114,9.64729],[80.03111,9.64728],[80.03093,9.64731],[80.03031,9.64741],[80.03017,9.64744],[80.03014,9.6475],[80.0301,9.6475],[80.03007,9.64748],[80.02999,9.64714],[80.02991,9.64726],[80.02955,9.64753],[80.02901,9.64769],[80.02803,9.64791],[80.02711,9.64825],[80.02702,9.64803],[80.02672,9.64816],[80.02684,9.64837],[80.02629,9.64863],[80.02609,9.64873],[80.02595,9.64882],[80.02546,9.64911],[80.025,9.64928],[80.02487,9.64919],[80.02437,9.64924],[80.02414,9.64881],[80.02397,9.64862],[80.02364,9.64865],[80.02235,9.6491],[80.02208,9.64919],[80.02175,9.64922],[80.02154,9.64927],[80.02143,9.6493],[80.0213,9.64934],[80.02085,9.64945],[80.02077,9.64948],[80.02074,9.64953],[80.02072,9.64953],[80.02071,9.64954],[80.0207,9.64954],[80.02066,9.64957],[80.02015,9.64973],[80.0198,9.64986],[80.01961,9.64993],[80.01948,9.64999],[80.01944,9.65003],[80.01938,9.65005],[80.0193,9.65014],[80.0192,9.65024],[80.0188,9.65049],[80.0185,9.65067],[80.01796,9.65107],[80.01703,9.65167],[80.01681,9.65174],[80.01667,9.65174],[80.01658,9.65174],[80.0165,9.65175],[80.01646,9.65182],[80.01643,9.65194],[80.01639,9.65203],[80.01633,9.65215],[80.01619,9.65225],[80.01558,9.65256],[80.01557,9.6526],[80.0156,9.6527],[80.01557,9.65273],[80.01541,9.65284],[80.01538,9.65276],[80.01533,9.65267],[80.01526,9.65258],[80.01525,9.65259],[80.01455,9.65305],[80.01456,9.65308],[80.01469,9.65327],[80.01469,9.65329],[80.01468,9.65331],[80.01467,9.65333],[80.01465,9.65334],[80.01461,9.65337],[80.01452,9.65343],[80.01446,9.65347],[80.01442,9.65351],[80.01439,9.65354],[80.01435,9.65357],[80.01432,9.65357],[80.0143,9.65357],[80.01426,9.65357],[80.01424,9.65357],[80.01418,9.65357],[80.01415,9.65358],[80.01412,9.6536],[80.01411,9.65363],[80.01409,9.65366],[80.01404,9.65367],[80.014,9.65369],[80.01399,9.65373],[80.01392,9.65379],[80.0136,9.65402],[80.01354,9.65414],[80.0135,9.65426],[80.01359,9.65459],[80.01362,9.65472],[80.01369,9.65497],[80.01404,9.65639],[80.01409,9.65676],[80.01397,9.657],[80.0136,9.65725],[80.01341,9.6574],[80.01304,9.65768],[80.01205,9.65839],[80.0119,9.65847],[80.0111,9.65894],[80.011,9.65897],[80.00988,9.65951],[80.00963,9.65962],[80.00872,9.65992],[80.00807,9.6601],[80.00784,9.66022],[80.00778,9.66029],[80.00774,9.66036],[80.00773,9.6604],[80.00774,9.66044],[80.00773,9.66045],[80.00773,9.66046],[80.00768,9.66047],[80.00759,9.66052],[80.00756,9.66055],[80.00703,9.66124],[80.00681,9.66151],[80.00672,9.66167],[80.00638,9.66174],[80.00608,9.66203],[80.00604,9.66213],[80.00574,9.66235],[80.00557,9.66243],[80.00532,9.66257],[80.00521,9.66257],[80.00422,9.66113],[80.00422,9.66104],[80.00412,9.66092],[80.00366,9.66024],[80.0036,9.66022],[80.00344,9.66035],[80.00355,9.66049],[80.0036,9.66057],[80.00373,9.66077],[80.00392,9.66098],[80.00393,9.66106],[80.00401,9.66118],[80.00407,9.66122],[80.00512,9.66272],[80.00511,9.66277],[80.00507,9.66281],[80.00506,9.66285],[80.00508,9.66291],[80.00514,9.66303],[80.00513,9.66312],[80.00507,9.66324],[80.00498,9.66342],[80.00494,9.66347],[80.0048,9.66356],[80.00454,9.66374],[80.00452,9.66376],[80.00439,9.6639],[80.00426,9.66406],[80.00403,9.66422],[80.00393,9.6643],[80.00375,9.66445],[80.00367,9.66461],[80.00346,9.66505],[80.00319,9.66589],[80.00304,9.66606],[80.00267,9.6665],[80.00232,9.66685],[80.00196,9.66719],[80.00182,9.66727],[80.00149,9.66721],[80.00109,9.6674],[80.00087,9.6679],[80.00093,9.66812],[80.00124,9.66841],[80.00101,9.66871],[80.00056,9.66923],[80.00023,9.66966],[79.9999,9.67006],[79.99966,9.67054],[79.99942,9.67085],[79.99914,9.67102],[79.99883,9.67111],[79.99884,9.67127],[79.99877,9.67136],[79.99872,9.67142],[79.99872,9.67149],[79.99885,9.6717],[79.99887,9.67173],[79.99886,9.67246],[79.99887,9.67285],[79.99897,9.67326],[79.99913,9.67328],[79.99921,9.67347],[79.99933,9.67394],[79.99942,9.67428],[79.99963,9.67493],[80.00009,9.67631],[79.99967,9.67635],[79.99965,9.67654],[79.99993,9.67663],[80.00009,9.67674],[80.00001,9.67698],[80.00027,9.67747],[80.00025,9.67761],[80.0002,9.67789],[80.00015,9.67808],[80.00015,9.67809],[80.00013,9.67851],[79.99994,9.67884],[79.99988,9.67884],[79.9998,9.67882],[79.9997,9.67878],[79.99962,9.67876],[79.99952,9.6788],[79.99947,9.67894],[79.99947,9.67908],[79.99951,9.6792],[79.99957,9.67932],[79.99955,9.67951],[79.99946,9.67971],[79.99946,9.67992],[79.99951,9.6801],[79.99956,9.68029],[79.9997,9.68033],[80.00011,9.68035],[80.00008,9.68056],[80.00007,9.68069],[80.00006,9.68085],[79.9999,9.68119],[79.99978,9.68165],[79.9997,9.68205],[79.99967,9.68244],[79.99963,9.68278],[79.99961,9.68308],[79.99961,9.68373],[79.9995,9.6841],[79.99944,9.68442],[79.99939,9.68465],[79.99926,9.68508],[79.99909,9.68556],[79.99897,9.68608],[79.9988,9.68632],[79.99864,9.68652],[79.99847,9.68672],[79.99835,9.68696],[79.99829,9.68725],[79.99826,9.68748],[79.99824,9.68762],[79.99788,9.68808],[79.99652,9.68906],[79.995,9.68998],[79.99292,9.69096],[79.99204,9.69109],[79.99125,9.69134],[79.99049,9.69171],[79.98969,9.69192],[79.98819,9.69194],[79.9879,9.69181],[79.98737,9.69158],[79.98691,9.69125],[79.98655,9.69064],[79.98629,9.69003],[79.98631,9.68935],[79.9865,9.68904],[79.98655,9.68856],[79.98646,9.68828],[79.98617,9.68805],[79.98609,9.68748],[79.98593,9.68727],[79.98603,9.68694],[79.98581,9.68672],[79.9855,9.68664],[79.98527,9.68681],[79.98495,9.68691],[79.98473,9.68682],[79.98463,9.68659],[79.98463,9.6862],[79.98479,9.6859],[79.985,9.68557],[79.98499,9.6852],[79.98477,9.68507],[79.98444,9.68513],[79.98433,9.6849],[79.98384,9.68487],[79.98341,9.68445],[79.98294,9.68483],[79.98282,9.68506],[79.98243,9.68522],[79.98213,9.68518],[79.98194,9.68486],[79.98154,9.68507],[79.98125,9.6851],[79.98081,9.68494],[79.98064,9.68497],[79.98026,9.68527],[79.97997,9.68532],[79.97997,9.68558],[79.98016,9.68578],[79.98015,9.68599],[79.97993,9.68612],[79.98036,9.68699],[79.98087,9.68764],[79.981,9.68768],[79.98103,9.68782],[79.98098,9.68806],[79.98059,9.6883],[79.9802,9.68848],[79.97997,9.68846],[79.97985,9.68831],[79.97967,9.68792],[79.9793,9.6876],[79.97917,9.6877],[79.97925,9.68788],[79.97898,9.68804],[79.97863,9.68811],[79.97837,9.68805],[79.97816,9.6879],[79.97804,9.68812],[79.97863,9.68861],[79.9786,9.68888],[79.97831,9.68907],[79.97798,9.68922],[79.97759,9.68922],[79.97688,9.6895],[79.97615,9.68992],[79.97421,9.6911],[79.96978,9.69464],[79.96679,9.69857],[79.9672,9.69913],[79.96791,9.69982],[79.96811,9.70115],[79.96789,9.70235],[79.96826,9.70403],[79.96726,9.70456],[79.96671,9.70541],[79.96562,9.70706],[79.96525,9.70622],[79.96503,9.70531],[79.9644,9.70334],[79.96451,9.70205],[79.96384,9.70142],[79.96019,9.69905],[79.95997,9.69715],[79.95842,9.69597],[79.95705,9.69428],[79.95499,9.69241],[79.95534,9.69072],[79.95465,9.68852],[79.95276,9.69106],[79.95087,9.69157],[79.94919,9.69052],[79.94884,9.69035],[79.94854,9.69032],[79.94825,9.69022],[79.948,9.69023],[79.94764,9.69035],[79.94734,9.6903],[79.94712,9.69041],[79.94693,9.69033],[79.94666,9.69018],[79.94576,9.69015],[79.94504,9.69055],[79.94448,9.69096],[79.94374,9.69106],[79.94308,9.69134],[79.94263,9.69162],[79.94238,9.69209],[79.94231,9.69249],[79.94232,9.69295],[79.94259,9.69344],[79.94307,9.69308],[79.94347,9.69292],[79.94391,9.69307],[79.94415,9.69309],[79.94446,9.69299],[79.94477,9.693],[79.94501,9.69319],[79.94537,9.69324],[79.94545,9.69352],[79.94528,9.6938],[79.94452,9.69444],[79.94373,9.69471],[79.94317,9.69493],[79.94288,9.69496],[79.94259,9.69488],[79.94217,9.6949],[79.94172,9.695],[79.94163,9.69511],[79.94143,9.69512],[79.94067,9.6942],[79.93984,9.69298],[79.9398,9.69295],[79.93975,9.69295],[79.93972,9.69297],[79.93971,9.69306],[79.94035,9.69396],[79.94138,9.69523],[79.94137,9.69533],[79.94122,9.69552],[79.94096,9.69568],[79.94072,9.69599],[79.94053,9.69618],[79.94005,9.6964],[79.93942,9.69672],[79.93896,9.69723],[79.93822,9.69901],[79.93699,9.70433],[79.93184,9.71043],[79.93044,9.7139],[79.93044,9.71813],[79.93129,9.72041],[79.93266,9.7221],[79.9319,9.72412],[79.92873,9.72828],[79.92632,9.73319],[79.92323,9.73539],[79.92378,9.73716],[79.92558,9.73855],[79.92219,9.7418],[79.92135,9.74253],[79.92073,9.74296],[79.9203,9.74364],[79.92028,9.74382],[79.9202,9.74396],[79.9201,9.74404],[79.91999,9.74408],[79.91979,9.7441],[79.91889,9.74398],[79.91885,9.74421],[79.91944,9.74429],[79.92,9.74433],[79.91998,9.74441],[79.91999,9.7445],[79.91997,9.74462],[79.91998,9.74474],[79.91975,9.74512],[79.91971,9.74523],[79.91973,9.7453],[79.91995,9.74551],[79.92022,9.7457],[79.92033,9.74567],[79.92041,9.74561],[79.92048,9.74561],[79.92053,9.74564],[79.92026,9.74614],[79.91978,9.74695],[79.91973,9.74698],[79.91965,9.74699],[79.91956,9.74693],[79.91942,9.7469],[79.91912,9.74706],[79.91885,9.74723],[79.91864,9.74748],[79.91857,9.74763],[79.91849,9.74807],[79.91829,9.74828],[79.918,9.74842],[79.91709,9.74862],[79.91663,9.74865],[79.91632,9.74894],[79.91619,9.74912],[79.91582,9.74948],[79.91567,9.75011],[79.91508,9.75128],[79.91429,9.75213],[79.91333,9.75249],[79.91268,9.75258],[79.91191,9.7526],[79.91063,9.75315],[79.90978,9.75319],[79.90944,9.75352],[79.9092,9.75394],[79.90873,9.75451],[79.90799,9.75485],[79.9078,9.75533],[79.90784,9.75581],[79.907,9.75696],[79.90637,9.75808],[79.90565,9.76061],[79.90555,9.76121],[79.90574,9.76262],[79.9057,9.76344],[79.90592,9.76424],[79.90624,9.76484],[79.90662,9.76566],[79.90684,9.76636],[79.90705,9.76701],[79.90711,9.76733],[79.90706,9.76768],[79.9069,9.76796],[79.90659,9.76815],[79.90632,9.76826],[79.90612,9.76843],[79.90611,9.76864],[79.90613,9.76888],[79.90623,9.76916],[79.90644,9.76963],[79.90756,9.77144],[79.90796,9.77197],[79.90921,9.77267],[79.90972,9.77303],[79.91018,9.77393],[79.91044,9.77466],[79.91073,9.7755],[79.91148,9.77586],[79.91241,9.77597],[79.91322,9.77648],[79.91429,9.7766],[79.91515,9.77652],[79.91661,9.77656],[79.9179,9.77637],[79.91869,9.7761],[79.91908,9.77586],[79.91983,9.77572],[79.92071,9.77567],[79.92148,9.77553],[79.92247,9.77546],[79.92322,9.77557],[79.92366,9.77573],[79.92401,9.77596],[79.92442,9.77614],[79.92475,9.77627],[79.92498,9.77647],[79.92572,9.77662],[79.92741,9.77694],[79.92892,9.77749],[79.92967,9.77779],[79.92988,9.7779],[79.93013,9.778],[79.93037,9.77807],[79.93055,9.77817],[79.93083,9.77841],[79.93094,9.77867],[79.9313,9.77908],[79.93177,9.77971],[79.93264,9.78044],[79.93325,9.78062],[79.934,9.78088],[79.93438,9.7811],[79.93469,9.7813],[79.9352,9.78147],[79.93588,9.78187],[79.93635,9.78203],[79.93686,9.78232],[79.93759,9.78301],[79.93793,9.78368],[79.93836,9.78432],[79.93896,9.78429],[79.93959,9.78431],[79.94051,9.78462],[79.9415,9.78507],[79.94209,9.78545],[79.94275,9.78607],[79.94311,9.7865],[79.94337,9.78706],[79.94349,9.78767],[79.94358,9.7887],[79.94375,9.78923],[79.94393,9.78982],[79.94412,9.79069],[79.94413,9.79094],[79.94427,9.79153],[79.94498,9.79226],[79.9451,9.79254],[79.94531,9.79274],[79.94562,9.79303],[79.94561,9.79337],[79.9458,9.79365],[79.946,9.79393],[79.94709,9.79475],[79.94776,9.79503],[79.94813,9.79528],[79.94885,9.79538],[79.94946,9.7957],[79.94992,9.79596],[79.95051,9.7962],[79.95105,9.7964],[79.95157,9.79671],[79.95205,9.79688],[79.95249,9.7971],[79.95287,9.79723],[79.95317,9.79747],[79.95351,9.79778],[79.9539,9.79795],[79.95494,9.79825],[79.95567,9.79846],[79.95609,9.79846],[79.95644,9.7985],[79.95673,9.79846],[79.95703,9.79842],[79.95753,9.79852],[79.95797,9.79865],[79.9587,9.79883],[79.95911,9.79924],[79.9596,9.79957],[79.96005,9.79989],[79.96077,9.79995],[79.96148,9.79995],[79.962,9.80008],[79.96253,9.8002],[79.96294,9.80044],[79.96354,9.80078],[79.96399,9.80105],[79.96475,9.80118],[79.96501,9.80124],[79.96559,9.80185],[79.9672,9.80322],[79.96765,9.80324],[79.96813,9.8034],[79.96873,9.8036],[79.9692,9.80391],[79.96975,9.80455],[79.97,9.80486],[79.97047,9.80533],[79.97081,9.80542],[79.97162,9.80558],[79.97214,9.80564],[79.97256,9.80568],[79.97302,9.80575],[79.97333,9.80588],[79.97343,9.80625],[79.97342,9.8064],[79.97347,9.80632],[79.97347,9.80623],[79.9735,9.80615],[79.97352,9.80604],[79.97357,9.8059],[79.97369,9.80575],[79.97394,9.8056],[79.97443,9.80561],[79.97469,9.80567],[79.97564,9.806],[79.97617,9.80624],[79.97647,9.8064],[79.97672,9.80656],[79.97697,9.80686],[79.97774,9.80744],[79.97813,9.80767],[79.97833,9.80786],[79.97856,9.80802],[79.97894,9.80818],[79.97924,9.80827],[79.97988,9.80844],[79.98024,9.8085],[79.98131,9.80876],[79.98211,9.80907],[79.98263,9.80945],[79.98291,9.80962],[79.98353,9.80989],[79.98425,9.80999],[79.98542,9.81033],[79.98569,9.81042],[79.98655,9.81058],[79.98703,9.81055],[79.98775,9.81047],[79.98849,9.81029],[79.98909,9.8105],[79.98965,9.8108],[79.98995,9.81098],[79.99016,9.81118],[79.9913,9.81179],[79.99201,9.81193],[79.99254,9.81194],[79.99314,9.81202],[79.99356,9.81213],[79.99454,9.81217],[79.99532,9.81207],[79.9962,9.81181],[79.99659,9.81159],[79.99753,9.81126],[79.99785,9.81116],[79.99818,9.8111],[79.99862,9.81123],[79.99898,9.81145],[79.99954,9.81185],[80.00062,9.81247],[80.00304,9.81305],[80.0046,9.81335],[80.0052,9.81345],[80.0059,9.81353],[80.0075,9.81328],[80.00785,9.81328],[80.00892,9.81368],[80.00911,9.81382],[80.01007,9.81401],[80.01025,9.8141],[80.01035,9.81419],[80.01077,9.81471],[80.01092,9.81486],[80.01093,9.8149],[80.01107,9.81494],[80.01109,9.81495],[80.0111,9.81499],[80.01112,9.81502],[80.01114,9.81504],[80.01118,9.81506],[80.01121,9.81507],[80.01125,9.81507],[80.01135,9.81511],[80.01204,9.81531],[80.01271,9.81551],[80.01292,9.81566],[80.01321,9.81563],[80.01359,9.81578],[80.01388,9.81581],[80.01415,9.8158],[80.01439,9.8159],[80.01478,9.81592],[80.01493,9.81596],[80.01567,9.81604],[80.01749,9.81614],[80.01779,9.81631],[80.01796,9.81634],[80.01856,9.81675],[80.01882,9.81681],[80.01937,9.81688],[80.01945,9.81697],[80.01959,9.8169],[80.0198,9.81689],[80.02038,9.81694],[80.02055,9.8169],[80.02068,9.817],[80.02086,9.81701],[80.02096,9.81708],[80.02121,9.81709],[80.02127,9.81715],[80.02133,9.81708],[80.02146,9.81705],[80.02152,9.81709],[80.02164,9.817],[80.02195,9.81694],[80.02236,9.81689],[80.02251,9.81693],[80.02309,9.81679],[80.02332,9.81665],[80.02366,9.8166],[80.02387,9.81653],[80.02621,9.81632],[80.02675,9.81638],[80.02703,9.81645],[80.02719,9.81666],[80.02733,9.81677],[80.02765,9.81672],[80.02854,9.81649],[80.02905,9.81644],[80.02945,9.81659],[80.02969,9.8163],[80.02978,9.81625],[80.03001,9.81647],[80.03007,9.81643],[80.02985,9.81618],[80.0301,9.81604],[80.0302,9.81598],[80.03028,9.8157],[80.03024,9.81559],[80.03029,9.81548],[80.03057,9.81539],[80.03084,9.81541],[80.031,9.81555],[80.03127,9.81572],[80.03125,9.81575],[80.03132,9.81581],[80.0312,9.81603],[80.03124,9.81607],[80.03135,9.81586],[80.03145,9.81591],[80.03132,9.81613],[80.03137,9.81616],[80.03138,9.81611],[80.03146,9.816],[80.03158,9.81605],[80.03148,9.81622],[80.03126,9.81646],[80.03114,9.81644],[80.03109,9.81632],[80.03094,9.81633],[80.0309,9.81644],[80.03115,9.81665],[80.03107,9.8169],[80.03101,9.81688],[80.03098,9.81697],[80.03123,9.81705],[80.03134,9.81671],[80.03186,9.81687],[80.03207,9.81706],[80.03209,9.81709],[80.03202,9.81729],[80.032,9.81728],[80.03193,9.81746],[80.03216,9.81754],[80.03206,9.81782],[80.03196,9.81779],[80.03192,9.81787],[80.0321,9.81794],[80.03226,9.81752],[80.03242,9.81757],[80.03274,9.81671],[80.03324,9.81689],[80.03291,9.81775],[80.03336,9.81791],[80.03381,9.81682],[80.03461,9.81702],[80.03568,9.81733],[80.03614,9.81755],[80.03636,9.81778],[80.03617,9.81809],[80.0361,9.81816],[80.03547,9.81871],[80.03515,9.81866],[80.03504,9.81877],[80.03515,9.81888],[80.03514,9.81889],[80.0351,9.81886],[80.03443,9.81948],[80.03454,9.8196],[80.03209,9.82188],[80.03196,9.82188],[80.0317,9.82181],[80.03124,9.82169],[80.0312,9.82184],[80.03185,9.82201],[80.03187,9.82211],[80.03089,9.82293],[80.03022,9.82325],[80.02671,9.82276],[80.02669,9.82289],[80.03025,9.8234],[80.03099,9.82303],[80.03601,9.81867],[80.03632,9.8184],[80.03638,9.81832],[80.03661,9.81811],[80.0382,9.81805],[80.03855,9.81806],[80.03912,9.818],[80.04126,9.81748],[80.04143,9.81743],[80.04181,9.81721],[80.04207,9.81713],[80.04273,9.81703],[80.04302,9.8169],[80.04359,9.81651],[80.04386,9.81642],[80.04432,9.81631],[80.04462,9.81634],[80.0447,9.81641],[80.0448,9.81668],[80.04477,9.81686],[80.04481,9.81691],[80.04488,9.81694],[80.04495,9.81694],[80.0453,9.81684],[80.04536,9.81685],[80.0454,9.8169],[80.04546,9.81706],[80.04551,9.8171],[80.04559,9.81705],[80.04566,9.8169],[80.04593,9.81663],[80.04628,9.81641],[80.04653,9.81624],[80.04666,9.81618],[80.04686,9.81611],[80.0472,9.81606],[80.04755,9.81598],[80.04772,9.81596],[80.04798,9.81598],[80.04806,9.81602],[80.04808,9.81608],[80.04811,9.81637],[80.04818,9.81643],[80.04832,9.81645],[80.04836,9.81668],[80.04838,9.81673],[80.04849,9.81674],[80.04852,9.81673],[80.04853,9.81643],[80.04869,9.81639],[80.04876,9.81632],[80.04885,9.8163],[80.04978,9.81621],[80.05044,9.81611],[80.05074,9.816],[80.05108,9.81593],[80.05147,9.81579],[80.05172,9.81572],[80.05187,9.81574],[80.05199,9.81578],[80.05204,9.81577],[80.05268,9.81533],[80.05282,9.81527],[80.05343,9.81513],[80.05444,9.81514],[80.05456,9.81516],[80.05464,9.81519],[80.05472,9.81529],[80.05496,9.81576],[80.055,9.8158],[80.05505,9.81581],[80.05507,9.81578],[80.05499,9.81563],[80.05499,9.81558],[80.05503,9.81548],[80.05516,9.81534],[80.05532,9.8152],[80.05565,9.81502],[80.05577,9.81498],[80.05603,9.81495],[80.05621,9.81489],[80.05638,9.81477],[80.05693,9.81448],[80.05714,9.81444],[80.05738,9.81446],[80.05781,9.81443],[80.05812,9.81444],[80.05873,9.81451],[80.05896,9.81449],[80.05919,9.81446],[80.06003,9.81419],[80.06061,9.81405],[80.06134,9.81405],[80.06153,9.81401],[80.06243,9.81376],[80.06268,9.81366],[80.06298,9.81358],[80.06314,9.8135],[80.06329,9.81346],[80.06336,9.81353],[80.06341,9.81375],[80.06345,9.81377],[80.06347,9.81366],[80.06343,9.81354],[80.06348,9.81344],[80.06356,9.81336],[80.06413,9.8131],[80.06465,9.81294],[80.06476,9.81293],[80.06516,9.81297],[80.06563,9.81284],[80.0661,9.81275],[80.0666,9.81257],[80.06682,9.81242],[80.06735,9.81215],[80.06759,9.81205],[80.06774,9.81202],[80.06827,9.81198],[80.06843,9.81195],[80.06893,9.8118],[80.0691,9.8117],[80.06948,9.81157],[80.0698,9.81154],[80.06998,9.81155],[80.07006,9.81153],[80.07021,9.81139],[80.07038,9.8113],[80.07098,9.81113],[80.07107,9.81112],[80.07126,9.81111],[80.07162,9.81115],[80.07178,9.8112],[80.07202,9.81134],[80.07212,9.81135],[80.07219,9.81135],[80.07256,9.81127],[80.07272,9.81128],[80.07279,9.8113],[80.07294,9.81144],[80.07302,9.81154],[80.0731,9.81176],[80.07319,9.81176],[80.07332,9.81175],[80.07333,9.81163],[80.07338,9.81156],[80.07347,9.81148],[80.07514,9.81084],[80.07569,9.81072],[80.07609,9.81069],[80.07626,9.81071],[80.07638,9.81076],[80.07659,9.81093],[80.07691,9.81098],[80.0773,9.81092],[80.07787,9.81088],[80.07951,9.81071],[80.07979,9.81058],[80.08054,9.81046],[80.08146,9.81035],[80.08225,9.8102],[80.0827,9.81009],[80.08346,9.80982],[80.08418,9.80966],[80.08549,9.80924],[80.08573,9.80924],[80.08598,9.80936],[80.086,9.80952],[80.08596,9.80975],[80.08598,9.80979],[80.08604,9.8098],[80.0861,9.80977],[80.08619,9.80966],[80.08638,9.80957],[80.08652,9.80958],[80.08659,9.80964],[80.08663,9.80964],[80.08677,9.80957],[80.08706,9.80951],[80.08816,9.80935],[80.08837,9.80936],[80.08848,9.80938],[80.08867,9.8095],[80.08878,9.80954],[80.08977,9.80956],[80.09017,9.80962],[80.09088,9.80955],[80.09119,9.80961],[80.09146,9.80971],[80.09155,9.80972],[80.09265,9.80966],[80.09321,9.80972],[80.09445,9.80964],[80.09686,9.80944],[80.09776,9.8094],[80.09927,9.8091],[80.09993,9.80892],[80.10031,9.80886],[80.10067,9.80884],[80.10097,9.80886],[80.10165,9.80897],[80.1021,9.80898],[80.10238,9.80906],[80.10293,9.80913],[80.10345,9.80925],[80.10384,9.80926],[80.10482,9.80953],[80.10499,9.80958],[80.10517,9.80968],[80.10525,9.8097],[80.10553,9.80968],[80.10573,9.80972],[80.10646,9.80972],[80.10654,9.80975],[80.10658,9.80983],[80.10663,9.80984],[80.10703,9.8098],[80.10735,9.80986],[80.10759,9.80985],[80.10775,9.80987],[80.10799,9.80993],[80.10839,9.81014],[80.10854,9.8102],[80.10997,9.81032],[80.11052,9.81041],[80.11128,9.81059],[80.11229,9.81088],[80.11258,9.81103],[80.11372,9.81173],[80.11396,9.81191],[80.11429,9.81215],[80.11588,9.81332],[80.11679,9.81408],[80.11689,9.81419],[80.11709,9.81456],[80.11724,9.81477],[80.11815,9.81525],[80.11846,9.8154],[80.11894,9.81557],[80.1201,9.81607],[80.12038,9.81626],[80.12246,9.81723],[80.12371,9.81808],[80.1239,9.81819],[80.1246,9.81854],[80.12561,9.81913],[80.12663,9.81959],[80.12674,9.81971],[80.12682,9.8199],[80.1269,9.81997],[80.12709,9.82002],[80.12741,9.82005],[80.12775,9.82015],[80.12944,9.82084],[80.13017,9.82094],[80.13033,9.82094],[80.13046,9.8209],[80.13151,9.82044],[80.13175,9.82037],[80.13208,9.82031],[80.13242,9.82035],[80.13276,9.82028],[80.1333,9.82028],[80.13385,9.82031],[80.13398,9.82031],[80.13473,9.82062],[80.13492,9.82072],[80.13507,9.82084],[80.13529,9.82109],[80.13572,9.82149],[80.13576,9.82162],[80.13571,9.82178],[80.13572,9.82182],[80.13591,9.82191],[80.13617,9.82218],[80.13633,9.82228],[80.13645,9.82242],[80.1365,9.82253],[80.13699,9.82283],[80.1372,9.8229],[80.13734,9.82298],[80.13735,9.82313],[80.1377,9.82335],[80.13773,9.82351],[80.13814,9.82357],[80.13826,9.82367],[80.13838,9.82384],[80.13849,9.82403],[80.1386,9.82414],[80.13922,9.8245],[80.13928,9.8246],[80.13944,9.82501],[80.13951,9.82513],[80.13958,9.82521],[80.13976,9.82528],[80.14001,9.82532],[80.14034,9.82533],[80.14093,9.82521],[80.14127,9.82508],[80.14148,9.82503],[80.14203,9.82492],[80.14229,9.82492],[80.14251,9.82496],[80.14313,9.82517],[80.14387,9.82513],[80.14401,9.82515],[80.14424,9.82522],[80.14464,9.82524],[80.14478,9.82527],[80.14485,9.82531],[80.14495,9.82557],[80.14501,9.82567],[80.14515,9.82579],[80.1454,9.8259],[80.14584,9.82605],[80.1461,9.82608],[80.14652,9.826],[80.14663,9.82602],[80.14679,9.8261],[80.14728,9.8261],[80.14759,9.82617],[80.14801,9.82621],[80.14816,9.8263],[80.14836,9.82633],[80.14858,9.82628],[80.1493,9.82599],[80.14996,9.8259],[80.1502,9.82592],[80.15058,9.82603],[80.15098,9.8261],[80.15121,9.82619],[80.15148,9.82623],[80.15216,9.82619],[80.1532,9.8262],[80.15347,9.82618],[80.15409,9.82607],[80.15432,9.82607],[80.15495,9.82625],[80.15502,9.82626],[80.15546,9.82612],[80.15561,9.82611],[80.15583,9.8261],[80.15597,9.82616],[80.15606,9.82615],[80.15655,9.82604],[80.15749,9.82578],[80.15787,9.82573],[80.15811,9.82567],[80.15874,9.8256],[80.15947,9.82555],[80.15963,9.82555],[80.15981,9.82561],[80.15986,9.82567],[80.15989,9.82576],[80.15988,9.82581],[80.15981,9.82591],[80.15981,9.82597],[80.15994,9.82615],[80.16006,9.82618],[80.16015,9.82617],[80.16036,9.82609],[80.16054,9.82598],[80.16054,9.82589],[80.16049,9.82586],[80.16043,9.82585],[80.16029,9.82589],[80.16015,9.82603],[80.16007,9.82603],[80.16005,9.82598],[80.16006,9.82592],[80.16018,9.82585],[80.1602,9.82582],[80.16019,9.82571],[80.16021,9.82563],[80.16041,9.82558],[80.16058,9.82557],[80.1607,9.8256],[80.16079,9.82563],[80.16092,9.82575],[80.1611,9.82577],[80.16119,9.82574],[80.16132,9.82566],[80.16144,9.82563],[80.16161,9.82567],[80.16188,9.82567],[80.16226,9.82557],[80.16236,9.82557],[80.16273,9.82566],[80.16319,9.82563],[80.16344,9.82554],[80.16355,9.82553],[80.16378,9.82556],[80.16395,9.82569],[80.16427,9.82569],[80.16447,9.82577],[80.16452,9.82578],[80.16459,9.82576],[80.16474,9.82554],[80.16482,9.82551],[80.16518,9.82557],[80.16545,9.82551],[80.1656,9.82549],[80.1659,9.82553],[80.16613,9.82546],[80.1662,9.82549],[80.16626,9.82555],[80.16631,9.82556],[80.16688,9.82552],[80.16697,9.82554],[80.16705,9.82558],[80.1671,9.82564],[80.16716,9.82566],[80.16724,9.82564],[80.16729,9.8256],[80.16738,9.82542],[80.16742,9.82536],[80.16747,9.82533],[80.16764,9.8253],[80.16787,9.82536],[80.1679,9.82534],[80.16796,9.82522],[80.16804,9.82512],[80.16819,9.825],[80.16878,9.82481],[80.16894,9.82479],[80.16907,9.8248],[80.1693,9.82486],[80.16956,9.82488],[80.16977,9.82502],[80.16987,9.82517],[80.16993,9.82519],[80.16995,9.82516],[80.17004,9.82515],[80.17013,9.82515],[80.17021,9.82516],[80.1703,9.82518],[80.17038,9.82519],[80.17049,9.8252],[80.17055,9.82521],[80.17063,9.82522],[80.17069,9.82524],[80.17097,9.8253],[80.17103,9.82536],[80.17108,9.82548],[80.17113,9.8255],[80.1718,9.82543],[80.17205,9.82544],[80.17219,9.82546],[80.17258,9.8256],[80.17285,9.82559],[80.17303,9.82562],[80.17314,9.82569],[80.17334,9.82594],[80.17346,9.82599],[80.17381,9.82601],[80.17409,9.82596],[80.17437,9.82602],[80.17533,9.826],[80.17603,9.82606],[80.17619,9.82609],[80.17653,9.82624],[80.17685,9.82633],[80.17716,9.82635],[80.17774,9.82633],[80.17841,9.82647],[80.17871,9.82665],[80.17922,9.82671],[80.1793,9.82683],[80.17935,9.82683],[80.17951,9.82678],[80.17972,9.82676],[80.18001,9.82689],[80.18037,9.82688],[80.18064,9.82692],[80.18073,9.82695],[80.18078,9.82701],[80.18082,9.8271],[80.18087,9.82711],[80.18104,9.8271],[80.18141,9.82714],[80.18149,9.82717],[80.18154,9.82723],[80.18163,9.8273],[80.18191,9.82737],[80.18204,9.82732],[80.18212,9.82732],[80.18247,9.82743],[80.18261,9.82744],[80.18286,9.8273],[80.18328,9.82727],[80.1836,9.82737],[80.18403,9.82739],[80.18411,9.82741],[80.18427,9.82749],[80.18439,9.82752],[80.18482,9.82754],[80.1852,9.8276],[80.18553,9.82759],[80.18572,9.82762],[80.18598,9.82769],[80.1865,9.82777],[80.18835,9.82771],[80.18869,9.82777],[80.18876,9.82778],[80.18915,9.82787],[80.18929,9.82793],[80.18936,9.82795],[80.18962,9.828],[80.18971,9.82806],[80.18984,9.82818],[80.18988,9.82819],[80.18993,9.8282],[80.1901,9.82812],[80.19047,9.82807],[80.19054,9.82808],[80.19076,9.82818],[80.19108,9.82819],[80.19142,9.82827],[80.19161,9.82834],[80.19165,9.8284],[80.19167,9.82853],[80.1917,9.82858],[80.19181,9.82863],[80.1919,9.82863],[80.19212,9.82855],[80.19241,9.82857],[80.19264,9.82854],[80.19275,9.82855],[80.19312,9.8286],[80.19359,9.82874],[80.19368,9.8288],[80.19376,9.82891],[80.19375,9.82905],[80.19376,9.8291],[80.19379,9.82912],[80.19414,9.82921],[80.19436,9.82917],[80.19445,9.82919],[80.19526,9.82941],[80.19554,9.82952],[80.1957,9.82962],[80.19593,9.82967],[80.19677,9.82995],[80.19714,9.8301],[80.19779,9.83041],[80.19815,9.83061],[80.19915,9.83101],[80.19947,9.83117],[80.19966,9.83122],[80.19973,9.83127],[80.19975,9.83139],[80.19978,9.83144],[80.19983,9.83148],[80.2001,9.83155],[80.20028,9.83162],[80.20061,9.83164],[80.2007,9.83167],[80.20107,9.83183],[80.20152,9.83206],[80.20225,9.83237],[80.20235,9.83243],[80.20246,9.83258],[80.2026,9.83267],[80.20291,9.83278],[80.20323,9.8328],[80.20362,9.83294],[80.20488,9.83353],[80.20541,9.83388],[80.20563,9.83388],[80.20573,9.83391],[80.20675,9.83434],[80.20829,9.83489],[80.2084,9.83498],[80.20846,9.83508],[80.20857,9.83512],[80.20877,9.83519],[80.20937,9.83527],[80.20999,9.83528],[80.21033,9.83526],[80.21107,9.83512],[80.21132,9.83514],[80.21167,9.83527],[80.21172,9.83531],[80.21184,9.83548],[80.21193,9.83581],[80.21231,9.83585],[80.21267,9.83586],[80.2127,9.83584],[80.21273,9.83562],[80.21281,9.83556],[80.21308,9.83554],[80.21341,9.83556],[80.21417,9.83542],[80.21475,9.83528],[80.21484,9.83527],[80.21505,9.83529],[80.21511,9.83527],[80.21549,9.83505],[80.21559,9.83502],[80.21577,9.83502],[80.21597,9.8351],[80.21602,9.83519],[80.21603,9.83528],[80.216,9.83536],[80.21602,9.83539],[80.21612,9.83532],[80.21614,9.83528],[80.21613,9.83509],[80.21617,9.83497],[80.21622,9.83489],[80.21637,9.83476],[80.21658,9.83467],[80.2167,9.83453],[80.21687,9.83444],[80.21705,9.83442],[80.21741,9.83428],[80.21778,9.83421],[80.21797,9.83413],[80.21828,9.83389],[80.21847,9.83382],[80.21855,9.83372],[80.21879,9.83353],[80.21894,9.83349],[80.21948,9.83347],[80.21973,9.83353],[80.21994,9.83363],[80.22004,9.83362],[80.22009,9.83359],[80.22039,9.83321],[80.22048,9.83314],[80.22094,9.83287],[80.22189,9.83252],[80.22197,9.83254],[80.22204,9.83259],[80.22212,9.8327],[80.22218,9.83274],[80.22222,9.83275],[80.22227,9.83273],[80.22234,9.83248],[80.22239,9.83244],[80.22251,9.83237],[80.22295,9.8324],[80.22314,9.83237],[80.22344,9.83208],[80.22353,9.83201],[80.22553,9.83141],[80.22593,9.83125],[80.22631,9.83106],[80.22852,9.83049],[80.22895,9.83035],[80.22902,9.83034],[80.22909,9.83037],[80.22916,9.83046],[80.22918,9.83046],[80.22922,9.83034],[80.22925,9.83029],[80.22934,9.83024],[80.23018,9.8301],[80.23032,9.83006],[80.2304,9.83003],[80.23089,9.82991],[80.23109,9.82978],[80.23124,9.82973],[80.2315,9.82975],[80.2316,9.82974],[80.23325,9.82934],[80.2341,9.82906],[80.23428,9.82896],[80.23492,9.82836],[80.23537,9.82815],[80.23537,9.82812],[80.23542,9.82812],[80.23548,9.82812],[80.2356,9.82814],[80.23583,9.82811],[80.236,9.82814],[80.23628,9.82823],[80.23653,9.82827],[80.23681,9.82838],[80.23746,9.82854],[80.23772,9.82875],[80.23784,9.82879],[80.23799,9.8288],[80.2381,9.82879],[80.23844,9.82864],[80.23874,9.82866],[80.23882,9.82864],[80.23902,9.82849],[80.23925,9.8285],[80.2394,9.82856],[80.23953,9.82865],[80.23961,9.82865],[80.23977,9.82859],[80.24005,9.82837],[80.24012,9.82834],[80.24056,9.82828],[80.24101,9.82826],[80.24122,9.82817],[80.24145,9.82814],[80.24167,9.8282],[80.24202,9.82817],[80.24228,9.82818],[80.24268,9.82826],[80.24323,9.82824],[80.24349,9.82836],[80.24374,9.82835],[80.24399,9.82845],[80.24426,9.82846],[80.24445,9.82854],[80.24455,9.82855],[80.24465,9.82855],[80.24493,9.82846],[80.24514,9.82848],[80.24527,9.82853],[80.24559,9.82846],[80.24567,9.82847],[80.24572,9.8285],[80.24575,9.8286],[80.24582,9.82862],[80.24631,9.8285],[80.24641,9.8285],[80.24659,9.82855],[80.24679,9.82854],[80.24698,9.8285],[80.24706,9.82846],[80.24723,9.82831],[80.24747,9.82818],[80.2478,9.82808],[80.24795,9.82809],[80.24802,9.82807],[80.24823,9.82789],[80.2483,9.82786],[80.24844,9.82785],[80.24851,9.82781],[80.24866,9.82766],[80.2488,9.82757],[80.24896,9.8275],[80.24926,9.82744],[80.24936,9.8274],[80.24939,9.82739],[80.2495,9.82734],[80.24972,9.82714],[80.2499,9.82703],[80.25029,9.82683],[80.25037,9.82684],[80.25043,9.82682],[80.25045,9.82681],[80.25098,9.82619],[80.25122,9.82598],[80.25141,9.82587],[80.25171,9.82578],[80.25176,9.82574],[80.25216,9.8251],[80.25228,9.82491],[80.25247,9.82469],[80.2531,9.824],[80.25329,9.82379],[80.25354,9.82364],[80.25375,9.82336],[80.2539,9.82329],[80.25394,9.82325],[80.25412,9.82276],[80.25452,9.82188],[80.25458,9.82164],[80.25466,9.82148],[80.25469,9.82133],[80.25476,9.82093],[80.25482,9.82032],[80.25488,9.81983],[80.25492,9.81939],[80.25496,9.81925],[80.25497,9.81912],[80.25497,9.81898],[80.25498,9.81883],[80.25506,9.81846],[80.25518,9.81807],[80.25524,9.81785],[80.25533,9.81755],[80.25542,9.81735],[80.25565,9.81675],[80.2559,9.81604],[80.25629,9.81473],[80.2568,9.8132],[80.25718,9.81223],[80.25751,9.81152],[80.25769,9.81102],[80.25785,9.81064],[80.25869,9.80897],[80.25953,9.80736],[80.2596,9.80704],[80.25974,9.80679],[80.26073,9.80473],[80.26095,9.80418],[80.26206,9.80209],[80.26244,9.80131],[80.26284,9.80065],[80.26338,9.79968],[80.26354,9.79933],[80.26385,9.79884],[80.26431,9.79794],[80.2646,9.79746],[80.26477,9.79721],[80.26491,9.79687],[80.26515,9.79654],[80.26534,9.79612],[80.26576,9.79545],[80.26598,9.79503],[80.26635,9.79447],[80.2666,9.79394],[80.26691,9.79336],[80.26725,9.79284],[80.26893,9.78991],[80.26909,9.78958],[80.2723,9.78419],[80.2743,9.7809],[80.27477,9.7801],[80.2749,9.7799],[80.27502,9.77978],[80.27517,9.77955],[80.27528,9.77926],[80.27609,9.77792],[80.27865,9.77378],[80.28022,9.77129],[80.28164,9.7692],[80.28176,9.76898],[80.2823,9.76824],[80.28249,9.7679],[80.28292,9.76733],[80.28304,9.76713],[80.28395,9.76579],[80.28442,9.76515],[80.28663,9.7619],[80.28686,9.76163],[80.2871,9.76124],[80.28741,9.76085],[80.28839,9.7594],[80.29229,9.75401],[80.2941,9.75182],[80.29447,9.75131],[80.29521,9.75037],[80.29652,9.74875],[80.29718,9.74784],[80.29783,9.74702],[80.29884,9.74553],[80.29976,9.74435],[80.30061,9.74337],[80.30103,9.74272],[80.30218,9.74134],[80.30405,9.73879],[80.30503,9.73752],[80.3066,9.73554],[80.30816,9.73306],[80.31028,9.72959],[80.31105,9.72865],[80.31178,9.7278],[80.31226,9.727],[80.31253,9.72628],[80.31287,9.72551],[80.31461,9.72225],[80.31554,9.72044],[80.31673,9.71823],[80.31721,9.71745],[80.31823,9.7159],[80.31868,9.7153],[80.31899,9.7148],[80.31923,9.71445],[80.31971,9.71385],[80.32002,9.71342],[80.32063,9.71271],[80.32124,9.71208],[80.32162,9.71161],[80.32195,9.71115],[80.32365,9.70859],[80.32421,9.70787],[80.32486,9.7069],[80.32529,9.70638],[80.32563,9.70591],[80.32578,9.70565],[80.32602,9.7053],[80.3267,9.70445],[80.32699,9.70421],[80.3271,9.70407],[80.32729,9.70372],[80.32791,9.70294],[80.32816,9.70248],[80.32833,9.70224],[80.32867,9.70186],[80.3292,9.70118],[80.32985,9.70026],[80.33095,9.69889],[80.33177,9.6978],[80.33362,9.69563],[80.33393,9.69514],[80.33428,9.6947],[80.3353,9.69355],[80.33577,9.69299],[80.3361,9.69266],[80.33632,9.69234],[80.3366,9.69199],[80.33717,9.69149],[80.33736,9.69113],[80.33747,9.69098],[80.33806,9.69021],[80.33959,9.6881],[80.33999,9.68759],[80.34053,9.68699],[80.34089,9.68653],[80.34123,9.68615],[80.34245,9.68482],[80.34381,9.68341],[80.34476,9.68245],[80.34568,9.68147],[80.34698,9.68015],[80.34734,9.67972],[80.34829,9.67871],[80.34929,9.67769],[80.3502,9.67689],[80.35062,9.67645],[80.35076,9.6762],[80.35088,9.67606],[80.35112,9.67582],[80.35146,9.67556],[80.35165,9.67534],[80.35182,9.67509],[80.35275,9.674],[80.35376,9.67299],[80.35481,9.67178],[80.35519,9.67143],[80.35548,9.67102],[80.35587,9.67059],[80.35642,9.67009],[80.35683,9.66957],[80.35836,9.66816],[80.35978,9.66674],[80.36372,9.66308],[80.36576,9.66134],[80.37046,9.65717],[80.37682,9.65172],[80.38327,9.64626],[80.38684,9.64332],[80.39253,9.6388],[80.39503,9.63678],[80.39617,9.63591],[80.3973,9.63501],[80.39988,9.63303],[80.40183,9.63162],[80.40293,9.63078],[80.4036,9.63032],[80.40813,9.62652],[80.41013,9.62495],[80.41139,9.6239],[80.41298,9.62268],[80.41429,9.62164],[80.41546,9.62081],[80.41735,9.61935],[80.42019,9.61721],[80.4209,9.61661],[80.42163,9.6161],[80.42391,9.61432],[80.42679,9.61216],[80.42747,9.61162],[80.42902,9.61052],[80.43014,9.60959],[80.43087,9.60906],[80.43142,9.6087],[80.43199,9.60826],[80.43301,9.60751],[80.43392,9.60678],[80.43451,9.60635],[80.43503,9.60589],[80.43589,9.60522],[80.438,9.60338],[80.43922,9.60237],[80.442,9.60013],[80.44366,9.59893],[80.4443,9.59837],[80.44457,9.59824],[80.44564,9.59743],[80.4466,9.59663],[80.44841,9.59529],[80.45184,9.59259],[80.45222,9.59232],[80.45283,9.5917],[80.45351,9.59134],[80.45399,9.59097],[80.45448,9.59053],[80.45484,9.59015],[80.45498,9.59007],[80.45536,9.58993],[80.45547,9.58985],[80.45686,9.5887],[80.45709,9.58848],[80.45723,9.58829],[80.45782,9.5879],[80.4584,9.58734],[80.45863,9.5872],[80.45892,9.58714],[80.45904,9.58706],[80.45935,9.58678],[80.45959,9.58659],[80.46017,9.58624],[80.46043,9.58599],[80.46064,9.58573],[80.46075,9.58564],[80.4609,9.58554],[80.46129,9.58536],[80.46142,9.58527],[80.46274,9.58409],[80.46285,9.58402],[80.46296,9.584],[80.46313,9.58392],[80.46407,9.58316],[80.46534,9.58208],[80.46541,9.58205],[80.46561,9.58205],[80.4657,9.58201],[80.46639,9.58141],[80.46729,9.58056],[80.46767,9.58042],[80.46791,9.58027],[80.46884,9.57938],[80.46927,9.5792],[80.4694,9.57912],[80.46962,9.57895],[80.47027,9.57831],[80.47054,9.57808],[80.47073,9.57785],[80.47103,9.57767],[80.47177,9.57731],[80.4726,9.5765],[80.47303,9.57624],[80.47352,9.57578],[80.47375,9.57565],[80.47397,9.57542],[80.47408,9.57534],[80.47417,9.57531],[80.47494,9.5747],[80.47549,9.57422],[80.47573,9.57404],[80.4759,9.57386],[80.47603,9.57374],[80.4765,9.5735],[80.47671,9.57335],[80.47727,9.5728],[80.47802,9.57215],[80.47823,9.57187],[80.47853,9.57173],[80.4787,9.57161],[80.47913,9.57114],[80.47954,9.57092],[80.48026,9.57023],[80.48065,9.5699],[80.48089,9.56961],[80.48123,9.56945],[80.48208,9.56868],[80.48228,9.56843],[80.48254,9.5682],[80.48267,9.56812],[80.48296,9.56803],[80.48311,9.56792],[80.48374,9.56733],[80.48391,9.56712],[80.4841,9.56694],[80.48435,9.56679],[80.48454,9.5667],[80.48532,9.56612],[80.48551,9.56594],[80.48602,9.56537],[80.48618,9.56522],[80.48651,9.56497],[80.48694,9.56479],[80.48719,9.56462],[80.48738,9.56444],[80.48762,9.56411],[80.48805,9.56366],[80.48819,9.56354],[80.48841,9.56341],[80.48869,9.56321],[80.48927,9.56271],[80.48959,9.56247],[80.48983,9.56233],[80.49005,9.56215],[80.49041,9.56176],[80.49082,9.56147],[80.49134,9.56119],[80.49151,9.56094],[80.49182,9.56078],[80.49249,9.56014],[80.49325,9.55962],[80.49352,9.55939],[80.49413,9.55891],[80.49429,9.55884],[80.49436,9.55876],[80.49443,9.55862],[80.49454,9.5585],[80.49527,9.55803],[80.49562,9.55762],[80.49609,9.5573],[80.49678,9.55671],[80.49732,9.55635],[80.4977,9.55594],[80.49813,9.55569],[80.49831,9.55553],[80.49863,9.55519],[80.49935,9.55463],[80.49966,9.55448],[80.49971,9.55443],[80.4998,9.55425],[80.49993,9.55413],[80.50058,9.55376],[80.50078,9.55358],[80.501,9.55327],[80.50175,9.55266],[80.50192,9.55253],[80.50232,9.55236],[80.50238,9.55231],[80.50245,9.55214],[80.50256,9.55202],[80.50289,9.55184],[80.50323,9.55147],[80.50406,9.55086],[80.50463,9.55052],[80.50477,9.55036],[80.50489,9.55016],[80.50511,9.54997],[80.50555,9.54965],[80.50762,9.54795],[80.50931,9.54662],[80.51133,9.54484],[80.51393,9.54265],[80.5162,9.54067],[80.51909,9.5382],[80.52102,9.53648],[80.52287,9.53493],[80.52369,9.53409],[80.52412,9.53374],[80.52451,9.5335],[80.5274,9.53097],[80.5297,9.52901],[80.53109,9.52772],[80.53135,9.52761],[80.53172,9.52736],[80.53266,9.52655],[80.53503,9.52446],[80.53646,9.52335],[80.5377,9.52223],[80.53893,9.52133],[80.53994,9.5204],[80.54045,9.52007],[80.54215,9.51857],[80.54256,9.51834],[80.54413,9.51703],[80.545,9.51624],[80.5452,9.51602],[80.54528,9.51596],[80.54551,9.51589],[80.54568,9.51579],[80.54635,9.51525],[80.5469,9.51478],[80.54738,9.51442],[80.54798,9.51385],[80.54814,9.51368],[80.54823,9.51362],[80.5485,9.51351],[80.54943,9.51279],[80.55055,9.51182],[80.55093,9.51143],[80.55135,9.51124],[80.55422,9.50885],[80.55436,9.50875],[80.55459,9.50867],[80.55662,9.507],[80.55725,9.50644],[80.55781,9.50605],[80.55902,9.50512],[80.55953,9.50466],[80.55988,9.50443],[80.56115,9.50341],[80.56133,9.50323],[80.56172,9.50301],[80.56249,9.50245],[80.56432,9.50085],[80.56477,9.50064],[80.56503,9.50039],[80.56597,9.49963],[80.56609,9.49956],[80.56634,9.49945],[80.56771,9.49833],[80.5685,9.49764],[80.56863,9.49757],[80.56894,9.49746],[80.56903,9.4974],[80.56926,9.49709],[80.5697,9.49685],[80.56985,9.49666],[80.57084,9.49598],[80.57141,9.49544],[80.57199,9.49509],[80.57352,9.49382],[80.57532,9.49245],[80.57632,9.49165],[80.57686,9.49126],[80.57706,9.49107],[80.57764,9.49069],[80.57886,9.48972],[80.58092,9.4882],[80.5818,9.48754],[80.58243,9.48702],[80.58401,9.48596],[80.58536,9.48501],[80.58717,9.4838],[80.58815,9.48322],[80.58866,9.48282],[80.58968,9.48228],[80.59136,9.48146],[80.59198,9.4812],[80.59224,9.48102],[80.59298,9.48038],[80.59331,9.48017],[80.5937,9.47984],[80.59385,9.47969],[80.59391,9.47958],[80.59399,9.47953],[80.59448,9.47945],[80.59471,9.4795],[80.59483,9.47946],[80.59531,9.47914],[80.59615,9.47818],[80.59669,9.47766],[80.59716,9.47729],[80.59738,9.47699],[80.59788,9.47659],[80.59829,9.47619],[80.59856,9.47601],[80.59921,9.47541],[80.59947,9.47528],[80.59953,9.47522],[80.59958,9.47511],[80.59972,9.47496],[80.59988,9.47487],[80.59999,9.47484],[80.60009,9.47479],[80.6003,9.47455],[80.60057,9.47433],[80.60085,9.47403],[80.6011,9.4739],[80.60144,9.47369],[80.6017,9.47341],[80.60202,9.47323],[80.60238,9.47287],[80.60271,9.47271],[80.60281,9.47263],[80.60303,9.47234],[80.60318,9.47224],[80.60331,9.47219],[80.60342,9.47212],[80.60373,9.47179],[80.60395,9.47173],[80.60403,9.47167],[80.6041,9.47156],[80.60419,9.47146],[80.60437,9.47132],[80.60465,9.47121],[80.60472,9.47116],[80.60487,9.47093],[80.60513,9.47072],[80.60707,9.46933],[80.60779,9.46889],[80.60825,9.46853],[80.60914,9.46802],[80.60928,9.46792],[80.60952,9.46767],[80.61025,9.4673],[80.61122,9.46664],[80.61216,9.46594],[80.61253,9.4658],[80.61338,9.46513],[80.61497,9.46419],[80.6154,9.4638],[80.61656,9.46314],[80.61691,9.46286],[80.61734,9.46264],[80.61888,9.4617],[80.61915,9.46147],[80.61973,9.46114],[80.62012,9.46083],[80.62046,9.46061],[80.62102,9.46019],[80.62114,9.46014],[80.62122,9.46007],[80.62134,9.45994],[80.62151,9.45984],[80.62164,9.45974],[80.62176,9.45957],[80.62185,9.45945],[80.62259,9.45887],[80.62277,9.4587],[80.62307,9.45823],[80.62319,9.45812],[80.62355,9.45793],[80.62368,9.45775],[80.62389,9.45754],[80.62437,9.45716],[80.62454,9.45698],[80.62462,9.45684],[80.62472,9.45671],[80.62507,9.4565],[80.62529,9.45623],[80.6257,9.45593],[80.62577,9.45572],[80.62585,9.45564],[80.62608,9.45558],[80.62617,9.45554],[80.62623,9.45547],[80.62628,9.45532],[80.62643,9.45511],[80.62663,9.45505],[80.62683,9.4548],[80.62713,9.45455],[80.62743,9.45436],[80.6276,9.45406],[80.62773,9.45394],[80.62794,9.45383],[80.62843,9.45347],[80.62884,9.4531],[80.62903,9.45287],[80.62934,9.45275],[80.62944,9.45268],[80.62974,9.45229],[80.63017,9.45201],[80.63048,9.45171],[80.63079,9.45149],[80.63104,9.45135],[80.63196,9.45054],[80.6327,9.45001],[80.6334,9.44945],[80.63486,9.44819],[80.63576,9.44756],[80.63717,9.44642],[80.6406,9.44375],[80.64276,9.44218],[80.64417,9.44108],[80.64468,9.44072],[80.6455,9.44008],[80.64818,9.43788],[80.64992,9.43657],[80.65,9.4365],[80.65,8.15],[79.83359,8.15],[79.83364,8.15014],[79.83367,8.15028],[79.83368,8.15044],[79.83368,8.1506],[79.83366,8.15079],[79.83363,8.15097],[79.83357,8.15115],[79.83344,8.15149],[79.83336,8.15169],[79.83326,8.15187],[79.83306,8.15218],[79.83282,8.15251],[79.83263,8.15276],[79.83238,8.15304],[79.832,8.15348],[79.83158,8.15392],[79.83124,8.15426],[79.83093,8.15455],[79.83067,8.15478],[79.83056,8.15489],[79.83046,8.15501],[79.83035,8.15515],[79.83024,8.15528],[79.82999,8.1556],[79.82976,8.1559],[79.82948,8.15624],[79.82929,8.15648],[79.82902,8.15681],[79.82875,8.15713],[79.82853,8.15741],[79.82831,8.15764],[79.82795,8.15803],[79.82737,8.15864],[79.82706,8.15898],[79.8267,8.1593],[79.82627,8.15974],[79.82582,8.16017],[79.82509,8.16081],[79.82479,8.1611],[79.82451,8.16134],[79.82413,8.1616],[79.82348,8.16197],[79.82317,8.16212],[79.82302,8.16216],[79.82284,8.16218],[79.82266,8.16218],[79.82246,8.16215],[79.82226,8.16215],[79.82201,8.16219],[79.8219,8.16221],[79.82179,8.16218],[79.82172,8.16213],[79.82165,8.16206],[79.82153,8.16201],[79.82136,8.162],[79.82118,8.16202],[79.82097,8.16211],[79.82066,8.16223],[79.82052,8.16225],[79.82036,8.16226],[79.82009,8.16227],[79.81993,8.16231],[79.81977,8.16238],[79.8197,8.16248],[79.81964,8.16258],[79.81955,8.1627],[79.81938,8.16289],[79.81929,8.16304],[79.81921,8.16324],[79.81917,8.16341],[79.81916,8.16358],[79.81915,8.16373],[79.81915,8.16381],[79.81918,8.16408],[79.8192,8.16422],[79.81923,8.16435],[79.81929,8.16461],[79.81934,8.16476],[79.8194,8.16489],[79.81946,8.16498],[79.81955,8.16511],[79.81969,8.16534],[79.81983,8.1655],[79.82002,8.16572],[79.82019,8.16595],[79.82027,8.16606],[79.8203,8.16613],[79.82031,8.16619],[79.82032,8.16626],[79.82035,8.16631],[79.8204,8.16639],[79.82048,8.16652],[79.82057,8.16663],[79.82063,8.16669],[79.82067,8.16672],[79.82072,8.16676],[79.82079,8.16682],[79.82088,8.16693],[79.82095,8.16704],[79.82102,8.16713],[79.82105,8.16722],[79.82106,8.16734],[79.82104,8.16749],[79.82101,8.16762],[79.82096,8.16789],[79.82091,8.16816],[79.82086,8.16833],[79.82072,8.16856],[79.82059,8.16876],[79.82043,8.16894],[79.82028,8.16911],[79.82006,8.16932],[79.81977,8.16964],[79.81942,8.17008],[79.81919,8.17041],[79.81905,8.17066],[79.81883,8.1711],[79.81876,8.17127],[79.81875,8.17144],[79.81875,8.1716],[79.81871,8.17173],[79.81866,8.17186],[79.81861,8.17198],[79.81861,8.1721],[79.81862,8.17228],[79.81864,8.17244],[79.81866,8.17267],[79.81866,8.17292],[79.81865,8.17316],[79.81863,8.17332],[79.81864,8.17343],[79.81866,8.17352],[79.81871,8.17361],[79.81878,8.1737],[79.81892,8.17385],[79.81917,8.17404],[79.81942,8.17419],[79.81963,8.1743],[79.81984,8.17438],[79.8199,8.1744],[79.81995,8.17441],[79.81997,8.1744],[79.81998,8.17439],[79.81998,8.17437],[79.81996,8.17436],[79.81977,8.17424],[79.81964,8.17413],[79.81951,8.17403],[79.81943,8.17393],[79.8194,8.17382],[79.81938,8.17373],[79.81935,8.17369],[79.81932,8.17366],[79.81928,8.17365],[79.81917,8.17364],[79.81904,8.17364],[79.81896,8.1736],[79.81891,8.17355],[79.81888,8.17347],[79.81883,8.17335],[79.8188,8.17323],[79.8188,8.17313],[79.8188,8.173],[79.81883,8.17291],[79.81885,8.17285],[79.81886,8.17279],[79.81886,8.17273],[79.81884,8.17266],[79.81882,8.17255],[79.8188,8.17244],[79.81878,8.17226],[79.81878,8.17202],[79.81882,8.1719],[79.8189,8.1718],[79.8191,8.17153],[79.81917,8.17146],[79.81924,8.17146],[79.81945,8.1715],[79.81956,8.17153],[79.81963,8.17158],[79.81969,8.1717],[79.81975,8.17181],[79.8198,8.17187],[79.81993,8.17197],[79.8201,8.17208],[79.82022,8.17216],[79.82055,8.17239],[79.82072,8.17255],[79.82086,8.17274],[79.82103,8.17308],[79.82119,8.17343],[79.82127,8.17367],[79.82128,8.17391],[79.82126,8.17404],[79.82121,8.17423],[79.82116,8.1744],[79.82111,8.17469],[79.82102,8.17497],[79.82093,8.17517],[79.82083,8.17532],[79.82068,8.17549],[79.82037,8.17583],[79.82005,8.17624],[79.81967,8.17671],[79.81875,8.17778],[79.81812,8.17864],[79.81761,8.17935],[79.81733,8.17969],[79.81719,8.17984],[79.81705,8.17996],[79.81678,8.18025],[79.8164,8.18073],[79.81632,8.18087],[79.8163,8.18097],[79.81631,8.18108],[79.81636,8.18115],[79.81641,8.18118],[79.81652,8.18116],[79.81668,8.18111],[79.81699,8.18105],[79.81745,8.18098],[79.81808,8.18094],[79.81866,8.18095],[79.81924,8.18101],[79.81955,8.18103],[79.81968,8.18105],[79.81984,8.18109],[79.81993,8.18109],[79.82002,8.18106],[79.8201,8.18105],[79.82017,8.18106],[79.82032,8.18113],[79.82044,8.18118],[79.82054,8.18122],[79.82065,8.18123],[79.82095,8.18121],[79.82107,8.18121],[79.8212,8.18121],[79.82128,8.18121],[79.82138,8.18119],[79.82151,8.18115],[79.82165,8.18113],[79.82176,8.18113],[79.82189,8.18114],[79.82195,8.18115],[79.82203,8.18114],[79.8221,8.18112],[79.82224,8.18102],[79.82244,8.18084],[79.82262,8.18064],[79.82276,8.18048],[79.82281,8.18041],[79.82286,8.18034],[79.82288,8.18027],[79.82288,8.18022],[79.82284,8.18017],[79.82277,8.18013],[79.82269,8.18013],[79.82265,8.18015],[79.82259,8.18018],[79.82252,8.18026],[79.82248,8.1803],[79.82246,8.18032],[79.82241,8.18033],[79.82233,8.18033],[79.82228,8.18033],[79.82225,8.18036],[79.82221,8.1804],[79.82218,8.18041],[79.82215,8.1804],[79.82212,8.18038],[79.8221,8.18032],[79.8221,8.18029],[79.82211,8.18025],[79.82214,8.18021],[79.8222,8.18014],[79.82223,8.1801],[79.82224,8.18003],[79.82227,8.17986],[79.82226,8.17977],[79.82224,8.17973],[79.82217,8.17965],[79.82215,8.17957],[79.82216,8.17952],[79.82217,8.17947],[79.8222,8.1794],[79.82225,8.17932],[79.82245,8.17913],[79.82258,8.17901],[79.82272,8.17893],[79.82283,8.17887],[79.82319,8.1787],[79.82327,8.17868],[79.8233,8.17868],[79.82333,8.17869],[79.82334,8.17874],[79.82334,8.17878],[79.82334,8.17888],[79.82333,8.1791],[79.82333,8.17922],[79.82333,8.17926],[79.82335,8.17934],[79.82335,8.17939],[79.82334,8.17944],[79.82332,8.1795],[79.82333,8.17957],[79.82333,8.17964],[79.82332,8.17975],[79.82329,8.1799],[79.82329,8.18001],[79.82332,8.18019],[79.82335,8.18027],[79.82339,8.18032],[79.82344,8.18039],[79.82347,8.18046],[79.82355,8.18063],[79.82362,8.18079],[79.82365,8.18086],[79.82366,8.18094],[79.82368,8.18106],[79.82371,8.1812],[79.82374,8.18131],[79.82378,8.18138],[79.82384,8.18145],[79.82391,8.18154],[79.82396,8.18163],[79.824,8.18176],[79.82407,8.18198],[79.82411,8.18231],[79.82412,8.18247],[79.82408,8.18264],[79.82405,8.18276],[79.824,8.18286],[79.82386,8.18313],[79.82361,8.1837],[79.82354,8.18389],[79.82354,8.18402],[79.82357,8.1842],[79.82362,8.18437],[79.82363,8.18446],[79.82361,8.18462],[79.82354,8.18481],[79.82344,8.18515],[79.8234,8.18528],[79.82338,8.18542],[79.82338,8.18557],[79.82339,8.18586],[79.82337,8.18605],[79.82334,8.18616],[79.82326,8.18635],[79.82307,8.18677],[79.82285,8.18722],[79.82261,8.18776],[79.82245,8.18811],[79.82227,8.18847],[79.82207,8.18876],[79.82202,8.18885],[79.82201,8.18896],[79.82201,8.18905],[79.82204,8.18919],[79.82208,8.18932],[79.82215,8.1895],[79.82225,8.18973],[79.82231,8.18995],[79.82234,8.19023],[79.82232,8.19046],[79.82228,8.19062],[79.82221,8.19076],[79.82214,8.19095],[79.82211,8.19111],[79.82209,8.19125],[79.82208,8.19143],[79.82204,8.19161],[79.82198,8.19177],[79.82192,8.19186],[79.8219,8.19193],[79.82189,8.19213],[79.82183,8.19248],[79.82179,8.19265],[79.82173,8.19283],[79.82162,8.19308],[79.8215,8.19335],[79.82142,8.19351],[79.82131,8.19369],[79.82112,8.19395],[79.8208,8.19435],[79.8205,8.19468],[79.82035,8.19484],[79.8203,8.19491],[79.82029,8.19497],[79.82031,8.19511],[79.82037,8.19529],[79.82042,8.19542],[79.82049,8.19557],[79.82052,8.19572],[79.82052,8.19589],[79.82047,8.19605],[79.82041,8.19638],[79.82038,8.19672],[79.82038,8.19689],[79.82041,8.19699],[79.82048,8.19709],[79.82061,8.19727],[79.82077,8.19749],[79.82086,8.19769],[79.82104,8.19822],[79.82114,8.19878],[79.82116,8.19912],[79.82114,8.19947],[79.8211,8.19985],[79.82106,8.20013],[79.82101,8.20052],[79.82093,8.20094],[79.82087,8.20132],[79.82084,8.20152],[79.82078,8.20175],[79.82065,8.20213],[79.82049,8.20264],[79.82036,8.20298],[79.8203,8.20313],[79.82024,8.20333],[79.82015,8.2036],[79.82004,8.20386],[79.81994,8.20406],[79.81971,8.20442],[79.8195,8.20482],[79.81936,8.20506],[79.81925,8.20525],[79.81918,8.20542],[79.81913,8.20559],[79.81909,8.20573],[79.81903,8.2059],[79.81896,8.20606],[79.81885,8.20622],[79.81866,8.20648],[79.81826,8.20699],[79.8178,8.20758],[79.81746,8.208],[79.81661,8.20907],[79.81625,8.20948],[79.81557,8.21018],[79.81499,8.21084],[79.81372,8.21206],[79.81338,8.21241],[79.81252,8.21322],[79.81186,8.21379],[79.81123,8.21434],[79.81065,8.21481],[79.80996,8.21535],[79.80926,8.21587],[79.80878,8.21623],[79.80843,8.21646],[79.8077,8.21694],[79.80673,8.21759],[79.8057,8.21822],[79.80501,8.21861],[79.80447,8.21888],[79.8036,8.21928],[79.80314,8.2195],[79.80244,8.21976],[79.80161,8.22013],[79.80086,8.2205],[79.8,8.22093],[79.79901,8.2215],[79.79827,8.22192],[79.79789,8.22214],[79.7976,8.22231],[79.79735,8.22243],[79.79698,8.22259],[79.7966,8.22278],[79.79635,8.22287],[79.79606,8.22299],[79.79561,8.22318],[79.79507,8.22342],[79.79475,8.22358],[79.79459,8.22367],[79.79447,8.22375],[79.79431,8.22388],[79.79423,8.22396],[79.79418,8.22405],[79.7941,8.22421],[79.79378,8.22489],[79.79366,8.22514],[79.79362,8.22521],[79.79361,8.22531],[79.79359,8.22542],[79.79355,8.22552],[79.79349,8.22565],[79.79343,8.22577],[79.79328,8.22603],[79.793,8.22652],[79.79291,8.22667],[79.79286,8.22671],[79.7928,8.22676],[79.79279,8.22679],[79.7928,8.22683],[79.79281,8.22686],[79.79285,8.22695],[79.79294,8.22712],[79.79296,8.22717],[79.793,8.2272],[79.79305,8.22726],[79.79308,8.22734],[79.79312,8.22761],[79.79313,8.22772],[79.7931,8.2278],[79.79305,8.2279],[79.79301,8.22799],[79.79299,8.22809],[79.79299,8.22816],[79.79301,8.22821],[79.79311,8.22836],[79.79317,8.22842],[79.79322,8.22847],[79.79327,8.2285],[79.79331,8.2285],[79.79335,8.22848],[79.79336,8.22845],[79.79335,8.22839],[79.79335,8.22831],[79.79337,8.22825],[79.79344,8.22821],[79.79352,8.22817],[79.79356,8.22814],[79.79357,8.2281],[79.79355,8.22806],[79.79351,8.22803],[79.79346,8.22795],[79.79343,8.22788],[79.79342,8.2278],[79.79344,8.22774],[79.79349,8.22768],[79.79356,8.22763],[79.79367,8.2276],[79.79382,8.22759],[79.79398,8.22757],[79.79408,8.22754],[79.79411,8.22749],[79.79411,8.22744],[79.79408,8.22741],[79.79403,8.2274],[79.79397,8.22738],[79.79395,8.22733],[79.79395,8.22727],[79.79401,8.22717],[79.79419,8.22696],[79.79423,8.22687],[79.79425,8.22683],[79.79425,8.2268],[79.79424,8.22677],[79.7942,8.22676],[79.79413,8.22674],[79.79409,8.22673],[79.79406,8.22675],[79.79403,8.22679],[79.79402,8.22684],[79.79402,8.22689],[79.79399,8.22692],[79.79396,8.22695],[79.7939,8.22695],[79.79382,8.22692],[79.79369,8.22684],[79.7935,8.22677],[79.79339,8.22672],[79.79336,8.22668],[79.79335,8.22664],[79.79337,8.22659],[79.79345,8.22654],[79.79359,8.22651],[79.79369,8.22649],[79.79385,8.22651],[79.79394,8.22653],[79.79402,8.22652],[79.79408,8.22652],[79.79424,8.22645],[79.79445,8.22639],[79.7946,8.2264],[79.79467,8.22644],[79.79473,8.22652],[79.79481,8.22656],[79.79489,8.22659],[79.795,8.22659],[79.7951,8.22655],[79.79516,8.2265],[79.79518,8.22644],[79.79517,8.2263],[79.79518,8.22615],[79.79522,8.226],[79.79525,8.22583],[79.79527,8.2257],[79.79527,8.2255],[79.79526,8.22535],[79.79524,8.22525],[79.79523,8.22511],[79.79522,8.22501],[79.79523,8.22493],[79.79527,8.22487],[79.79537,8.22482],[79.79556,8.22475],[79.79602,8.22455],[79.79625,8.22441],[79.79639,8.2243],[79.79654,8.22415],[79.79687,8.22382],[79.79703,8.22368],[79.79725,8.22355],[79.79744,8.22348],[79.79764,8.22342],[79.7978,8.22334],[79.79798,8.22321],[79.79827,8.22293],[79.79853,8.2227],[79.79867,8.22259],[79.79875,8.22247],[79.79876,8.22242],[79.79874,8.22236],[79.7987,8.22233],[79.79866,8.22233],[79.79858,8.22233],[79.79857,8.22231],[79.79856,8.22226],[79.79859,8.2222],[79.79867,8.22212],[79.79876,8.22207],[79.79894,8.22203],[79.79917,8.22202],[79.80035,8.22207],[79.80096,8.22211],[79.80133,8.22214],[79.80149,8.22219],[79.80159,8.22223],[79.80176,8.22228],[79.80195,8.22231],[79.8023,8.22239],[79.80257,8.2225],[79.80287,8.22261],[79.80306,8.22271],[79.80335,8.22295],[79.80351,8.22307],[79.80365,8.22321],[79.80373,8.22332],[79.80382,8.22347],[79.80386,8.22365],[79.80392,8.22377],[79.80403,8.22394],[79.80412,8.22403],[79.80421,8.22412],[79.80428,8.22419],[79.80431,8.22423],[79.80433,8.22428],[79.80436,8.22436],[79.80443,8.22445],[79.80452,8.22451],[79.80458,8.22455],[79.80462,8.22461],[79.80465,8.22467],[79.80468,8.2247],[79.80472,8.22471],[79.80476,8.22469],[79.80481,8.22465],[79.80482,8.22459],[79.80486,8.22453],[79.80491,8.22447],[79.80496,8.22445],[79.80499,8.22444],[79.80503,8.22447],[79.80507,8.22453],[79.80511,8.22456],[79.80515,8.22458],[79.8052,8.22456],[79.80524,8.22452],[79.80526,8.22447],[79.80526,8.22443],[79.80526,8.22438],[79.80528,8.22432],[79.80533,8.22429],[79.80541,8.22428],[79.80552,8.22428],[79.80566,8.22428],[79.80581,8.22427],[79.80599,8.2242],[79.80617,8.2241],[79.80632,8.22402],[79.8064,8.22399],[79.80648,8.22397],[79.80656,8.22398],[79.80662,8.22399],[79.80669,8.22399],[79.80673,8.22396],[79.80677,8.22386],[79.80683,8.22365],[79.80688,8.22344],[79.80693,8.22335],[79.80701,8.22326],[79.80711,8.22317],[79.8072,8.22312],[79.80727,8.22309],[79.80736,8.22307],[79.80743,8.22309],[79.80751,8.22312],[79.80757,8.22313],[79.80766,8.2231],[79.80778,8.22306],[79.80789,8.22305],[79.80803,8.22305],[79.80813,8.22303],[79.80824,8.22299],[79.80837,8.22293],[79.80859,8.22288],[79.80871,8.22285],[79.80877,8.22283],[79.80882,8.2228],[79.80888,8.22278],[79.80894,8.22281],[79.809,8.22284],[79.80906,8.22286],[79.8091,8.22285],[79.8092,8.22282],[79.80929,8.2228],[79.80946,8.2228],[79.8096,8.22278],[79.80972,8.22274],[79.80983,8.22271],[79.8099,8.22267],[79.81,8.22259],[79.81007,8.22254],[79.81013,8.22253],[79.81017,8.22254],[79.8102,8.22261],[79.81024,8.22269],[79.81031,8.22273],[79.81036,8.22276],[79.81039,8.22282],[79.81039,8.22289],[79.81036,8.22298],[79.81034,8.22308],[79.81034,8.22317],[79.81036,8.22323],[79.8104,8.22327],[79.81049,8.22333],[79.81055,8.22339],[79.81059,8.22344],[79.8106,8.22349],[79.81059,8.22358],[79.8106,8.22365],[79.81062,8.22372],[79.81066,8.22377],[79.81067,8.22386],[79.81068,8.22394],[79.81067,8.22402],[79.81065,8.22406],[79.81062,8.22409],[79.81057,8.22409],[79.81049,8.22409],[79.81039,8.22411],[79.81032,8.22413],[79.81026,8.22417],[79.81013,8.22437],[79.81005,8.2245],[79.80999,8.2246],[79.80994,8.22467],[79.80986,8.22471],[79.80982,8.2247],[79.80974,8.22468],[79.80963,8.22469],[79.80955,8.22474],[79.80948,8.2248],[79.80943,8.22488],[79.80937,8.22492],[79.80934,8.22503],[79.80931,8.22512],[79.80931,8.22523],[79.80926,8.22534],[79.80918,8.22545],[79.80906,8.22563],[79.80885,8.22584],[79.80872,8.22597],[79.80849,8.22613],[79.80836,8.22623],[79.80824,8.22632],[79.8082,8.2264],[79.80813,8.22647],[79.80801,8.22651],[79.80777,8.22655],[79.8075,8.22656],[79.80737,8.22652],[79.80728,8.22641],[79.80721,8.22627],[79.80717,8.22608],[79.80709,8.22583],[79.80696,8.22569],[79.80679,8.22563],[79.80669,8.22565],[79.80657,8.22574],[79.8065,8.22581],[79.80649,8.22592],[79.80654,8.22604],[79.80661,8.2261],[79.80666,8.22618],[79.80664,8.22626],[79.8066,8.2263],[79.80651,8.22635],[79.80644,8.22645],[79.80639,8.22656],[79.80636,8.22666],[79.80633,8.22679],[79.80625,8.22697],[79.8061,8.22724],[79.80602,8.22733],[79.80597,8.22736],[79.8059,8.22736],[79.80583,8.22734],[79.80576,8.22728],[79.80567,8.22723],[79.80557,8.22724],[79.80551,8.22729],[79.80547,8.2274],[79.80547,8.22746],[79.80551,8.22752],[79.80552,8.2276],[79.80547,8.22767],[79.80538,8.22771],[79.80529,8.22771],[79.80516,8.22775],[79.80502,8.22784],[79.80497,8.2279],[79.80497,8.22799],[79.80501,8.22807],[79.80508,8.22815],[79.8052,8.22821],[79.80532,8.22823],[79.8054,8.22823],[79.80545,8.22828],[79.80547,8.22838],[79.80547,8.22847],[79.80544,8.2286],[79.80537,8.22873],[79.80527,8.22889],[79.80503,8.22922],[79.80478,8.22956],[79.80451,8.22986],[79.80434,8.23004],[79.80405,8.23029],[79.80372,8.23057],[79.8034,8.23085],[79.80236,8.23166],[79.80182,8.232],[79.80129,8.23233],[79.8011,8.23245],[79.8002,8.23298],[79.79981,8.23315],[79.79955,8.23325],[79.79914,8.23336],[79.79895,8.2334],[79.79879,8.23343],[79.79838,8.23344],[79.79807,8.23344],[79.79777,8.2334],[79.79762,8.2334],[79.79749,8.23342],[79.79745,8.23343],[79.79739,8.2335],[79.79733,8.23357],[79.79728,8.23359],[79.79723,8.2336],[79.79716,8.23358],[79.79709,8.23354],[79.7969,8.23345],[79.79683,8.23345],[79.79679,8.23345],[79.79677,8.23348],[79.79678,8.23353],[79.7968,8.23356],[79.79685,8.23359],[79.79697,8.23364],[79.79717,8.23372],[79.79721,8.23376],[79.79721,8.23386],[79.7972,8.23396],[79.7971,8.23405],[79.79693,8.2341],[79.79665,8.2341],[79.79644,8.23409],[79.79633,8.23406],[79.7963,8.23401],[79.79631,8.23393],[79.79653,8.23346],[79.7966,8.23331],[79.79665,8.23324],[79.79672,8.23321],[79.79683,8.2332],[79.79693,8.23322],[79.79698,8.23326],[79.79706,8.23326],[79.79712,8.23321],[79.79719,8.2331],[79.7973,8.23295],[79.79735,8.23276],[79.79738,8.23263],[79.7974,8.23242],[79.79743,8.2323],[79.79745,8.23211],[79.79744,8.23188],[79.79738,8.23164],[79.79729,8.23145],[79.79724,8.23126],[79.79725,8.23116],[79.79726,8.23107],[79.79727,8.23095],[79.79719,8.23088],[79.79673,8.23056],[79.79653,8.23043],[79.79641,8.23038],[79.79631,8.23037],[79.79623,8.23039],[79.79613,8.23044],[79.79606,8.23048],[79.7959,8.23052],[79.79578,8.23056],[79.79564,8.23064],[79.79558,8.23066],[79.79552,8.23066],[79.79542,8.23066],[79.79523,8.23067],[79.79514,8.23071],[79.79503,8.23077],[79.79491,8.23084],[79.79475,8.23096],[79.79458,8.23106],[79.79427,8.23121],[79.79389,8.23138],[79.79351,8.23158],[79.79315,8.23178],[79.79287,8.23192],[79.79263,8.23202],[79.79245,8.23207],[79.79226,8.23212],[79.79212,8.23214],[79.79204,8.23212],[79.79201,8.23205],[79.79201,8.23198],[79.79201,8.23184],[79.79198,8.23178],[79.79187,8.23172],[79.79171,8.23163],[79.79165,8.23154],[79.79165,8.23141],[79.7917,8.2311],[79.79176,8.2309],[79.79179,8.2308],[79.79179,8.23067],[79.79181,8.2305],[79.79184,8.23041],[79.79193,8.23033],[79.79205,8.23023],[79.79208,8.23016],[79.79215,8.23009],[79.79225,8.23006],[79.79241,8.23007],[79.79252,8.23008],[79.79259,8.23007],[79.79266,8.23005],[79.79268,8.23001],[79.79269,8.22996],[79.79269,8.22991],[79.7927,8.22987],[79.79274,8.22984],[79.79282,8.22978],[79.79288,8.22975],[79.79292,8.22972],[79.79297,8.22969],[79.79301,8.22969],[79.79304,8.22969],[79.79308,8.22971],[79.79312,8.22974],[79.79314,8.22976],[79.79317,8.22976],[79.7932,8.22975],[79.79322,8.22972],[79.79322,8.22969],[79.79321,8.22964],[79.79322,8.22961],[79.79323,8.22956],[79.79323,8.22952],[79.7932,8.22949],[79.79316,8.22948],[79.79307,8.2295],[79.793,8.22951],[79.79287,8.22951],[79.79274,8.22954],[79.79264,8.22957],[79.79258,8.22957],[79.7925,8.22953],[79.79242,8.2295],[79.79232,8.22951],[79.79226,8.22954],[79.79219,8.22958],[79.79205,8.22967],[79.79193,8.22972],[79.79182,8.22978],[79.79167,8.22989],[79.79154,8.23],[79.79146,8.23008],[79.79141,8.23019],[79.79131,8.23035],[79.79118,8.23057],[79.79108,8.23069],[79.79099,8.23077],[79.79089,8.23081],[79.79081,8.2309],[79.79078,8.23096],[79.79078,8.231],[79.79077,8.23108],[79.79073,8.23116],[79.79067,8.23124],[79.79065,8.23131],[79.79069,8.23139],[79.79074,8.23147],[79.79075,8.23153],[79.79074,8.23159],[79.79069,8.23165],[79.79059,8.23175],[79.79025,8.23214],[79.79003,8.2324],[79.78991,8.23252],[79.7898,8.23259],[79.78975,8.23267],[79.78966,8.23281],[79.7896,8.23295],[79.78959,8.23304],[79.7896,8.2331],[79.7896,8.23314],[79.78957,8.2332],[79.78955,8.23327],[79.78954,8.23335],[79.78955,8.23341],[79.78955,8.23349],[79.78955,8.2336],[79.78958,8.23366],[79.78961,8.2337],[79.78965,8.23371],[79.78969,8.2337],[79.78977,8.23368],[79.78986,8.23364],[79.79,8.23362],[79.79012,8.2336],[79.79024,8.2336],[79.79035,8.23361],[79.79044,8.23367],[79.79054,8.23373],[79.7907,8.2338],[79.79079,8.23384],[79.79086,8.23387],[79.79094,8.23387],[79.79102,8.23385],[79.79108,8.23383],[79.79115,8.23383],[79.79123,8.23385],[79.79134,8.23387],[79.79147,8.23388],[79.79177,8.23389],[79.79186,8.23387],[79.79196,8.23387],[79.79204,8.23388],[79.79211,8.2339],[79.79218,8.23391],[79.79226,8.23391],[79.79235,8.23389],[79.79247,8.23387],[79.79262,8.23386],[79.7929,8.23388],[79.79297,8.23389],[79.79303,8.23389],[79.79314,8.23388],[79.79319,8.23389],[79.79324,8.23391],[79.79329,8.23392],[79.79333,8.23394],[79.79338,8.23394],[79.79341,8.23392],[79.79346,8.23389],[79.79352,8.23388],[79.79359,8.23388],[79.7938,8.23389],[79.79395,8.23391],[79.79405,8.23391],[79.79415,8.23393],[79.79423,8.23396],[79.79431,8.234],[79.79441,8.23404],[79.79451,8.23407],[79.79464,8.23409],[79.79474,8.23413],[79.79484,8.23417],[79.79493,8.2342],[79.79505,8.23422],[79.79518,8.23424],[79.79527,8.23426],[79.79533,8.2343],[79.79541,8.23437],[79.79544,8.23441],[79.79549,8.23445],[79.79559,8.23448],[79.79566,8.23448],[79.79573,8.2345],[79.79581,8.23453],[79.79591,8.23455],[79.79612,8.23457],[79.79636,8.23463],[79.79647,8.23467],[79.79653,8.23469],[79.7966,8.23474],[79.79665,8.23478],[79.79674,8.23482],[79.79694,8.23489],[79.79704,8.23492],[79.79711,8.23495],[79.79716,8.23498],[79.79722,8.235],[79.79727,8.23502],[79.79736,8.23503],[79.79751,8.23507],[79.79775,8.23514],[79.798,8.2352],[79.79815,8.23522],[79.79834,8.23523],[79.79868,8.23523],[79.79884,8.23525],[79.79893,8.23526],[79.799,8.23529],[79.79905,8.23534],[79.79908,8.2354],[79.79911,8.23542],[79.79917,8.23542],[79.79927,8.23541],[79.79934,8.23541],[79.79943,8.23542],[79.79949,8.23544],[79.79952,8.23544],[79.79957,8.23543],[79.79964,8.23541],[79.79972,8.23539],[79.7999,8.23542],[79.80006,8.23543],[79.80028,8.23542],[79.80044,8.23542],[79.80067,8.23544],[79.80079,8.23546],[79.801,8.23547],[79.80123,8.23548],[79.80169,8.23549],[79.80243,8.23553],[79.8028,8.23558],[79.80304,8.23564],[79.80317,8.23568],[79.80338,8.23567],[79.80351,8.23568],[79.8037,8.23567],[79.80391,8.23567],[79.80422,8.23572],[79.80506,8.23587],[79.80556,8.23594],[79.80603,8.23602],[79.80648,8.23614],[79.80675,8.23623],[79.80715,8.23641],[79.8077,8.23669],[79.80803,8.23685],[79.8082,8.23692],[79.80836,8.23701],[79.80848,8.23709],[79.80861,8.23715],[79.80878,8.23722],[79.80891,8.23729],[79.80914,8.23743],[79.80947,8.23766],[79.8097,8.23782],[79.80988,8.23796],[79.81,8.23808],[79.81016,8.23828],[79.81027,8.23845],[79.81035,8.2386],[79.8104,8.23874],[79.81047,8.23896],[79.81055,8.23934],[79.81057,8.23946],[79.81058,8.23955],[79.81058,8.23962],[79.8106,8.23971],[79.81063,8.23988],[79.81068,8.24025],[79.81068,8.24046],[79.81066,8.24059],[79.81064,8.24076],[79.81063,8.24092],[79.81065,8.241],[79.81067,8.24106],[79.8107,8.24113],[79.81071,8.24121],[79.8107,8.24133],[79.81068,8.24147],[79.81066,8.24169],[79.81066,8.24183],[79.81068,8.24196],[79.81072,8.2421],[79.81076,8.24221],[79.81081,8.24236],[79.81085,8.24245],[79.81091,8.24256],[79.81098,8.2427],[79.81103,8.24282],[79.8111,8.24314],[79.81113,8.2433],[79.81113,8.24345],[79.81113,8.24356],[79.8111,8.2437],[79.81106,8.24385],[79.81105,8.24397],[79.81108,8.24414],[79.81111,8.2443],[79.81119,8.24453],[79.81123,8.24466],[79.81125,8.24476],[79.81126,8.24485],[79.81127,8.24497],[79.81132,8.24508],[79.81139,8.24523],[79.81154,8.24552],[79.81174,8.24584],[79.81182,8.24598],[79.81184,8.24605],[79.81187,8.24614],[79.8119,8.24632],[79.81192,8.24641],[79.81196,8.24648],[79.81202,8.24657],[79.81216,8.24678],[79.81236,8.24707],[79.81252,8.24734],[79.81258,8.24745],[79.81261,8.24756],[79.81262,8.24766],[79.81261,8.24776],[79.81257,8.2479],[79.81252,8.24809],[79.81251,8.24832],[79.81252,8.24842],[79.81254,8.24852],[79.81257,8.24863],[79.81259,8.24873],[79.81259,8.24884],[79.81259,8.24908],[79.81259,8.24921],[79.81261,8.24933],[79.81263,8.2494],[79.81268,8.24946],[79.81273,8.24954],[79.81277,8.24963],[79.81287,8.2499],[79.81299,8.25024],[79.81301,8.25031],[79.81301,8.25042],[79.81302,8.2505],[79.81304,8.25063],[79.81306,8.25076],[79.81308,8.2509],[79.81311,8.25136],[79.81311,8.25146],[79.81308,8.25153],[79.81301,8.25162],[79.81293,8.25172],[79.8129,8.25183],[79.8129,8.25195],[79.81292,8.25204],[79.81296,8.25211],[79.81301,8.25218],[79.81315,8.25229],[79.81327,8.25237],[79.81335,8.25245],[79.81339,8.25253],[79.81339,8.25258],[79.81336,8.25264],[79.81333,8.25276],[79.81332,8.25289],[79.81333,8.25298],[79.81335,8.25305],[79.81341,8.25313],[79.8135,8.25321],[79.81359,8.25326],[79.8137,8.25331],[79.81379,8.25334],[79.81389,8.25339],[79.81398,8.25346],[79.81404,8.25353],[79.81408,8.2536],[79.8141,8.25365],[79.81415,8.25379],[79.8142,8.25391],[79.81427,8.25407],[79.81443,8.2544],[79.81448,8.2545],[79.81454,8.25464],[79.81462,8.2549],[79.81471,8.25518],[79.81479,8.25551],[79.81483,8.25569],[79.81486,8.25588],[79.81491,8.25602],[79.81499,8.25621],[79.81508,8.25641],[79.81525,8.25681],[79.81535,8.25715],[79.81541,8.2574],[79.81543,8.25754],[79.81543,8.2577],[79.81541,8.25784],[79.81541,8.25789],[79.81541,8.25794],[79.81543,8.25804],[79.81545,8.25814],[79.81544,8.25819],[79.81542,8.25826],[79.81541,8.2583],[79.81541,8.25833],[79.81542,8.25843],[79.81542,8.25855],[79.81541,8.25862],[79.81539,8.25868],[79.81534,8.25875],[79.81529,8.25886],[79.81523,8.25896],[79.8152,8.25905],[79.8152,8.25912],[79.81521,8.25921],[79.81525,8.25928],[79.81534,8.25939],[79.8154,8.25945],[79.81545,8.25952],[79.8155,8.2596],[79.81552,8.25966],[79.81555,8.25982],[79.81558,8.25995],[79.81562,8.26007],[79.81566,8.26022],[79.81572,8.26041],[79.81577,8.26057],[79.81579,8.26074],[79.81579,8.26084],[79.81577,8.2609],[79.81573,8.26095],[79.81568,8.26106],[79.81565,8.2612],[79.81565,8.26134],[79.81566,8.26145],[79.8157,8.26159],[79.81577,8.26173],[79.81583,8.2618],[79.81589,8.26185],[79.81595,8.26187],[79.81604,8.26191],[79.81616,8.26197],[79.81622,8.26206],[79.81626,8.26219],[79.81629,8.26228],[79.81632,8.26236],[79.81636,8.26242],[79.81639,8.26249],[79.81642,8.26258],[79.81644,8.26274],[79.81647,8.26282],[79.81651,8.26293],[79.81655,8.26303],[79.81658,8.26318],[79.81661,8.26337],[79.81664,8.26352],[79.81668,8.26369],[79.81671,8.26392],[79.81672,8.26412],[79.81674,8.26429],[79.81676,8.26449],[79.81678,8.26458],[79.81682,8.26467],[79.81684,8.26473],[79.81687,8.26485],[79.81697,8.26548],[79.81699,8.26588],[79.81699,8.26603],[79.817,8.2661],[79.81703,8.26622],[79.81708,8.26644],[79.8171,8.26652],[79.8171,8.2666],[79.8171,8.26671],[79.81713,8.26682],[79.81717,8.26695],[79.81716,8.26705],[79.81713,8.26716],[79.81708,8.26725],[79.81705,8.26735],[79.81703,8.26749],[79.81699,8.26768],[79.81698,8.26772],[79.81698,8.26778],[79.81699,8.26784],[79.817,8.26793],[79.81697,8.26798],[79.81692,8.26802],[79.81685,8.26804],[79.81676,8.26806],[79.81672,8.26809],[79.81667,8.26814],[79.81661,8.26822],[79.81656,8.26828],[79.81653,8.26833],[79.81652,8.2684],[79.81654,8.26849],[79.81662,8.26856],[79.81672,8.26861],[79.81681,8.26866],[79.81689,8.26866],[79.81697,8.26864],[79.81709,8.26862],[79.81715,8.26859],[79.81719,8.2685],[79.81722,8.26837],[79.81725,8.26824],[79.81726,8.26815],[79.81725,8.2681],[79.81722,8.26807],[79.8172,8.26806],[79.81715,8.26804],[79.81713,8.26803],[79.81712,8.26801],[79.8171,8.26798],[79.81707,8.26796],[79.81705,8.26795],[79.81705,8.26791],[79.81707,8.26786],[79.81711,8.26783],[79.81718,8.26781],[79.81725,8.26781],[79.81736,8.26781],[79.81748,8.26781],[79.81756,8.26783],[79.81763,8.26788],[79.81765,8.26794],[79.81767,8.26802],[79.81771,8.26822],[79.81777,8.26854],[79.81782,8.26863],[79.81787,8.26872],[79.81796,8.26882],[79.81802,8.26889],[79.8181,8.26901],[79.81822,8.26929],[79.81827,8.26945],[79.81842,8.26993],[79.81849,8.27019],[79.81851,8.27032],[79.8185,8.27042],[79.81848,8.2705],[79.81848,8.27058],[79.81848,8.27068],[79.81853,8.27108],[79.81855,8.27151],[79.81857,8.2716],[79.81862,8.27171],[79.81874,8.27192],[79.81881,8.27202],[79.81885,8.27212],[79.81889,8.27226],[79.81891,8.27245],[79.81894,8.27262],[79.81898,8.27272],[79.81903,8.27281],[79.81909,8.27289],[79.8192,8.27309],[79.81925,8.27319],[79.81931,8.27325],[79.81941,8.2733],[79.81949,8.27338],[79.81957,8.2735],[79.81961,8.27356],[79.81962,8.27363],[79.81963,8.27372],[79.81965,8.27386],[79.81965,8.27395],[79.8197,8.27402],[79.8198,8.2741],[79.81987,8.27417],[79.81992,8.27422],[79.81999,8.27434],[79.82007,8.27451],[79.82011,8.27462],[79.82017,8.27481],[79.82021,8.2749],[79.8203,8.27501],[79.82047,8.27522],[79.82055,8.27533],[79.82062,8.2754],[79.82068,8.27547],[79.82087,8.27574],[79.82096,8.27587],[79.82123,8.27622],[79.82131,8.27634],[79.82138,8.27643],[79.82151,8.27663],[79.82155,8.27675],[79.82156,8.27682],[79.82156,8.27688],[79.82155,8.27696],[79.82154,8.27701],[79.82155,8.27705],[79.82157,8.27709],[79.82158,8.27713],[79.82159,8.27717],[79.82159,8.27722],[79.82157,8.27732],[79.82156,8.27746],[79.82157,8.27757],[79.82161,8.27769],[79.82168,8.27787],[79.82178,8.27807],[79.82194,8.27829],[79.82222,8.27873],[79.82231,8.27887],[79.82249,8.27909],[79.82292,8.27962],[79.8231,8.27989],[79.82315,8.28002],[79.82319,8.28019],[79.82322,8.28044],[79.82321,8.28068],[79.82319,8.28088],[79.8232,8.28102],[79.82326,8.28119],[79.8233,8.2813],[79.82334,8.28143],[79.82342,8.28182],[79.82357,8.28238],[79.8238,8.28294],[79.82391,8.28311],[79.82399,8.28319],[79.82422,8.28333],[79.82455,8.28352],[79.82473,8.28364],[79.82483,8.28374],[79.82495,8.28389],[79.82521,8.28426],[79.82593,8.2852],[79.82626,8.28562],[79.82637,8.28576],[79.82653,8.28596],[79.82692,8.28648],[79.82726,8.287],[79.8274,8.28719],[79.82752,8.2873],[79.82771,8.28748],[79.82817,8.28789],[79.82895,8.28841],[79.82995,8.2889],[79.83058,8.28918],[79.83132,8.28944],[79.83214,8.28986],[79.83301,8.29034],[79.83335,8.29082],[79.8336,8.2914],[79.83363,8.29194],[79.8336,8.29261],[79.83346,8.29317],[79.83339,8.29368],[79.83342,8.29432],[79.83348,8.295],[79.83355,8.2956],[79.83307,8.29825],[79.83281,8.30009],[79.83261,8.30118],[79.8325,8.30178],[79.8325,8.30212],[79.83253,8.30227],[79.83265,8.30234],[79.83274,8.30233],[79.83281,8.30229],[79.83283,8.3021],[79.83288,8.30203],[79.83298,8.30194],[79.83388,8.30117],[79.83422,8.301],[79.83538,8.30076],[79.83579,8.30078],[79.83628,8.30091],[79.83667,8.30124],[79.83683,8.30159],[79.83682,8.30179],[79.83673,8.30202],[79.83656,8.30226],[79.8365,8.30248],[79.83651,8.3027],[79.83657,8.30287],[79.83666,8.30299],[79.83673,8.3032],[79.83682,8.30335],[79.83682,8.30343],[79.83678,8.30361],[79.83662,8.30383],[79.83637,8.30416],[79.83617,8.30451],[79.83602,8.3047],[79.83589,8.3048],[79.83565,8.3049],[79.83547,8.30502],[79.83537,8.30513],[79.83531,8.30526],[79.83524,8.30541],[79.83516,8.30562],[79.83505,8.30598],[79.83501,8.30612],[79.83503,8.30625],[79.8351,8.30642],[79.83517,8.30661],[79.83521,8.30694],[79.83521,8.30739],[79.83519,8.3076],[79.83516,8.30775],[79.83511,8.30786],[79.83507,8.30798],[79.83505,8.30816],[79.83504,8.30829],[79.835,8.3085],[79.83495,8.30873],[79.83493,8.30892],[79.83498,8.30908],[79.83507,8.30928],[79.83518,8.30945],[79.83528,8.30952],[79.8354,8.30955],[79.8355,8.30956],[79.83563,8.30951],[79.83574,8.30943],[79.83586,8.3094],[79.83604,8.30942],[79.83613,8.30946],[79.83625,8.30954],[79.83638,8.30965],[79.8366,8.30992],[79.83696,8.31038],[79.83721,8.31085],[79.83739,8.31127],[79.83748,8.31159],[79.83751,8.3118],[79.83751,8.312],[79.83749,8.31222],[79.83746,8.31246],[79.83747,8.31266],[79.83748,8.3129],[79.83746,8.31309],[79.83743,8.31325],[79.83738,8.31344],[79.83731,8.31364],[79.83724,8.31391],[79.8371,8.31433],[79.83698,8.31468],[79.83688,8.31491],[79.83682,8.31505],[79.83668,8.31528],[79.83658,8.31546],[79.83631,8.31604],[79.83616,8.31635],[79.83606,8.31655],[79.83595,8.31683],[79.83584,8.31711],[79.83576,8.31732],[79.83569,8.3175],[79.83558,8.31771],[79.8354,8.31798],[79.83519,8.31831],[79.83475,8.31917],[79.83463,8.31939],[79.83451,8.31955],[79.83438,8.31965],[79.83422,8.31971],[79.83396,8.31977],[79.83373,8.3198],[79.83363,8.31982],[79.83357,8.31988],[79.83356,8.31999],[79.83361,8.32025],[79.83361,8.32053],[79.83361,8.32081],[79.83355,8.32117],[79.83352,8.32137],[79.83349,8.32149],[79.83344,8.32162],[79.83337,8.32171],[79.83319,8.32187],[79.83304,8.32207],[79.83285,8.32243],[79.83278,8.32258],[79.83275,8.32278],[79.83272,8.32297],[79.83266,8.32318],[79.83251,8.32378],[79.83242,8.32416],[79.83242,8.32438],[79.83245,8.32454],[79.83252,8.3247],[79.8326,8.32482],[79.83292,8.32512],[79.8332,8.32541],[79.83346,8.32572],[79.8336,8.32593],[79.83372,8.32615],[79.83375,8.32629],[79.83375,8.3264],[79.83371,8.32661],[79.83368,8.32675],[79.83368,8.32687],[79.8337,8.32695],[79.83373,8.32702],[79.83386,8.32712],[79.83397,8.3272],[79.83421,8.32733],[79.83446,8.3275],[79.8347,8.32772],[79.83517,8.32814],[79.83584,8.32884],[79.83606,8.32911],[79.83612,8.32924],[79.83613,8.32944],[79.83613,8.32961],[79.83614,8.32979],[79.8362,8.32999],[79.83645,8.33065],[79.83655,8.33089],[79.83666,8.33106],[79.83685,8.33127],[79.83719,8.33156],[79.83747,8.33193],[79.83787,8.33253],[79.83822,8.33297],[79.83839,8.33323],[79.83856,8.33355],[79.83864,8.33374],[79.83866,8.33386],[79.83869,8.33396],[79.83874,8.334],[79.8388,8.334],[79.8389,8.33392],[79.83889,8.33379],[79.83887,8.33366],[79.83887,8.33346],[79.83884,8.33331],[79.83877,8.33305],[79.83871,8.33287],[79.83861,8.33273],[79.83853,8.33257],[79.83849,8.33238],[79.83853,8.33221],[79.83866,8.33206],[79.83882,8.33201],[79.83897,8.33205],[79.83912,8.33219],[79.83923,8.33236],[79.83931,8.33252],[79.8394,8.33262],[79.83946,8.33272],[79.83949,8.33281],[79.8395,8.33293],[79.8395,8.33323],[79.83951,8.3335],[79.83951,8.33365],[79.8395,8.33385],[79.83949,8.33394],[79.83951,8.33411],[79.83956,8.33433],[79.83956,8.33465],[79.83953,8.33503],[79.83951,8.33524],[79.83946,8.33548],[79.83941,8.33559],[79.83932,8.33575],[79.83919,8.33608],[79.83911,8.33631],[79.83904,8.3364],[79.83899,8.33652],[79.83896,8.33658],[79.83895,8.33667],[79.83893,8.33677],[79.83888,8.33697],[79.83875,8.33721],[79.83855,8.33752],[79.83821,8.33795],[79.83789,8.33833],[79.83769,8.33852],[79.8374,8.33875],[79.8372,8.33884],[79.83717,8.33889],[79.83717,8.33896],[79.8372,8.33904],[79.83726,8.33915],[79.83736,8.33931],[79.8375,8.33955],[79.8376,8.33986],[79.83761,8.34001],[79.83759,8.34018],[79.83756,8.34034],[79.83747,8.34055],[79.83737,8.34075],[79.83725,8.34102],[79.83723,8.34121],[79.83724,8.34141],[79.83731,8.34171],[79.83741,8.342],[79.83748,8.34217],[79.83756,8.34231],[79.83782,8.34275],[79.83792,8.34293],[79.83794,8.34304],[79.83798,8.34318],[79.83802,8.34334],[79.83812,8.34357],[79.83879,8.34502],[79.83915,8.34575],[79.83944,8.34612],[79.83965,8.34635],[79.8399,8.3465],[79.84012,8.34661],[79.84083,8.34689],[79.8415,8.34726],[79.84198,8.34754],[79.84227,8.34774],[79.84264,8.3481],[79.84317,8.34875],[79.84361,8.34934],[79.84374,8.3495],[79.84391,8.34959],[79.844,8.34964],[79.8444,8.34982],[79.84485,8.34997],[79.84506,8.35006],[79.84537,8.35026],[79.84565,8.35048],[79.84612,8.35093],[79.8462,8.35106],[79.84623,8.35121],[79.84625,8.35141],[79.84626,8.35202],[79.8463,8.35239],[79.8463,8.35268],[79.84627,8.35289],[79.84622,8.35305],[79.84614,8.35321],[79.84607,8.35333],[79.84594,8.35347],[79.84582,8.35367],[79.84571,8.35387],[79.84564,8.35411],[79.84548,8.35486],[79.84539,8.35521],[79.84527,8.35546],[79.84523,8.35558],[79.84524,8.35574],[79.84526,8.35603],[79.84529,8.35635],[79.84536,8.35681],[79.84538,8.35714],[79.84541,8.3574],[79.8454,8.35757],[79.84536,8.35785],[79.84533,8.35801],[79.84535,8.35815],[79.84537,8.35834],[79.84534,8.35857],[79.84528,8.3588],[79.84509,8.35961],[79.84494,8.36036],[79.84484,8.36096],[79.84481,8.36119],[79.84483,8.3613],[79.84491,8.36138],[79.845,8.36144],[79.84507,8.3615],[79.84513,8.36165],[79.84515,8.36175],[79.84515,8.36194],[79.84515,8.36217],[79.8452,8.36234],[79.84527,8.36261],[79.84534,8.36289],[79.84542,8.36312],[79.84542,8.36331],[79.84539,8.36344],[79.8453,8.36369],[79.84522,8.36392],[79.84512,8.36416],[79.84507,8.36433],[79.84504,8.36454],[79.84501,8.36484],[79.84502,8.36505],[79.84505,8.36525],[79.84507,8.36542],[79.84506,8.36575],[79.84504,8.3664],[79.845,8.3668],[79.84494,8.36715],[79.84494,8.36726],[79.84496,8.36744],[79.845,8.36758],[79.84503,8.36773],[79.84503,8.36792],[79.84505,8.36853],[79.84507,8.36878],[79.8451,8.36899],[79.8451,8.36935],[79.8451,8.36977],[79.84506,8.37053],[79.84499,8.37097],[79.84488,8.37124],[79.84481,8.37138],[79.84479,8.37157],[79.8448,8.37167],[79.84487,8.37198],[79.84486,8.37216],[79.84477,8.37244],[79.84474,8.37256],[79.84476,8.37275],[79.84481,8.37293],[79.84481,8.37303],[79.84481,8.37319],[79.84478,8.37343],[79.84474,8.37376],[79.84475,8.37395],[79.84477,8.37413],[79.84482,8.37433],[79.84485,8.37459],[79.84485,8.37482],[79.84486,8.37504],[79.84493,8.3754],[79.84495,8.3756],[79.84494,8.37587],[79.84485,8.3765],[79.84483,8.37663],[79.84485,8.37679],[79.84489,8.37701],[79.84494,8.37725],[79.84497,8.37735],[79.84496,8.37746],[79.8449,8.37758],[79.84481,8.3777],[79.84475,8.3778],[79.84474,8.37792],[79.84479,8.37842],[79.84482,8.37869],[79.84487,8.37887],[79.84501,8.37917],[79.84513,8.37952],[79.84521,8.37974],[79.8453,8.37989],[79.84537,8.38],[79.84543,8.38021],[79.84545,8.38038],[79.84545,8.3806],[79.84544,8.38089],[79.84544,8.38142],[79.8454,8.3817],[79.84536,8.38188],[79.84521,8.38222],[79.84503,8.38274],[79.84492,8.38308],[79.84485,8.38349],[79.84482,8.3839],[79.8448,8.38417],[79.84479,8.38435],[79.84477,8.38456],[79.84474,8.38474],[79.84474,8.38508],[79.84473,8.38531],[79.84474,8.38548],[79.84482,8.38576],[79.84492,8.38604],[79.84497,8.38627],[79.84498,8.3866],[79.84498,8.38687],[79.845,8.38708],[79.84505,8.38724],[79.84522,8.38804],[79.84527,8.38838],[79.84531,8.38866],[79.84537,8.38894],[79.84542,8.38916],[79.84549,8.38953],[79.84549,8.38977],[79.84555,8.38989],[79.84567,8.39001],[79.84578,8.39013],[79.84584,8.39026],[79.84588,8.39043],[79.84588,8.39059],[79.84588,8.39084],[79.84592,8.39127],[79.84594,8.3915],[79.84598,8.39165],[79.84602,8.39181],[79.84604,8.39203],[79.84602,8.39226],[79.84596,8.39249],[79.84572,8.39324],[79.84551,8.39382],[79.84546,8.394],[79.84544,8.39414],[79.8454,8.39443],[79.84534,8.39464],[79.84526,8.39484],[79.84509,8.39508],[79.84494,8.39532],[79.84488,8.39547],[79.84488,8.39564],[79.84485,8.39605],[79.84479,8.39663],[79.84479,8.39686],[79.84483,8.39708],[79.84489,8.39725],[79.84489,8.39751],[79.84486,8.39781],[79.84481,8.398],[79.84472,8.39818],[79.84461,8.39841],[79.84456,8.39859],[79.84456,8.39877],[79.84456,8.39901],[79.84453,8.3993],[79.8445,8.39967],[79.84447,8.40011],[79.84445,8.40034],[79.84448,8.40069],[79.84448,8.401],[79.84448,8.40124],[79.84447,8.40148],[79.8444,8.4019],[79.84438,8.40204],[79.84441,8.40215],[79.84447,8.4023],[79.84456,8.40248],[79.84464,8.40266],[79.84469,8.40297],[79.84468,8.4032],[79.84465,8.40337],[79.84455,8.40361],[79.84444,8.40381],[79.84441,8.40389],[79.84439,8.40403],[79.84431,8.40462],[79.84428,8.40495],[79.84426,8.40517],[79.84428,8.4054],[79.84432,8.40568],[79.84437,8.40592],[79.84439,8.40609],[79.84438,8.40631],[79.84437,8.40658],[79.8443,8.40696],[79.84424,8.40731],[79.84415,8.4078],[79.84411,8.40814],[79.84408,8.40875],[79.84409,8.40892],[79.84414,8.40909],[79.84415,8.40926],[79.84413,8.40949],[79.84404,8.40973],[79.84402,8.40985],[79.84402,8.40995],[79.84406,8.41009],[79.84408,8.41025],[79.84408,8.41038],[79.84408,8.41054],[79.84411,8.41069],[79.84416,8.41089],[79.84418,8.41125],[79.8442,8.41154],[79.84422,8.41172],[79.84427,8.41185],[79.84431,8.41203],[79.84431,8.41224],[79.84426,8.41245],[79.84416,8.41264],[79.84396,8.41293],[79.84383,8.41318],[79.84369,8.41355],[79.84364,8.41374],[79.84363,8.41391],[79.84363,8.41413],[79.84362,8.41428],[79.84356,8.41448],[79.84345,8.41471],[79.8433,8.41499],[79.84325,8.4151],[79.84323,8.41525],[79.84322,8.41538],[79.84321,8.41553],[79.84317,8.41571],[79.8431,8.41597],[79.84294,8.41628],[79.84283,8.41645],[79.84282,8.41655],[79.84283,8.4167],[79.84282,8.41694],[79.84277,8.41746],[79.84277,8.41765],[79.8428,8.41779],[79.84285,8.41805],[79.8429,8.41831],[79.84296,8.41853],[79.84298,8.4187],[79.84298,8.41883],[79.84295,8.4191],[79.84292,8.41932],[79.84292,8.41948],[79.84293,8.41965],[79.84291,8.41993],[79.84291,8.42047],[79.84292,8.4211],[79.84295,8.42125],[79.843,8.42141],[79.84305,8.42156],[79.84308,8.42168],[79.84308,8.42181],[79.84304,8.42193],[79.84299,8.42206],[79.84299,8.42217],[79.84301,8.42226],[79.84305,8.4224],[79.8431,8.42259],[79.84315,8.42281],[79.84317,8.42297],[79.84317,8.42314],[79.84317,8.42329],[79.8432,8.42339],[79.84327,8.4235],[79.8434,8.42368],[79.8436,8.42403],[79.84372,8.42425],[79.8438,8.42443],[79.84388,8.42463],[79.844,8.42506],[79.84408,8.42542],[79.84411,8.42568],[79.84415,8.42581],[79.84423,8.42593],[79.84434,8.42603],[79.84448,8.42614],[79.84457,8.42625],[79.84468,8.42649],[79.84477,8.42669],[79.84485,8.42696],[79.84492,8.42725],[79.84494,8.42745],[79.84494,8.42774],[79.84492,8.4283],[79.84486,8.42872],[79.84479,8.4289],[79.84466,8.42911],[79.84459,8.4293],[79.84459,8.42945],[79.84463,8.42962],[79.84468,8.42973],[79.8448,8.42998],[79.84496,8.43042],[79.84517,8.43114],[79.84544,8.43189],[79.84575,8.43265],[79.84599,8.43336],[79.84629,8.43432],[79.84641,8.43474],[79.84649,8.43496],[79.84659,8.43512],[79.84669,8.43531],[79.8468,8.43558],[79.847,8.43613],[79.84712,8.43638],[79.84737,8.43683],[79.84751,8.43721],[79.8476,8.43744],[79.84764,8.43763],[79.84764,8.43778],[79.84761,8.43795],[79.84744,8.43858],[79.84733,8.4391],[79.84731,8.43935],[79.84734,8.43956],[79.84739,8.43983],[79.84749,8.4405],[79.84752,8.4407],[79.84762,8.44096],[79.84769,8.4411],[79.84776,8.44117],[79.84785,8.44119],[79.84793,8.44115],[79.84792,8.44106],[79.84786,8.44097],[79.8478,8.4409],[79.84772,8.44081],[79.84768,8.44074],[79.84768,8.44066],[79.84772,8.44062],[79.84789,8.44064],[79.84863,8.44092],[79.84961,8.44111],[79.85122,8.44146],[79.85172,8.44161],[79.85211,8.4418],[79.85229,8.44186],[79.85243,8.44188],[79.85253,8.44192],[79.85269,8.44205],[79.85281,8.44216],[79.85292,8.44222],[79.85302,8.44224],[79.85316,8.44222],[79.85329,8.44221],[79.85343,8.44222],[79.85356,8.44228],[79.85393,8.44254],[79.85417,8.44265],[79.85432,8.4427],[79.85452,8.44281],[79.85485,8.44301],[79.85522,8.44324],[79.85565,8.44357],[79.856,8.44392],[79.85624,8.44415],[79.85643,8.44437],[79.85682,8.44484],[79.85699,8.44501],[79.85738,8.44539],[79.85752,8.4455],[79.85775,8.44561],[79.85796,8.44571],[79.8581,8.44581],[79.85817,8.4459],[79.85822,8.44605],[79.85826,8.44621],[79.85829,8.4463],[79.8584,8.4464],[79.85857,8.44649],[79.85898,8.4467],[79.85977,8.44713],[79.86022,8.44735],[79.86042,8.44742],[79.86063,8.4475],[79.86093,8.44769],[79.86125,8.44796],[79.86144,8.44811],[79.86186,8.44846],[79.86215,8.44876],[79.86247,8.44919],[79.86262,8.44951],[79.86268,8.44959],[79.86282,8.44972],[79.8631,8.45001],[79.86347,8.45043],[79.86383,8.45087],[79.86394,8.4511],[79.86406,8.45131],[79.86415,8.45145],[79.86419,8.45154],[79.86441,8.45197],[79.86448,8.45212],[79.86454,8.45224],[79.86456,8.45232],[79.86459,8.45253],[79.86461,8.45266],[79.86466,8.45292],[79.86472,8.45349],[79.86474,8.45374],[79.86471,8.45408],[79.86469,8.45437],[79.86469,8.45461],[79.86465,8.45507],[79.86457,8.4558],[79.86451,8.45624],[79.86449,8.4565],[79.86449,8.45665],[79.8645,8.45675],[79.86452,8.45685],[79.86455,8.45692],[79.86457,8.457],[79.86458,8.4571],[79.86456,8.45726],[79.86453,8.45749],[79.8645,8.45767],[79.86448,8.45785],[79.86446,8.45804],[79.86444,8.45819],[79.86438,8.45854],[79.86422,8.45928],[79.86408,8.45996],[79.86389,8.46077],[79.86381,8.46113],[79.86375,8.46145],[79.86368,8.46176],[79.86363,8.46192],[79.86361,8.46202],[79.8636,8.46217],[79.8636,8.46231],[79.86358,8.46241],[79.86355,8.46252],[79.86351,8.46265],[79.8634,8.46304],[79.8633,8.46331],[79.8632,8.46358],[79.86302,8.4639],[79.86291,8.4641],[79.86288,8.46423],[79.86287,8.46434],[79.86284,8.46448],[79.86281,8.46458],[79.86273,8.46481],[79.86271,8.4649],[79.86271,8.46501],[79.86272,8.46512],[79.86273,8.46527],[79.86274,8.46538],[79.86271,8.46552],[79.86266,8.46569],[79.86256,8.46599],[79.86247,8.46629],[79.86243,8.46643],[79.86242,8.46652],[79.86243,8.46661],[79.86245,8.46673],[79.86246,8.46688],[79.86246,8.46706],[79.86246,8.46718],[79.86244,8.46729],[79.86243,8.46756],[79.86242,8.46783],[79.8624,8.4681],[79.86237,8.46831],[79.86231,8.46866],[79.86227,8.46891],[79.86223,8.4691],[79.86219,8.46922],[79.86219,8.46933],[79.8622,8.46944],[79.86222,8.46955],[79.86223,8.46969],[79.86223,8.47002],[79.86224,8.47023],[79.86229,8.47051],[79.86231,8.47061],[79.86236,8.47068],[79.86242,8.47076],[79.86244,8.47083],[79.86245,8.47091],[79.86246,8.471],[79.86247,8.4712],[79.86248,8.47134],[79.8625,8.47146],[79.86252,8.47153],[79.86254,8.47163],[79.86254,8.47172],[79.86253,8.47182],[79.86253,8.47192],[79.86255,8.47202],[79.86257,8.47207],[79.86261,8.47218],[79.86263,8.4723],[79.86263,8.47241],[79.86261,8.47253],[79.86259,8.47267],[79.86254,8.47281],[79.86241,8.47306],[79.86219,8.47341],[79.86205,8.47359],[79.86202,8.47365],[79.862,8.47372],[79.862,8.47382],[79.862,8.47395],[79.86198,8.47406],[79.86196,8.47418],[79.8619,8.47437],[79.86187,8.47456],[79.86187,8.47478],[79.86189,8.47487],[79.86193,8.47496],[79.86201,8.47507],[79.86206,8.47515],[79.86209,8.47524],[79.86211,8.47535],[79.86212,8.47549],[79.86213,8.47562],[79.86216,8.47572],[79.86222,8.47586],[79.86224,8.47596],[79.86225,8.47608],[79.86228,8.4762],[79.86233,8.47632],[79.86239,8.47642],[79.8625,8.47652],[79.86262,8.47664],[79.86271,8.47672],[79.86277,8.47675],[79.86281,8.47675],[79.86288,8.47671],[79.8629,8.47667],[79.86291,8.47663],[79.86288,8.47655],[79.86278,8.47649],[79.86273,8.4764],[79.86271,8.47629],[79.8627,8.47619],[79.86273,8.47611],[79.86279,8.47609],[79.86287,8.47609],[79.86299,8.47616],[79.86316,8.47627],[79.86335,8.47645],[79.86354,8.47665],[79.8637,8.47687],[79.86378,8.477],[79.86392,8.47721],[79.86414,8.47755],[79.86429,8.47784],[79.86435,8.47796],[79.86442,8.47806],[79.8645,8.47815],[79.86458,8.47831],[79.86464,8.4785],[79.86467,8.47865],[79.86471,8.47878],[79.86474,8.47889],[79.86482,8.47938],[79.86484,8.47958],[79.86488,8.4797],[79.86495,8.47982],[79.86502,8.47991],[79.86507,8.48001],[79.8651,8.48011],[79.86511,8.48022],[79.86514,8.48034],[79.86523,8.48057],[79.86528,8.48078],[79.86531,8.48091],[79.86534,8.48111],[79.86534,8.48126],[79.86534,8.48139],[79.86538,8.48153],[79.8654,8.48176],[79.86542,8.48188],[79.86546,8.48199],[79.86551,8.48206],[79.86552,8.48212],[79.86552,8.48223],[79.86551,8.48244],[79.86551,8.48255],[79.86552,8.48271],[79.86554,8.48286],[79.86555,8.483],[79.86555,8.48316],[79.86553,8.48329],[79.86554,8.48341],[79.86554,8.48366],[79.8655,8.4839],[79.86543,8.48408],[79.8654,8.48422],[79.86541,8.4844],[79.86544,8.48461],[79.86547,8.48488],[79.86555,8.48534],[79.86566,8.48588],[79.86567,8.48615],[79.86565,8.48634],[79.86568,8.48653],[79.86572,8.48668],[79.8658,8.48688],[79.86586,8.4871],[79.86588,8.48727],[79.86586,8.4875],[79.86582,8.48776],[79.86578,8.48806],[79.86575,8.48842],[79.86572,8.48863],[79.86564,8.48888],[79.86539,8.4895],[79.86529,8.48978],[79.86529,8.48994],[79.8653,8.49007],[79.86535,8.49026],[79.86539,8.49048],[79.86546,8.4907],[79.86557,8.49097],[79.86574,8.49127],[79.86578,8.49143],[79.86577,8.4916],[79.86572,8.49179],[79.86556,8.49205],[79.86549,8.49221],[79.86549,8.49238],[79.86553,8.49263],[79.86557,8.49292],[79.86555,8.49335],[79.86553,8.49356],[79.86547,8.49372],[79.86539,8.49382],[79.86531,8.49395],[79.8653,8.49408],[79.86532,8.4942],[79.86537,8.49428],[79.86544,8.4944],[79.86547,8.49452],[79.86548,8.49468],[79.86545,8.49483],[79.86536,8.49512],[79.86531,8.49538],[79.86526,8.4957],[79.8652,8.49606],[79.86517,8.4963],[79.86518,8.49652],[79.8652,8.49676],[79.86529,8.49724],[79.86534,8.49757],[79.86542,8.49778],[79.86556,8.49802],[79.86576,8.49834],[79.86586,8.49857],[79.86591,8.49875],[79.86593,8.49887],[79.86595,8.49902],[79.86598,8.49912],[79.86603,8.49924],[79.86615,8.49942],[79.86631,8.4996],[79.86643,8.49978],[79.8665,8.49996],[79.86658,8.50026],[79.86663,8.5005],[79.86667,8.50098],[79.86668,8.5014],[79.86665,8.50204],[79.86664,8.50287],[79.86666,8.50319],[79.86671,8.50346],[79.86679,8.50366],[79.86689,8.50391],[79.86694,8.50404],[79.86696,8.50416],[79.86696,8.50428],[79.86694,8.50442],[79.86694,8.50457],[79.86699,8.50471],[79.86705,8.50486],[79.8671,8.50504],[79.86713,8.50518],[79.86715,8.5054],[79.86716,8.50561],[79.86718,8.50583],[79.86724,8.50632],[79.86731,8.50681],[79.86731,8.50704],[79.86733,8.50717],[79.86736,8.50732],[79.86736,8.50751],[79.86733,8.50782],[79.86733,8.50793],[79.86736,8.50808],[79.86738,8.50843],[79.86734,8.50867],[79.86728,8.5089],[79.86709,8.50939],[79.86695,8.50993],[79.86686,8.51013],[79.86681,8.51031],[79.86682,8.51044],[79.86683,8.51052],[79.86688,8.51062],[79.86692,8.51071],[79.86694,8.51084],[79.86694,8.51092],[79.8669,8.51111],[79.86689,8.51123],[79.86692,8.51134],[79.86696,8.51147],[79.86704,8.5119],[79.86711,8.5124],[79.86713,8.51255],[79.86717,8.51268],[79.86732,8.51308],[79.86741,8.51346],[79.86745,8.51383],[79.86746,8.51412],[79.86744,8.51435],[79.86738,8.51454],[79.86731,8.51481],[79.86722,8.51517],[79.86719,8.51533],[79.86719,8.51557],[79.86715,8.51615],[79.86706,8.51656],[79.86706,8.51672],[79.86706,8.51683],[79.8671,8.51696],[79.86718,8.51714],[79.86729,8.51733],[79.86741,8.51745],[79.86764,8.51766],[79.86778,8.51781],[79.86786,8.51797],[79.86802,8.51831],[79.86815,8.51861],[79.86827,8.51878],[79.86837,8.51896],[79.86845,8.51915],[79.8685,8.51948],[79.86852,8.51991],[79.86852,8.52022],[79.86848,8.52056],[79.86846,8.52076],[79.86843,8.52109],[79.86838,8.52136],[79.86832,8.52158],[79.86825,8.52176],[79.86818,8.52197],[79.86817,8.52218],[79.86824,8.52241],[79.86839,8.52273],[79.86847,8.52297],[79.86851,8.52317],[79.86855,8.52338],[79.86856,8.52363],[79.86859,8.52387],[79.86863,8.52406],[79.86873,8.52434],[79.86892,8.52477],[79.86903,8.52498],[79.86907,8.52527],[79.86905,8.52548],[79.86907,8.52562],[79.86912,8.52574],[79.8692,8.52584],[79.8693,8.526],[79.86932,8.52606],[79.8693,8.52616],[79.86924,8.52638],[79.86914,8.52663],[79.86904,8.52681],[79.86895,8.52692],[79.86889,8.52697],[79.86883,8.52697],[79.86882,8.52698],[79.86882,8.527],[79.86885,8.52704],[79.86888,8.5271],[79.86888,8.52719],[79.86887,8.52727],[79.86883,8.52732],[79.86877,8.52736],[79.86864,8.5274],[79.86861,8.52744],[79.86861,8.52749],[79.86863,8.52757],[79.86867,8.52773],[79.86872,8.52794],[79.86873,8.5283],[79.86871,8.52863],[79.86872,8.52907],[79.86874,8.52933],[79.86872,8.52946],[79.86869,8.5296],[79.86866,8.5297],[79.86866,8.52975],[79.86866,8.52978],[79.86868,8.52982],[79.86872,8.52986],[79.86878,8.5299],[79.86889,8.52998],[79.86896,8.53006],[79.86902,8.53016],[79.86918,8.53052],[79.86923,8.53063],[79.86933,8.53078],[79.86941,8.53092],[79.86944,8.53106],[79.86948,8.53123],[79.86954,8.53149],[79.86953,8.53163],[79.86955,8.5318],[79.86963,8.53195],[79.86972,8.53209],[79.8698,8.53226],[79.86983,8.5325],[79.86987,8.5328],[79.86989,8.53299],[79.8699,8.53304],[79.8699,8.53312],[79.86987,8.53325],[79.86985,8.53333],[79.86985,8.53339],[79.86985,8.53348],[79.86992,8.53362],[79.87007,8.5338],[79.87012,8.53392],[79.87013,8.53405],[79.8701,8.53417],[79.87011,8.53426],[79.87014,8.53438],[79.87027,8.53463],[79.87037,8.53483],[79.87052,8.53537],[79.87061,8.53564],[79.87067,8.53591],[79.8708,8.53624],[79.8709,8.53645],[79.87104,8.53668],[79.87111,8.53683],[79.87126,8.53711],[79.87142,8.53739],[79.87157,8.53761],[79.87179,8.53787],[79.87212,8.53832],[79.87224,8.53856],[79.87235,8.53884],[79.87239,8.53897],[79.87256,8.53918],[79.87268,8.53937],[79.87274,8.53944],[79.8728,8.53948],[79.87291,8.53951],[79.87295,8.53953],[79.87298,8.53956],[79.87301,8.53957],[79.87303,8.53956],[79.87306,8.53951],[79.87311,8.53948],[79.87316,8.53948],[79.87321,8.53949],[79.87335,8.53955],[79.87353,8.53967],[79.87371,8.53979],[79.8738,8.53987],[79.87386,8.53996],[79.87391,8.54004],[79.87395,8.54007],[79.87409,8.54012],[79.87423,8.54021],[79.87427,8.54024],[79.87431,8.54024],[79.8744,8.54022],[79.87451,8.54022],[79.87455,8.54019],[79.87459,8.54013],[79.87466,8.53997],[79.87469,8.5399],[79.87472,8.53981],[79.87472,8.53972],[79.87474,8.53962],[79.87475,8.53958],[79.8748,8.5395],[79.87491,8.53935],[79.875,8.53919],[79.87506,8.53899],[79.87518,8.5385],[79.87532,8.53799],[79.87545,8.53773],[79.87567,8.53752],[79.87598,8.53731],[79.87609,8.53724],[79.87629,8.53713],[79.87654,8.537],[79.8768,8.53687],[79.87744,8.53666],[79.87874,8.53638],[79.88011,8.53625],[79.88053,8.53625],[79.88152,8.53633],[79.88224,8.5364],[79.8838,8.53676],[79.88408,8.53687],[79.88427,8.53691],[79.88439,8.53687],[79.88453,8.53679],[79.88462,8.53676],[79.88472,8.53674],[79.88491,8.53679],[79.88536,8.53706],[79.88607,8.53741],[79.88685,8.53775],[79.88725,8.53795],[79.88751,8.53803],[79.88758,8.53807],[79.88762,8.53808],[79.88765,8.53807],[79.88767,8.53801],[79.88769,8.53798],[79.88774,8.53792],[79.88791,8.53792],[79.88808,8.53787],[79.88821,8.53783],[79.88839,8.53791],[79.88851,8.53799],[79.88873,8.5381],[79.88893,8.53821],[79.88914,8.53828],[79.88942,8.53843],[79.88968,8.53856],[79.89,8.53874],[79.89057,8.53917],[79.89081,8.53938],[79.89113,8.5397],[79.89122,8.53982],[79.89133,8.53988],[79.89143,8.53996],[79.89155,8.54002],[79.89162,8.54003],[79.89173,8.54005],[79.89189,8.54005],[79.89203,8.54006],[79.8922,8.54005],[79.89225,8.54003],[79.89231,8.54],[79.89237,8.54001],[79.89242,8.54002],[79.89249,8.54005],[79.89253,8.54008],[79.89256,8.5401],[79.89261,8.54011],[79.89267,8.54009],[79.89273,8.54005],[79.89279,8.53998],[79.89285,8.53996],[79.89291,8.53996],[79.89295,8.53996],[79.89299,8.53993],[79.89303,8.53991],[79.89307,8.5399],[79.89309,8.53994],[79.89312,8.53995],[79.89317,8.53996],[79.89323,8.53997],[79.89327,8.53995],[79.89329,8.53993],[79.89335,8.53992],[79.89347,8.53992],[79.8936,8.53995],[79.89371,8.54001],[79.89388,8.54003],[79.89409,8.54009],[79.89431,8.5402],[79.89449,8.54031],[79.8946,8.54043],[79.89477,8.54053],[79.89502,8.54067],[79.89511,8.54074],[79.89526,8.54079],[79.89549,8.5409],[79.89566,8.541],[79.89588,8.54109],[79.896,8.54115],[79.89609,8.54116],[79.89614,8.54114],[79.89621,8.54113],[79.89626,8.54113],[79.89628,8.54118],[79.89631,8.54121],[79.89634,8.54125],[79.8964,8.54128],[79.89646,8.54128],[79.89652,8.54127],[79.8966,8.54129],[79.8967,8.54134],[79.89679,8.54141],[79.89689,8.54146],[79.89703,8.54151],[79.89716,8.54158],[79.89732,8.54171],[79.89754,8.54191],[79.8977,8.54208],[79.89777,8.54219],[79.89786,8.5423],[79.89803,8.5424],[79.89817,8.54252],[79.89833,8.54265],[79.89855,8.54282],[79.89874,8.54297],[79.8989,8.54312],[79.89908,8.54328],[79.89914,8.54336],[79.89918,8.54338],[79.89922,8.54339],[79.89926,8.5434],[79.8993,8.54342],[79.89935,8.54346],[79.8994,8.54349],[79.89948,8.54352],[79.89958,8.5436],[79.89965,8.54367],[79.89984,8.54393],[79.90002,8.54418],[79.90016,8.5443],[79.90032,8.54441],[79.9004,8.54446],[79.90048,8.54453],[79.90058,8.54469],[79.90092,8.54523],[79.90108,8.54553],[79.90113,8.54568],[79.90114,8.54575],[79.90113,8.5458],[79.90117,8.5459],[79.90118,8.54598],[79.90119,8.54603],[79.90126,8.54605],[79.90131,8.54606],[79.90133,8.54606],[79.90134,8.54603],[79.90132,8.54602],[79.90128,8.546],[79.90126,8.54598],[79.90125,8.54597],[79.90126,8.54594],[79.90126,8.54592],[79.90129,8.54591],[79.90133,8.54591],[79.90138,8.54586],[79.90147,8.54582],[79.90149,8.54578],[79.90149,8.5457],[79.9015,8.54562],[79.90153,8.54555],[79.90161,8.54548],[79.90184,8.54547],[79.90213,8.54558],[79.90234,8.54571],[79.90253,8.54586],[79.90272,8.54603],[79.90287,8.5462],[79.90294,8.54631],[79.90301,8.54639],[79.90307,8.54644],[79.90322,8.54655],[79.90333,8.54667],[79.90347,8.54678],[79.90356,8.54686],[79.90366,8.54692],[79.90376,8.54693],[79.90393,8.5469],[79.90406,8.54686],[79.9042,8.54683],[79.9043,8.5468],[79.90444,8.54683],[79.90465,8.54687],[79.90502,8.54693],[79.90521,8.54696],[79.90536,8.54706],[79.90546,8.54717],[79.90566,8.54736],[79.90602,8.54765],[79.90632,8.54792],[79.90662,8.54818],[79.90678,8.54832],[79.90697,8.54836],[79.90726,8.54842],[79.9075,8.54838],[79.90775,8.54832],[79.90807,8.54833],[79.90823,8.54831],[79.90857,8.54822],[79.90869,8.54815],[79.90876,8.54811],[79.90888,8.54809],[79.909,8.54812],[79.90918,8.54816],[79.90931,8.54824],[79.90938,8.54826],[79.90948,8.54823],[79.90961,8.54825],[79.9097,8.5483],[79.90979,8.54837],[79.90989,8.54843],[79.90998,8.54847],[79.91011,8.54847],[79.91023,8.54842],[79.91037,8.54838],[79.91053,8.54835],[79.91069,8.5483],[79.91076,8.54822],[79.91081,8.54815],[79.91091,8.54811],[79.9111,8.5481],[79.91128,8.54811],[79.91142,8.54816],[79.91151,8.54818],[79.91163,8.54816],[79.91177,8.54815],[79.91193,8.54813],[79.91205,8.54812],[79.91211,8.54809],[79.91215,8.54808],[79.91222,8.54802],[79.91229,8.54794],[79.91234,8.54787],[79.91239,8.54782],[79.91251,8.54778],[79.91273,8.54779],[79.91299,8.54784],[79.91345,8.54806],[79.91361,8.54819],[79.91376,8.54834],[79.91379,8.54837],[79.91381,8.54837],[79.91384,8.54836],[79.91385,8.54834],[79.91388,8.54833],[79.91396,8.54834],[79.91403,8.54837],[79.91416,8.54842],[79.91427,8.54848],[79.91431,8.54855],[79.91434,8.54858],[79.91446,8.54865],[79.91454,8.54867],[79.91462,8.54865],[79.9147,8.54862],[79.91484,8.54859],[79.91505,8.54863],[79.91529,8.54881],[79.91551,8.54906],[79.9158,8.54937],[79.91616,8.54978],[79.91654,8.55021],[79.91683,8.55056],[79.91705,8.55085],[79.9172,8.55104],[79.91743,8.55138],[79.91773,8.55186],[79.91793,8.55223],[79.91815,8.55263],[79.91842,8.55318],[79.91884,8.55415],[79.91898,8.5546],[79.91908,8.55488],[79.91916,8.55526],[79.9193,8.55576],[79.91951,8.55665],[79.91971,8.55777],[79.91982,8.55863],[79.91986,8.55899],[79.91989,8.55935],[79.91988,8.5596],[79.91989,8.55978],[79.91989,8.56005],[79.91985,8.56039],[79.91977,8.56074],[79.91969,8.56103],[79.91957,8.56163],[79.9195,8.56224],[79.91943,8.56262],[79.91939,8.56295],[79.9194,8.56307],[79.91953,8.56316],[79.91957,8.56324],[79.91959,8.56338],[79.91957,8.56379],[79.9196,8.56395],[79.91963,8.56427],[79.91965,8.56434],[79.91971,8.56463],[79.91975,8.56495],[79.91977,8.56519],[79.91981,8.56582],[79.91982,8.56623],[79.9198,8.56827],[79.91975,8.56891],[79.91974,8.56935],[79.91974,8.56968],[79.91975,8.57011],[79.91977,8.57068],[79.91978,8.57149],[79.91976,8.57191]]]},"properties":{"name":null,"source":"OpenStreetMap + Natural Earth","source_id":"osm_coastline","geometry_quality":"mapped_polygon"}},{"type":"Feature","geometry":{"type":"Polygon","coordinates":[[[80.38152,9.48341],[80.38169,9.48352],[80.38175,9.48363],[80.38174,9.48369],[80.38171,9.48372],[80.38168,9.48375],[80.38159,9.48377],[80.38151,9.48375],[80.38149,9.48367],[80.38145,9.48365],[80.38126,9.48361],[80.38121,9.48364],[80.3812,9.48373],[80.38128,9.48381],[80.38129,9.48387],[80.3813,9.48411],[80.38135,9.48416],[80.38144,9.48416],[80.38187,9.48406],[80.38197,9.48412],[80.38252,9.48388],[80.38257,9.48384],[80.38259,9.48356],[80.38263,9.48345],[80.38276,9.48331],[80.38306,9.48314],[80.38348,9.48318],[80.38367,9.48316],[80.38455,9.4832],[80.38499,9.48318],[80.38515,9.48321],[80.38535,9.48331],[80.38594,9.48336],[80.38643,9.48336],[80.38657,9.4834],[80.38668,9.48341],[80.3868,9.48341],[80.38698,9.48335],[80.38705,9.48329],[80.38705,9.48324],[80.38701,9.48318],[80.3869,9.48314],[80.38671,9.4832],[80.38639,9.4832],[80.38578,9.48327],[80.38549,9.48325],[80.38511,9.48311],[80.3842,9.48304],[80.38396,9.48307],[80.38362,9.48305],[80.3834,9.48311],[80.38331,9.48307],[80.3833,9.48303],[80.38332,9.483],[80.38347,9.48301],[80.38351,9.48297],[80.38351,9.48283],[80.38351,9.48256],[80.38344,9.48243],[80.3834,9.4824],[80.38335,9.48241],[80.38332,9.48245],[80.38321,9.4827],[80.38317,9.48275],[80.38307,9.4828],[80.3829,9.48297],[80.38235,9.48304],[80.38214,9.48303],[80.38204,9.48301],[80.38196,9.48298],[80.38188,9.48292],[80.38181,9.4828],[80.38176,9.48267],[80.38169,9.48262],[80.38154,9.4826],[80.38149,9.48255],[80.38141,9.48236],[80.3814,9.48218],[80.38143,9.48203],[80.3815,9.48193],[80.38164,9.48191],[80.38179,9.482],[80.38181,9.48198],[80.38163,9.48182],[80.38135,9.48172],[80.38125,9.48165],[80.3812,9.48164],[80.38117,9.48166],[80.38106,9.48195],[80.38103,9.48216],[80.38104,9.48226],[80.38112,9.48249],[80.38111,9.48267],[80.38126,9.48281],[80.38141,9.48303],[80.38147,9.48314],[80.38152,9.48341]]]},"properties":{"name":null,"source":"OpenStreetMap + Natural Earth","source_id":"osm_coastline","geometry_quality":"mapped_polygon"}},{"type":"Feature","geometry":{"type":"Polygon","coordinates":[[[80.38315,9.48207],[80.38384,9.48214],[80.38455,9.48233],[80.38465,9.48234],[80.38478,9.48227],[80.38489,9.48215],[80.38518,9.48193],[80.38534,9.48186],[80.38543,9.48187],[80.38552,9.48191],[80.38581,9.48213],[80.3859,9.48216],[80.38605,9.4822],[80.38632,9.48222],[80.38648,9.48228],[80.38656,9.48228],[80.38671,9.48222],[80.38686,9.4821],[80.3869,9.48204],[80.38691,9.48198],[80.38689,9.48191],[80.38684,9.48188],[80.38678,9.48188],[80.38653,9.48199],[80.38641,9.48199],[80.38631,9.48197],[80.38588,9.48177],[80.3858,9.48169],[80.38575,9.48155],[80.38556,9.4815],[80.38538,9.48149],[80.38503,9.4815],[80.38495,9.48153],[80.38467,9.48169],[80.3844,9.48201],[80.38434,9.48205],[80.38424,9.48208],[80.38363,9.482],[80.38319,9.48182],[80.38308,9.48174],[80.38303,9.48168],[80.38303,9.48147],[80.38312,9.48122],[80.38318,9.48117],[80.38334,9.48111],[80.38336,9.48109],[80.38329,9.48099],[80.38307,9.48095],[80.38288,9.48095],[80.38274,9.48098],[80.38259,9.48106],[80.38243,9.48131],[80.3824,9.48139],[80.3824,9.48143],[80.38252,9.48174],[80.38255,9.4819],[80.3826,9.48196],[80.38271,9.48205],[80.38283,9.48207],[80.38315,9.48207]]]},"properties":{"name":null,"source":"OpenStreetMap + Natural Earth","source_id":"osm_coastline","geometry_quality":"mapped_polygon"}},{"type":"Feature","geometry":{"type":"Polygon","coordinates":[[[80.37872,9.48267],[80.37903,9.48277],[80.3789,9.48263],[80.37886,9.48249],[80.37887,9.48245],[80.37891,9.48242],[80.37904,9.4824],[80.37906,9.48236],[80.379,9.48232],[80.37887,9.48228],[80.37873,9.48227],[80.37845,9.48235],[80.37826,9.48249],[80.37816,9.48262],[80.37804,9.4827],[80.378,9.48276],[80.37803,9.48277],[80.37842,9.48268],[80.37872,9.48267]]]},"properties":{"name":null,"source":"OpenStreetMap + Natural Earth","source_id":"osm_coastline","geometry_quality":"mapped_polygon"}},{"type":"Feature","geometry":{"type":"Polygon","coordinates":[[[80.37675,9.48114],[80.37702,9.48124],[80.37716,9.48137],[80.37724,9.4814],[80.37755,9.48143],[80.37769,9.4814],[80.37776,9.48136],[80.37776,9.48128],[80.37775,9.48116],[80.37761,9.48067],[80.37735,9.48009],[80.3771,9.47976],[80.37689,9.47961],[80.37656,9.47946],[80.37607,9.4793],[80.37565,9.47907],[80.37511,9.47886],[80.37498,9.47886],[80.37494,9.47891],[80.37491,9.479],[80.37493,9.47914],[80.37504,9.47942],[80.37561,9.48036],[80.37581,9.48062],[80.37588,9.48065],[80.37614,9.48068],[80.37626,9.48073],[80.37634,9.48078],[80.37644,9.48097],[80.37648,9.48101],[80.37675,9.48114]]]},"properties":{"name":null,"source":"OpenStreetMap + Natural Earth","source_id":"osm_coastline","geometry_quality":"mapped_polygon"}},{"type":"Feature","geometry":{"type":"Polygon","coordinates":[[[80.37255,9.4786],[80.3729,9.47907],[80.37308,9.4794],[80.37315,9.47971],[80.37321,9.48008],[80.37321,9.48045],[80.37324,9.48056],[80.37384,9.48086],[80.37422,9.48099],[80.37434,9.48105],[80.3746,9.48111],[80.37481,9.4812],[80.37538,9.48124],[80.37552,9.48119],[80.37555,9.48114],[80.37559,9.48097],[80.37572,9.48077],[80.37574,9.48062],[80.37572,9.4806],[80.37566,9.48058],[80.37558,9.48063],[80.37546,9.48076],[80.37533,9.48087],[80.37512,9.48101],[80.37497,9.48108],[80.37491,9.48108],[80.37437,9.48094],[80.37374,9.48064],[80.37345,9.48045],[80.37341,9.48035],[80.37337,9.48015],[80.3734,9.48],[80.37332,9.47982],[80.37331,9.47966],[80.3732,9.47937],[80.37257,9.47839],[80.37218,9.47774],[80.37212,9.47755],[80.37212,9.4775],[80.3722,9.47725],[80.37231,9.47711],[80.37229,9.47689],[80.37232,9.47682],[80.3725,9.47673],[80.37261,9.47673],[80.37265,9.47675],[80.37267,9.47673],[80.37261,9.47668],[80.37252,9.47667],[80.37243,9.47669],[80.37222,9.47681],[80.3722,9.4768],[80.3722,9.47673],[80.37222,9.47671],[80.37226,9.47672],[80.37228,9.47669],[80.37218,9.47666],[80.37206,9.47677],[80.37201,9.47689],[80.37198,9.47705],[80.372,9.47762],[80.37219,9.4781],[80.3723,9.47827],[80.37244,9.47842],[80.37255,9.4786]]]},"properties":{"name":null,"source":"OpenStreetMap + Natural Earth","source_id":"osm_coastline","geometry_quality":"mapped_polygon"}},{"type":"Feature","geometry":{"type":"Polygon","coordinates":[[[80.37159,9.47594],[80.37174,9.47589],[80.37182,9.47591],[80.37204,9.47603],[80.37231,9.47624],[80.37316,9.47704],[80.37345,9.47725],[80.37351,9.47725],[80.37352,9.47722],[80.37333,9.47705],[80.37324,9.4769],[80.37327,9.4767],[80.3733,9.47663],[80.37329,9.47652],[80.37321,9.47644],[80.37293,9.47634],[80.3728,9.47622],[80.37246,9.47606],[80.37184,9.47585],[80.37166,9.47582],[80.37147,9.47573],[80.37111,9.47547],[80.37107,9.47542],[80.37105,9.47534],[80.37106,9.47525],[80.37099,9.47513],[80.3709,9.4751],[80.37044,9.47481],[80.37034,9.47461],[80.37029,9.47455],[80.37024,9.47454],[80.36999,9.47465],[80.36995,9.47478],[80.36998,9.47482],[80.37014,9.47489],[80.37048,9.475],[80.37069,9.47513],[80.37078,9.4752],[80.37096,9.47544],[80.37102,9.47555],[80.37111,9.47566],[80.37148,9.47592],[80.37159,9.47594]]]},"properties":{"name":null,"source":"OpenStreetMap + Natural Earth","source_id":"osm_coastline","geometry_quality":"mapped_polygon"}},{"type":"Feature","geometry":{"type":"Polygon","coordinates":[[[80.36968,9.47414],[80.36968,9.47409],[80.36962,9.47405],[80.36953,9.47411],[80.36946,9.47421],[80.3694,9.4742],[80.3693,9.47405],[80.36929,9.47393],[80.36918,9.47387],[80.3691,9.47379],[80.36911,9.47364],[80.36905,9.4736],[80.36886,9.47361],[80.36869,9.47354],[80.36863,9.47348],[80.36863,9.47331],[80.36866,9.47327],[80.36877,9.47326],[80.36879,9.47322],[80.36877,9.47317],[80.36872,9.47321],[80.36859,9.4732],[80.36848,9.47317],[80.36812,9.47311],[80.36806,9.47314],[80.36805,9.47317],[80.36805,9.47321],[80.36812,9.47329],[80.36861,9.47367],[80.36921,9.47425],[80.36928,9.47435],[80.36942,9.47446],[80.36951,9.47448],[80.3696,9.4744],[80.36966,9.47427],[80.36968,9.47414]]]},"properties":{"name":null,"source":"OpenStreetMap + Natural Earth","source_id":"osm_coastline","geometry_quality":"mapped_polygon"}},{"type":"Feature","geometry":{"type":"Polygon","coordinates":[[[80.32699,9.56514],[80.32591,9.56611],[80.32583,9.56617],[80.32552,9.56629],[80.32479,9.56682],[80.32433,9.56697],[80.32424,9.56705],[80.32415,9.56708],[80.32407,9.56717],[80.32358,9.56753],[80.32347,9.56757],[80.32333,9.56754],[80.32325,9.56756],[80.32314,9.56758],[80.32295,9.56767],[80.32219,9.56814],[80.3221,9.56824],[80.32171,9.56841],[80.32125,9.56872],[80.32115,9.56883],[80.32084,9.56906],[80.32084,9.56914],[80.32079,9.5692],[80.32068,9.56928],[80.32062,9.56929],[80.32059,9.56925],[80.32048,9.56929],[80.32032,9.56941],[80.32007,9.56969],[80.31992,9.56978],[80.31971,9.57004],[80.31948,9.5702],[80.31935,9.57023],[80.31911,9.57038],[80.31886,9.57066],[80.31877,9.57071],[80.31866,9.57073],[80.31817,9.5711],[80.31778,9.57134],[80.31727,9.57161],[80.31619,9.57229],[80.31612,9.57243],[80.31586,9.57258],[80.31576,9.5726],[80.31571,9.57269],[80.31561,9.57282],[80.31536,9.57302],[80.31427,9.57383],[80.3141,9.57391],[80.31379,9.5741],[80.31332,9.57436],[80.31305,9.57471],[80.3129,9.57482],[80.3128,9.57488],[80.31273,9.57489],[80.31265,9.57494],[80.31259,9.57513],[80.31255,9.57516],[80.31244,9.57518],[80.31239,9.57517],[80.31225,9.57525],[80.31221,9.57531],[80.31221,9.57543],[80.31198,9.57555],[80.31193,9.57561],[80.3119,9.57571],[80.31176,9.57587],[80.31152,9.57595],[80.31149,9.57602],[80.31139,9.5761],[80.31134,9.5762],[80.31104,9.57642],[80.3109,9.57663],[80.31079,9.57668],[80.31073,9.57676],[80.31062,9.57681],[80.31049,9.57694],[80.31012,9.57708],[80.31003,9.57714],[80.30999,9.57718],[80.30996,9.57726],[80.30985,9.57726],[80.30981,9.57731],[80.30975,9.57732],[80.30965,9.5774],[80.30952,9.57739],[80.30946,9.57748],[80.3093,9.57755],[80.30929,9.57766],[80.30926,9.57768],[80.30921,9.5777],[80.30913,9.57766],[80.3091,9.57767],[80.30856,9.57807],[80.30847,9.57816],[80.30746,9.57888],[80.30692,9.57922],[80.30687,9.57929],[80.30686,9.57935],[80.3069,9.57942],[80.30699,9.57951],[80.30711,9.57959],[80.30709,9.57967],[80.30707,9.57968],[80.30693,9.57986],[80.30693,9.57991],[80.30703,9.58013],[80.30714,9.58018],[80.30713,9.58028],[80.30705,9.58039],[80.30716,9.58054],[80.30724,9.58042],[80.30734,9.58033],[80.3076,9.58015],[80.30787,9.58002],[80.30793,9.57994],[80.30797,9.57978],[80.30803,9.57973],[80.30861,9.57954],[80.30872,9.57944],[80.30885,9.57938],[80.309,9.57924],[80.30913,9.5792],[80.30916,9.57921],[80.30917,9.57924],[80.30909,9.57932],[80.30913,9.57935],[80.30922,9.57937],[80.3093,9.57934],[80.30956,9.5792],[80.30974,9.57907],[80.30999,9.57881],[80.31009,9.57861],[80.3101,9.57851],[80.31019,9.57843],[80.31037,9.57828],[80.31076,9.57805],[80.31132,9.57755],[80.3116,9.57735],[80.31169,9.57731],[80.31206,9.57728],[80.31228,9.57708],[80.31266,9.5769],[80.31302,9.57676],[80.31439,9.57639],[80.31482,9.57607],[80.31524,9.57557],[80.31539,9.57538],[80.31574,9.57464],[80.31609,9.57446],[80.31643,9.57433],[80.31675,9.57426],[80.31716,9.57408],[80.31758,9.57387],[80.31796,9.57365],[80.31837,9.57345],[80.31882,9.57305],[80.31964,9.5721],[80.32026,9.57126],[80.32054,9.57101],[80.32107,9.57059],[80.32126,9.57041],[80.32131,9.57032],[80.32141,9.57021],[80.32155,9.57012],[80.32172,9.57007],[80.3224,9.56954],[80.3227,9.56934],[80.32304,9.56914],[80.32342,9.56902],[80.32475,9.56813],[80.32607,9.56745],[80.32675,9.56717],[80.32822,9.56634],[80.32843,9.56626],[80.32865,9.5661],[80.32907,9.56559],[80.32942,9.56532],[80.32953,9.5652],[80.3298,9.56433],[80.32977,9.56365],[80.32969,9.56335],[80.32948,9.56321],[80.32941,9.5631],[80.32935,9.56306],[80.32909,9.56311],[80.32878,9.5634],[80.32876,9.56347],[80.32873,9.56387],[80.32854,9.56396],[80.32842,9.56398],[80.32824,9.56406],[80.32801,9.56432],[80.32771,9.56456],[80.32754,9.56476],[80.32699,9.56514]]]},"properties":{"name":null,"source":"OpenStreetMap + Natural Earth","source_id":"osm_coastline","geometry_quality":"mapped_polygon"}},{"type":"Feature","geometry":{"type":"Polygon","coordinates":[[[80.31202,9.4691],[80.31209,9.46925],[80.31212,9.46969],[80.31209,9.46987],[80.31201,9.47017],[80.31152,9.47115],[80.31126,9.47164],[80.31114,9.47181],[80.3109,9.47223],[80.31047,9.47284],[80.30921,9.47452],[80.30881,9.47515],[80.30858,9.47558],[80.30847,9.47574],[80.30792,9.47637],[80.3079,9.47647],[80.30792,9.47663],[80.30789,9.47669],[80.30766,9.47693],[80.30708,9.47776],[80.30676,9.47817],[80.3065,9.4786],[80.30603,9.47921],[80.30596,9.47935],[80.30595,9.47948],[80.30598,9.47952],[80.30605,9.47952],[80.3061,9.47945],[80.30624,9.47911],[80.30635,9.47904],[80.30675,9.47884],[80.3073,9.4783],[80.30763,9.47801],[80.30786,9.47787],[80.30796,9.47777],[80.30951,9.47653],[80.31005,9.47607],[80.31019,9.47588],[80.31016,9.47571],[80.31015,9.47548],[80.31018,9.47537],[80.31037,9.47526],[80.31051,9.47528],[80.31059,9.47535],[80.31067,9.47539],[80.31079,9.47539],[80.31094,9.47529],[80.31102,9.4751],[80.31108,9.47503],[80.31127,9.47493],[80.31168,9.47464],[80.31178,9.47451],[80.31209,9.47426],[80.31498,9.47216],[80.31681,9.47096],[80.31804,9.47022],[80.31898,9.46947],[80.31957,9.46896],[80.32003,9.46861],[80.32073,9.46817],[80.32123,9.4679],[80.32286,9.46693],[80.32334,9.46668],[80.32385,9.46635],[80.3242,9.46618],[80.32474,9.466],[80.32481,9.46595],[80.32499,9.46575],[80.32514,9.46573],[80.32551,9.46558],[80.32561,9.46556],[80.32572,9.46557],[80.32581,9.46556],[80.32601,9.46545],[80.32647,9.46532],[80.32651,9.46532],[80.32655,9.46535],[80.32661,9.46537],[80.32668,9.4653],[80.3268,9.46524],[80.32702,9.46523],[80.32721,9.46516],[80.32747,9.46519],[80.32751,9.46517],[80.32756,9.46503],[80.32764,9.46499],[80.32766,9.46483],[80.32763,9.46465],[80.32759,9.4646],[80.32743,9.46454],[80.32722,9.46452],[80.32675,9.46456],[80.32671,9.46458],[80.32664,9.46471],[80.32658,9.46474],[80.32652,9.46493],[80.32648,9.46497],[80.32596,9.46528],[80.32588,9.46529],[80.32579,9.46524],[80.32562,9.46507],[80.32533,9.46507],[80.32526,9.46504],[80.32526,9.46494],[80.32537,9.46486],[80.32541,9.46481],[80.32549,9.46481],[80.32558,9.46487],[80.32562,9.46486],[80.32554,9.46476],[80.32541,9.46475],[80.32537,9.46477],[80.32533,9.46483],[80.32521,9.46489],[80.32519,9.46502],[80.32515,9.46508],[80.32502,9.46512],[80.32494,9.46517],[80.32489,9.46528],[80.32456,9.46541],[80.32447,9.46542],[80.32443,9.46535],[80.32439,9.46535],[80.32419,9.46546],[80.32414,9.46565],[80.324,9.46584],[80.32367,9.46579],[80.32352,9.46585],[80.32348,9.46594],[80.32334,9.46598],[80.32317,9.46608],[80.32307,9.46618],[80.32286,9.46633],[80.32275,9.46634],[80.3227,9.46629],[80.32264,9.46614],[80.32276,9.46609],[80.32277,9.46607],[80.32264,9.46609],[80.32246,9.46617],[80.32245,9.46619],[80.32249,9.46622],[80.32245,9.46641],[80.32233,9.46664],[80.32229,9.46669],[80.32222,9.46672],[80.32208,9.4667],[80.32204,9.46672],[80.32194,9.46683],[80.32163,9.46713],[80.32156,9.46711],[80.32153,9.46707],[80.3215,9.46673],[80.32139,9.46653],[80.32134,9.46652],[80.32125,9.46654],[80.32117,9.4666],[80.32117,9.46674],[80.32129,9.46681],[80.32128,9.46694],[80.32115,9.46734],[80.32095,9.46755],[80.3205,9.46794],[80.32038,9.46811],[80.32004,9.46841],[80.31993,9.46847],[80.31978,9.46844],[80.31972,9.46847],[80.31969,9.46854],[80.31958,9.46865],[80.31943,9.46873],[80.31924,9.46873],[80.31908,9.46885],[80.31898,9.46897],[80.31895,9.46909],[80.31872,9.46933],[80.31864,9.46947],[80.31855,9.46953],[80.31846,9.46948],[80.31839,9.46939],[80.3183,9.46936],[80.31814,9.4694],[80.31755,9.46977],[80.31736,9.46984],[80.31732,9.4699],[80.31734,9.46998],[80.31748,9.47005],[80.31757,9.47019],[80.31755,9.47026],[80.31748,9.47031],[80.31721,9.47032],[80.31679,9.4703],[80.3164,9.47032],[80.31625,9.47036],[80.31594,9.4705],[80.31585,9.47043],[80.31573,9.47016],[80.31558,9.47002],[80.31544,9.46995],[80.31538,9.46989],[80.3153,9.46977],[80.31528,9.46968],[80.31527,9.46957],[80.3153,9.46947],[80.31578,9.46927],[80.316,9.4692],[80.31612,9.46912],[80.31625,9.46883],[80.31628,9.46868],[80.31627,9.4685],[80.31623,9.46835],[80.31612,9.46824],[80.3159,9.46818],[80.31525,9.46831],[80.31507,9.46841],[80.31493,9.46855],[80.31471,9.46868],[80.31404,9.46894],[80.31331,9.46927],[80.31317,9.46929],[80.31307,9.46921],[80.31276,9.46841],[80.31246,9.46825],[80.31217,9.46819],[80.31198,9.46828],[80.31193,9.46839],[80.31184,9.46882],[80.31191,9.46899],[80.31202,9.4691]]]},"properties":{"name":null,"source":"OpenStreetMap + Natural Earth","source_id":"osm_coastline","geometry_quality":"mapped_polygon"}},{"type":"Feature","geometry":{"type":"Polygon","coordinates":[[[80.31396,9.46498],[80.31411,9.46489],[80.31427,9.46484],[80.31444,9.46485],[80.31463,9.46477],[80.31529,9.46466],[80.31551,9.46463],[80.31565,9.46464],[80.31574,9.46468],[80.31594,9.46498],[80.31611,9.46517],[80.31637,9.46546],[80.31664,9.46571],[80.31689,9.46588],[80.31702,9.46593],[80.31717,9.46592],[80.31759,9.46562],[80.31804,9.46513],[80.31815,9.46498],[80.31845,9.46463],[80.31867,9.46429],[80.31884,9.46373],[80.31915,9.46321],[80.31928,9.46293],[80.31937,9.46249],[80.31924,9.46224],[80.31924,9.46194],[80.31922,9.46184],[80.31933,9.46138],[80.31934,9.46102],[80.31928,9.46097],[80.31925,9.46098],[80.31921,9.46122],[80.31914,9.46124],[80.31897,9.46112],[80.3189,9.4611],[80.3187,9.46112],[80.31868,9.46116],[80.3187,9.4612],[80.31903,9.46132],[80.31908,9.46143],[80.31909,9.46152],[80.31908,9.46164],[80.31901,9.46185],[80.31895,9.46197],[80.3188,9.46216],[80.31882,9.46224],[80.31896,9.46234],[80.31899,9.46239],[80.319,9.46243],[80.31898,9.46256],[80.31883,9.46286],[80.31875,9.46311],[80.31867,9.46324],[80.31857,9.46331],[80.31841,9.46335],[80.31829,9.46333],[80.31822,9.46329],[80.31783,9.4629],[80.31762,9.46275],[80.31723,9.46264],[80.31712,9.46266],[80.31709,9.46271],[80.3171,9.46284],[80.31714,9.46292],[80.31719,9.463],[80.31728,9.46309],[80.31743,9.46318],[80.31796,9.46343],[80.31802,9.46347],[80.31807,9.46359],[80.31802,9.46379],[80.31789,9.46402],[80.31763,9.46429],[80.3175,9.46434],[80.31697,9.46446],[80.3168,9.46439],[80.31657,9.46424],[80.31636,9.46422],[80.31621,9.46424],[80.31565,9.46444],[80.31551,9.46447],[80.31537,9.46447],[80.31524,9.46443],[80.315,9.46429],[80.31384,9.46432],[80.31327,9.46416],[80.31312,9.46416],[80.31296,9.46421],[80.31259,9.46444],[80.31242,9.46443],[80.31234,9.46438],[80.3123,9.46424],[80.31225,9.46423],[80.31222,9.46432],[80.31225,9.46443],[80.31233,9.46453],[80.31297,9.46494],[80.31328,9.46504],[80.31367,9.46505],[80.31396,9.46498]]]},"properties":{"name":null,"source":"OpenStreetMap + Natural Earth","source_id":"osm_coastline","geometry_quality":"mapped_polygon"}},{"type":"Feature","geometry":{"type":"Polygon","coordinates":[[[80.31751,9.4668],[80.31761,9.46676],[80.31774,9.46676],[80.3179,9.46683],[80.31791,9.46688],[80.31789,9.46692],[80.31784,9.46693],[80.31757,9.46685],[80.31744,9.46686],[80.31728,9.46695],[80.31719,9.46703],[80.31712,9.46712],[80.31709,9.46722],[80.31709,9.46729],[80.31714,9.46737],[80.31724,9.46749],[80.31735,9.46757],[80.31775,9.46769],[80.31788,9.46769],[80.31798,9.46767],[80.31806,9.46762],[80.31819,9.46749],[80.31825,9.46732],[80.31822,9.46715],[80.31813,9.46698],[80.31789,9.46677],[80.31771,9.4667],[80.31753,9.46672],[80.31746,9.4668],[80.31751,9.4668]]]},"properties":{"name":null,"source":"OpenStreetMap + Natural Earth","source_id":"osm_coastline","geometry_quality":"mapped_polygon"}},{"type":"Feature","geometry":{"type":"Polygon","coordinates":[[[80.30331,9.45752],[80.30337,9.45756],[80.30335,9.45765],[80.30327,9.45772],[80.30308,9.45778],[80.30299,9.45785],[80.30291,9.45785],[80.30289,9.45775],[80.30293,9.45751],[80.303,9.45749],[80.30291,9.45745],[80.30277,9.4575],[80.30241,9.4577],[80.30235,9.45782],[80.30235,9.45789],[80.30251,9.45801],[80.3037,9.45882],[80.30408,9.45904],[80.30417,9.45906],[80.30429,9.45905],[80.30432,9.45897],[80.30431,9.45887],[80.30427,9.45875],[80.30427,9.45861],[80.30434,9.45826],[80.3044,9.45815],[80.3045,9.45805],[80.30445,9.45791],[80.30453,9.45782],[80.30471,9.45779],[80.30473,9.45776],[80.30467,9.4571],[80.30468,9.45693],[80.30472,9.45681],[80.3047,9.45676],[80.30463,9.45676],[80.30422,9.45683],[80.30397,9.45695],[80.30385,9.45695],[80.30364,9.457],[80.3034,9.45719],[80.30318,9.45742],[80.30316,9.45747],[80.30318,9.45752],[80.30331,9.45752]]]},"properties":{"name":null,"source":"OpenStreetMap + Natural Earth","source_id":"osm_coastline","geometry_quality":"mapped_polygon"}},{"type":"Feature","geometry":{"type":"Polygon","coordinates":[[[80.29717,9.46557],[80.29735,9.4658],[80.29781,9.46617],[80.29799,9.46645],[80.29811,9.4666],[80.29862,9.46681],[80.29866,9.4668],[80.29869,9.4667],[80.29873,9.46647],[80.29872,9.46635],[80.29879,9.46619],[80.29896,9.46588],[80.29905,9.46582],[80.2992,9.46563],[80.29921,9.46534],[80.29919,9.46524],[80.29913,9.46522],[80.29903,9.46522],[80.29869,9.46532],[80.29853,9.46539],[80.29837,9.46543],[80.29825,9.46541],[80.29781,9.46521],[80.29706,9.46501],[80.29701,9.46501],[80.297,9.46503],[80.29706,9.46533],[80.2971,9.46544],[80.29717,9.46557]]]},"properties":{"name":null,"source":"OpenStreetMap + Natural Earth","source_id":"osm_coastline","geometry_quality":"mapped_polygon"}},{"type":"Feature","geometry":{"type":"Polygon","coordinates":[[[80.29314,9.46998],[80.29332,9.47016],[80.29345,9.47033],[80.29351,9.47091],[80.29339,9.47132],[80.29336,9.47154],[80.29301,9.47194],[80.29272,9.4722],[80.29248,9.47236],[80.29179,9.47268],[80.2911,9.47297],[80.29085,9.47294],[80.29073,9.47285],[80.2906,9.4728],[80.29061,9.47302],[80.29106,9.47316],[80.29211,9.47291],[80.29306,9.47221],[80.29352,9.47141],[80.29373,9.47069],[80.29362,9.47019],[80.29325,9.46988],[80.29314,9.46998]]]},"properties":{"name":null,"source":"OpenStreetMap + Natural Earth","source_id":"osm_coastline","geometry_quality":"mapped_polygon"}},{"type":"Feature","geometry":{"type":"Polygon","coordinates":[[[80.28998,9.46459],[80.29004,9.46448],[80.29018,9.46434],[80.29064,9.46422],[80.29075,9.46424],[80.29078,9.46428],[80.2908,9.46432],[80.29076,9.4644],[80.29063,9.46441],[80.29062,9.46443],[80.29068,9.46449],[80.29073,9.46448],[80.29077,9.46447],[80.29085,9.46434],[80.29101,9.46419],[80.29122,9.46369],[80.29121,9.46333],[80.2913,9.46291],[80.2914,9.46272],[80.29161,9.46246],[80.29176,9.46244],[80.29191,9.46248],[80.29205,9.46255],[80.29211,9.46261],[80.29222,9.46286],[80.29235,9.46302],[80.29244,9.46321],[80.29252,9.46325],[80.29265,9.46314],[80.29289,9.46284],[80.29295,9.46272],[80.29297,9.46255],[80.29285,9.46185],[80.29265,9.46146],[80.29255,9.46139],[80.29243,9.46136],[80.29191,9.46143],[80.29145,9.46157],[80.29121,9.46156],[80.29115,9.46153],[80.29073,9.46102],[80.29065,9.46096],[80.29059,9.46094],[80.29053,9.46096],[80.29039,9.46111],[80.29026,9.46132],[80.29014,9.46159],[80.28999,9.46209],[80.28991,9.46218],[80.28984,9.46222],[80.28964,9.4627],[80.28961,9.46289],[80.28963,9.46329],[80.28966,9.46353],[80.28977,9.46362],[80.28979,9.46368],[80.28975,9.46384],[80.28968,9.46388],[80.28943,9.4638],[80.28935,9.46382],[80.28929,9.46388],[80.28927,9.46397],[80.28928,9.46423],[80.28926,9.4643],[80.28903,9.46435],[80.28884,9.46444],[80.28866,9.46459],[80.28841,9.46506],[80.28827,9.4654],[80.28818,9.46579],[80.28816,9.46615],[80.2882,9.46643],[80.28827,9.4665],[80.28849,9.4666],[80.2886,9.46674],[80.28861,9.46686],[80.28866,9.46694],[80.28869,9.46706],[80.28869,9.46724],[80.28872,9.46733],[80.28876,9.46737],[80.28882,9.46739],[80.28919,9.46738],[80.28947,9.46729],[80.28952,9.46723],[80.28958,9.4671],[80.2899,9.46681],[80.29019,9.46667],[80.29024,9.46661],[80.29026,9.46644],[80.29025,9.46635],[80.29019,9.46626],[80.29016,9.46612],[80.29014,9.46571],[80.29009,9.46565],[80.29005,9.46547],[80.29004,9.4651],[80.28998,9.46459]]]},"properties":{"name":null,"source":"OpenStreetMap + Natural Earth","source_id":"osm_coastline","geometry_quality":"mapped_polygon"}},{"type":"Feature","geometry":{"type":"Polygon","coordinates":[[[80.29079,9.46752],[80.29108,9.46744],[80.29116,9.46746],[80.29119,9.46755],[80.29127,9.46761],[80.29145,9.46758],[80.29178,9.46741],[80.29181,9.46733],[80.29182,9.46724],[80.29181,9.46717],[80.29176,9.46706],[80.2916,9.46696],[80.29144,9.46691],[80.29139,9.46683],[80.2914,9.46678],[80.29144,9.46671],[80.29156,9.46665],[80.29167,9.46663],[80.29185,9.46665],[80.29207,9.46673],[80.29236,9.46673],[80.2925,9.46666],[80.29284,9.4664],[80.29294,9.4663],[80.29296,9.46622],[80.29289,9.46604],[80.2928,9.46593],[80.29271,9.46583],[80.29256,9.46573],[80.29234,9.46567],[80.29211,9.46558],[80.29187,9.46559],[80.29166,9.4657],[80.29137,9.4656],[80.29089,9.46533],[80.29077,9.4653],[80.29063,9.46529],[80.29044,9.46543],[80.29035,9.46559],[80.29033,9.46573],[80.29035,9.46588],[80.29059,9.46622],[80.29077,9.46638],[80.29098,9.46672],[80.29107,9.46681],[80.29113,9.46691],[80.29113,9.46703],[80.2911,9.46708],[80.29106,9.46716],[80.29078,9.46739],[80.29072,9.46749],[80.29074,9.46752],[80.29079,9.46752]]]},"properties":{"name":null,"source":"OpenStreetMap + Natural Earth","source_id":"osm_coastline","geometry_quality":"mapped_polygon"}},{"type":"Feature","geometry":{"type":"Polygon","coordinates":[[[80.29208,9.46372],[80.29172,9.46403],[80.2917,9.46414],[80.29176,9.46424],[80.29192,9.46438],[80.29198,9.4644],[80.29225,9.46435],[80.29233,9.46431],[80.29248,9.46412],[80.29251,9.46396],[80.29249,9.4639],[80.29241,9.4638],[80.29222,9.46373],[80.29208,9.46372]]]},"properties":{"name":null,"source":"OpenStreetMap + Natural Earth","source_id":"osm_coastline","geometry_quality":"mapped_polygon"}},{"type":"Feature","geometry":{"type":"Polygon","coordinates":[[[80.29228,9.46017],[80.29205,9.46016],[80.29166,9.46008],[80.29152,9.46004],[80.29135,9.45993],[80.29123,9.45992],[80.29122,9.45997],[80.29126,9.46007],[80.29147,9.46019],[80.29155,9.46021],[80.29153,9.46026],[80.29133,9.46024],[80.29127,9.46026],[80.29122,9.46034],[80.29122,9.46041],[80.29134,9.4606],[80.29137,9.46071],[80.29141,9.46074],[80.2915,9.46075],[80.29165,9.46072],[80.29178,9.4606],[80.29175,9.46028],[80.29171,9.46025],[80.29166,9.46016],[80.292,9.46024],[80.29227,9.46024],[80.2923,9.46019],[80.29228,9.46017]]]},"properties":{"name":null,"source":"OpenStreetMap + Natural Earth","source_id":"osm_coastline","geometry_quality":"mapped_polygon"}},{"type":"Feature","geometry":{"type":"Polygon","coordinates":[[[80.29059,9.47008],[80.29064,9.47013],[80.29083,9.4702],[80.29097,9.47022],[80.29112,9.47021],[80.29143,9.47007],[80.29168,9.4699],[80.29188,9.46984],[80.29207,9.4697],[80.29211,9.46961],[80.29205,9.46939],[80.292,9.46937],[80.29178,9.4695],[80.29162,9.46952],[80.29137,9.4695],[80.29129,9.46947],[80.29119,9.46934],[80.29111,9.46933],[80.29091,9.46943],[80.29055,9.4695],[80.29049,9.46955],[80.29047,9.46963],[80.29053,9.46994],[80.29059,9.47008]]]},"properties":{"name":null,"source":"OpenStreetMap + Natural Earth","source_id":"osm_coastline","geometry_quality":"mapped_polygon"}},{"type":"Feature","geometry":{"type":"Polygon","coordinates":[[[80.29174,9.47082],[80.29164,9.47065],[80.29157,9.47061],[80.29139,9.47057],[80.29123,9.47051],[80.29117,9.47044],[80.2911,9.47029],[80.29097,9.4703],[80.29089,9.47036],[80.29099,9.47051],[80.29098,9.47073],[80.29101,9.4709],[80.2911,9.47104],[80.29147,9.47153],[80.29149,9.47154],[80.29152,9.47152],[80.2916,9.47134],[80.29175,9.47116],[80.29176,9.47104],[80.29174,9.47082]]]},"properties":{"name":null,"source":"OpenStreetMap + Natural Earth","source_id":"osm_coastline","geometry_quality":"mapped_polygon"}},{"type":"Feature","geometry":{"type":"Polygon","coordinates":[[[80.29025,9.45975],[80.29003,9.45969],[80.28986,9.45961],[80.28969,9.45961],[80.28975,9.45987],[80.28983,9.46007],[80.28988,9.46015],[80.29017,9.46039],[80.29029,9.4604],[80.29038,9.46038],[80.29048,9.46028],[80.29049,9.46011],[80.29041,9.45988],[80.29036,9.4598],[80.29025,9.45975]]]},"properties":{"name":null,"source":"OpenStreetMap + Natural Earth","source_id":"osm_coastline","geometry_quality":"mapped_polygon"}},{"type":"Feature","geometry":{"type":"Polygon","coordinates":[[[80.28818,9.46219],[80.2884,9.46212],[80.28851,9.46192],[80.28863,9.46162],[80.28868,9.46119],[80.28856,9.4608],[80.2886,9.46069],[80.28858,9.46066],[80.28856,9.46068],[80.28853,9.46075],[80.28832,9.46101],[80.28824,9.46108],[80.28818,9.4611],[80.28809,9.46107],[80.28803,9.46107],[80.28796,9.4611],[80.28788,9.46123],[80.28786,9.46155],[80.28783,9.46165],[80.28786,9.4619],[80.28795,9.46206],[80.28798,9.4622],[80.28792,9.46237],[80.28794,9.46252],[80.28803,9.46266],[80.28814,9.46273],[80.28825,9.46277],[80.28845,9.46277],[80.2885,9.46274],[80.28857,9.46267],[80.28847,9.46253],[80.2884,9.46235],[80.28838,9.46232],[80.28823,9.46229],[80.28819,9.46223],[80.28818,9.46219]]]},"properties":{"name":null,"source":"OpenStreetMap + Natural Earth","source_id":"osm_coastline","geometry_quality":"mapped_polygon"}},{"type":"Feature","geometry":{"type":"Polygon","coordinates":[[[80.28749,9.46414],[80.28752,9.46411],[80.28755,9.46388],[80.28746,9.46387],[80.28738,9.46389],[80.28732,9.46397],[80.28733,9.46407],[80.2874,9.46414],[80.28749,9.46414]]]},"properties":{"name":null,"source":"OpenStreetMap + Natural Earth","source_id":"osm_coastline","geometry_quality":"mapped_polygon"}},{"type":"Feature","geometry":{"type":"Polygon","coordinates":[[[80.2825,9.49455],[80.28242,9.4945],[80.28239,9.49439],[80.28236,9.49434],[80.28227,9.49432],[80.28224,9.49428],[80.28221,9.49421],[80.28209,9.49406],[80.28211,9.49397],[80.28211,9.49389],[80.28206,9.49383],[80.28194,9.49377],[80.28192,9.49372],[80.28195,9.49368],[80.28205,9.49373],[80.28206,9.49368],[80.28205,9.49364],[80.28153,9.49338],[80.28144,9.49325],[80.28131,9.49313],[80.28124,9.49299],[80.28115,9.49257],[80.28103,9.49232],[80.2808,9.49196],[80.2808,9.49192],[80.28087,9.49187],[80.28083,9.49169],[80.28073,9.49163],[80.28064,9.49154],[80.28065,9.49145],[80.28069,9.49141],[80.28078,9.4914],[80.28111,9.49158],[80.28157,9.49224],[80.28199,9.49257],[80.28211,9.49269],[80.28219,9.49296],[80.28238,9.49317],[80.2825,9.49325],[80.28262,9.49339],[80.28264,9.49347],[80.28271,9.49354],[80.28269,9.49363],[80.28275,9.49378],[80.28286,9.49391],[80.28319,9.49416],[80.28323,9.49428],[80.28334,9.49439],[80.28353,9.49445],[80.28366,9.49456],[80.28373,9.49457],[80.28376,9.49454],[80.28376,9.49448],[80.28347,9.49411],[80.2831,9.49381],[80.28305,9.49375],[80.28297,9.49372],[80.28284,9.49349],[80.28274,9.49324],[80.28265,9.4932],[80.28247,9.49301],[80.28228,9.49275],[80.28225,9.49265],[80.2822,9.49259],[80.28209,9.49246],[80.28197,9.49236],[80.28172,9.49208],[80.28162,9.49193],[80.28136,9.49164],[80.2812,9.49143],[80.2811,9.49137],[80.28093,9.49116],[80.28075,9.49098],[80.28067,9.49093],[80.28053,9.49073],[80.28027,9.49054],[80.27989,9.49006],[80.27942,9.48977],[80.27922,9.48973],[80.27896,9.48963],[80.27883,9.48963],[80.27872,9.48966],[80.27798,9.49007],[80.27661,9.49096],[80.27329,9.49275],[80.27234,9.49322],[80.27153,9.49356],[80.27043,9.49397],[80.26974,9.49427],[80.26933,9.49441],[80.26916,9.49449],[80.26903,9.49451],[80.26893,9.4946],[80.26889,9.4946],[80.26878,9.49449],[80.26873,9.4945],[80.26856,9.49466],[80.26826,9.49479],[80.26767,9.49493],[80.26702,9.49504],[80.26639,9.49523],[80.26625,9.49524],[80.26599,9.49518],[80.26592,9.49518],[80.2659,9.4952],[80.26591,9.49528],[80.2657,9.4953],[80.26564,9.49543],[80.26557,9.49549],[80.26552,9.4955],[80.2655,9.49554],[80.26551,9.49557],[80.26556,9.49559],[80.2659,9.49567],[80.26608,9.49569],[80.26661,9.49559],[80.26678,9.49551],[80.26733,9.49535],[80.26779,9.49509],[80.2682,9.49492],[80.26834,9.49483],[80.26839,9.49482],[80.26842,9.49485],[80.26847,9.49501],[80.26863,9.49512],[80.26887,9.49513],[80.26898,9.49504],[80.26901,9.49499],[80.26904,9.49483],[80.26909,9.49478],[80.26918,9.49478],[80.26926,9.49483],[80.26931,9.49481],[80.26932,9.49475],[80.26927,9.49457],[80.2693,9.49449],[80.26965,9.49445],[80.27009,9.49419],[80.27024,9.49415],[80.271,9.49421],[80.27137,9.49431],[80.27157,9.49433],[80.27172,9.49438],[80.27177,9.49437],[80.27204,9.49417],[80.27238,9.49386],[80.27272,9.49364],[80.27325,9.49326],[80.27354,9.49313],[80.27369,9.49311],[80.27382,9.49313],[80.27391,9.49316],[80.27419,9.49353],[80.27429,9.49361],[80.27435,9.49362],[80.27443,9.49359],[80.27452,9.49337],[80.27448,9.49309],[80.27451,9.49299],[80.27458,9.49286],[80.27472,9.49273],[80.27495,9.49256],[80.27507,9.49253],[80.2752,9.49257],[80.27527,9.49261],[80.27544,9.49261],[80.27613,9.49235],[80.27645,9.4923],[80.27667,9.49231],[80.27681,9.49233],[80.277,9.49242],[80.27714,9.49251],[80.2774,9.49273],[80.2775,9.49275],[80.27758,9.49274],[80.27799,9.49254],[80.27858,9.4922],[80.27905,9.49211],[80.27925,9.49203],[80.27936,9.49194],[80.27945,9.49176],[80.27954,9.49171],[80.27984,9.49173],[80.27992,9.49171],[80.28009,9.49161],[80.28019,9.49172],[80.28022,9.49183],[80.28029,9.4922],[80.2804,9.49263],[80.28052,9.493],[80.28062,9.49349],[80.28068,9.49361],[80.28085,9.49379],[80.28098,9.49414],[80.28121,9.4943],[80.28192,9.49466],[80.28197,9.49473],[80.28208,9.495],[80.28215,9.49507],[80.28218,9.49508],[80.28225,9.49504],[80.28253,9.49468],[80.28255,9.49461],[80.2825,9.49455]]]},"properties":{"name":null,"source":"OpenStreetMap + Natural Earth","source_id":"osm_coastline","geometry_quality":"mapped_polygon"}},{"type":"Feature","geometry":{"type":"Polygon","coordinates":[[[80.27995,9.46281],[80.27994,9.46274],[80.27982,9.46262],[80.27958,9.4625],[80.27946,9.46247],[80.27946,9.4625],[80.2796,9.46256],[80.27963,9.4626],[80.27966,9.46274],[80.27966,9.4628],[80.27961,9.46289],[80.27942,9.46297],[80.2793,9.46314],[80.27918,9.46325],[80.27902,9.46322],[80.27888,9.46328],[80.2785,9.46352],[80.27847,9.46352],[80.27846,9.4635],[80.27847,9.46346],[80.27855,9.46343],[80.27857,9.46333],[80.27855,9.46329],[80.27849,9.4633],[80.27834,9.46362],[80.27839,9.46368],[80.27879,9.46381],[80.27891,9.46376],[80.27894,9.46372],[80.27931,9.46344],[80.27966,9.46328],[80.27976,9.46321],[80.27994,9.46292],[80.27995,9.46281]]]},"properties":{"name":null,"source":"OpenStreetMap + Natural Earth","source_id":"osm_coastline","geometry_quality":"mapped_polygon"}},{"type":"Feature","geometry":{"type":"Polygon","coordinates":[[[80.26903,9.46726],[80.26886,9.46743],[80.26848,9.46773],[80.26773,9.46825],[80.26759,9.46832],[80.26747,9.46848],[80.26709,9.46871],[80.26669,9.46888],[80.26659,9.46889],[80.26657,9.46891],[80.26661,9.46896],[80.26693,9.46911],[80.26773,9.46936],[80.26796,9.46948],[80.26801,9.46948],[80.26806,9.46946],[80.26817,9.4693],[80.26851,9.46907],[80.26895,9.46895],[80.26947,9.46896],[80.26954,9.46887],[80.26954,9.46878],[80.26948,9.46878],[80.26934,9.46885],[80.26916,9.46888],[80.26896,9.46888],[80.26894,9.46883],[80.26907,9.46872],[80.26936,9.46858],[80.26959,9.46858],[80.26968,9.46861],[80.26976,9.46869],[80.26981,9.46883],[80.26985,9.46896],[80.26987,9.46925],[80.26997,9.4696],[80.26996,9.46972],[80.26992,9.46981],[80.26973,9.46991],[80.2697,9.46988],[80.26958,9.46955],[80.26953,9.46948],[80.26942,9.46946],[80.26933,9.46956],[80.26938,9.46968],[80.26953,9.46993],[80.2696,9.46997],[80.26978,9.47001],[80.27016,9.47],[80.27033,9.46998],[80.27071,9.46989],[80.27099,9.4698],[80.27122,9.46967],[80.27125,9.46962],[80.27126,9.46945],[80.27125,9.46921],[80.27126,9.46914],[80.27167,9.46882],[80.27176,9.46864],[80.27197,9.46837],[80.27198,9.4682],[80.27196,9.46808],[80.27187,9.46797],[80.27169,9.46785],[80.27133,9.46773],[80.27114,9.4677],[80.27098,9.46762],[80.27051,9.46756],[80.27031,9.46764],[80.27016,9.46788],[80.27011,9.4679],[80.26986,9.46778],[80.2698,9.46768],[80.26972,9.46725],[80.26927,9.46698],[80.26923,9.46697],[80.2692,9.46716],[80.26903,9.46726]]]},"properties":{"name":null,"source":"OpenStreetMap + Natural Earth","source_id":"osm_coastline","geometry_quality":"mapped_polygon"}},{"type":"Feature","geometry":{"type":"Polygon","coordinates":[[[80.26313,9.46676],[80.2631,9.46652],[80.26314,9.46619],[80.26322,9.46588],[80.26332,9.46566],[80.26345,9.46544],[80.26366,9.46522],[80.264,9.46496],[80.26419,9.4649],[80.26421,9.46484],[80.26434,9.46451],[80.26434,9.46444],[80.26428,9.46426],[80.26425,9.46423],[80.26418,9.46421],[80.26408,9.46423],[80.26406,9.46431],[80.26407,9.46432],[80.26423,9.46431],[80.26428,9.46444],[80.26427,9.4645],[80.26369,9.46478],[80.26336,9.465],[80.26306,9.46517],[80.26199,9.4654],[80.26161,9.46543],[80.26146,9.46539],[80.26128,9.46529],[80.26101,9.46521],[80.26085,9.46519],[80.26071,9.46524],[80.26025,9.4655],[80.25996,9.46562],[80.2599,9.46566],[80.25994,9.46603],[80.2599,9.46618],[80.25964,9.46642],[80.25947,9.46668],[80.25934,9.46705],[80.25929,9.46727],[80.25931,9.46743],[80.25937,9.46756],[80.25989,9.46802],[80.2601,9.46841],[80.26026,9.46858],[80.26048,9.46868],[80.26068,9.46871],[80.26116,9.46904],[80.2614,9.46935],[80.26161,9.46953],[80.26166,9.46971],[80.2619,9.4701],[80.26195,9.47015],[80.26212,9.4702],[80.26235,9.47022],[80.26253,9.47018],[80.2628,9.47008],[80.26304,9.46989],[80.26343,9.4695],[80.26381,9.46904],[80.26409,9.46838],[80.26476,9.46781],[80.26476,9.46769],[80.26471,9.46758],[80.26461,9.46746],[80.26431,9.46739],[80.26379,9.46749],[80.26354,9.46742],[80.2633,9.46713],[80.26313,9.46676]]]},"properties":{"name":null,"source":"OpenStreetMap + Natural Earth","source_id":"osm_coastline","geometry_quality":"mapped_polygon"}},{"type":"Feature","geometry":{"type":"Polygon","coordinates":[[[80.25205,9.4737],[80.25208,9.47362],[80.25208,9.4735],[80.25217,9.4734],[80.25217,9.47331],[80.25184,9.4732],[80.25172,9.47307],[80.2509,9.47201],[80.25086,9.47192],[80.25084,9.47182],[80.25074,9.47163],[80.25062,9.4715],[80.25022,9.47124],[80.25019,9.47109],[80.25025,9.47095],[80.25033,9.47085],[80.25049,9.47079],[80.25077,9.47051],[80.25091,9.47043],[80.25103,9.47041],[80.25106,9.47028],[80.25105,9.47014],[80.25099,9.47],[80.25034,9.46966],[80.25019,9.46962],[80.25002,9.46963],[80.2499,9.46959],[80.24963,9.46945],[80.24946,9.46945],[80.24932,9.46941],[80.24923,9.46944],[80.24905,9.46965],[80.24899,9.4699],[80.24888,9.47018],[80.24883,9.47055],[80.24886,9.47098],[80.24884,9.47108],[80.24888,9.47146],[80.24882,9.47167],[80.24872,9.47185],[80.24851,9.47215],[80.24831,9.47239],[80.24813,9.47253],[80.24785,9.47282],[80.24766,9.4731],[80.2476,9.47317],[80.24757,9.47328],[80.2476,9.47332],[80.24763,9.47332],[80.24782,9.47327],[80.24792,9.47326],[80.24816,9.47332],[80.24837,9.4733],[80.24853,9.47333],[80.2486,9.47341],[80.2487,9.4738],[80.24878,9.47405],[80.24883,9.47413],[80.24889,9.47418],[80.24923,9.47411],[80.2494,9.47405],[80.24955,9.47385],[80.2496,9.47369],[80.24972,9.47344],[80.24982,9.47338],[80.24989,9.4734],[80.24999,9.47338],[80.25003,9.47333],[80.25006,9.4732],[80.2501,9.47316],[80.25016,9.47316],[80.25033,9.47321],[80.25032,9.47337],[80.25035,9.47343],[80.25051,9.47352],[80.2506,9.47351],[80.25077,9.47343],[80.25108,9.47319],[80.25125,9.47311],[80.25133,9.4731],[80.25197,9.47342],[80.25203,9.47351],[80.25202,9.47368],[80.25205,9.4737]]]},"properties":{"name":null,"source":"OpenStreetMap + Natural Earth","source_id":"osm_coastline","geometry_quality":"mapped_polygon"}},{"type":"Feature","geometry":{"type":"Polygon","coordinates":[[[80.20545,9.53674],[80.20558,9.53669],[80.20564,9.53669],[80.20567,9.53671],[80.20579,9.53671],[80.20598,9.53684],[80.20604,9.53684],[80.20642,9.53642],[80.20655,9.53632],[80.20678,9.53621],[80.20687,9.53622],[80.20711,9.53629],[80.20731,9.53632],[80.20747,9.53632],[80.2078,9.53639],[80.20884,9.53642],[80.20913,9.53635],[80.20961,9.53612],[80.2097,9.53597],[80.20981,9.535],[80.20993,9.5347],[80.20988,9.53442],[80.20984,9.53432],[80.20956,9.53401],[80.20947,9.53383],[80.20912,9.53391],[80.20905,9.53389],[80.20887,9.53374],[80.2084,9.5337],[80.20816,9.53363],[80.20805,9.53362],[80.20789,9.53363],[80.20759,9.53372],[80.2071,9.53382],[80.20698,9.53387],[80.2069,9.53411],[80.20668,9.53439],[80.20628,9.53498],[80.20599,9.53509],[80.20592,9.53527],[80.20582,9.53535],[80.20544,9.53547],[80.205,9.53576],[80.20478,9.53587],[80.20445,9.5361],[80.20394,9.53635],[80.20378,9.53647],[80.20372,9.53654],[80.20366,9.53667],[80.20368,9.53674],[80.20389,9.53686],[80.20415,9.53693],[80.20455,9.53698],[80.20521,9.53691],[80.20535,9.53686],[80.20545,9.53674]]]},"properties":{"name":null,"source":"OpenStreetMap + Natural Earth","source_id":"osm_coastline","geometry_quality":"mapped_polygon"}},{"type":"Feature","geometry":{"type":"Polygon","coordinates":[[[80.19481,9.64416],[80.19483,9.64404],[80.19496,9.64365],[80.19568,9.64266],[80.19581,9.64269],[80.19593,9.64257],[80.19597,9.64248],[80.19601,9.64216],[80.19608,9.64203],[80.19624,9.6419],[80.19649,9.64176],[80.19677,9.64147],[80.19705,9.64128],[80.19723,9.64123],[80.19732,9.64118],[80.19739,9.6411],[80.1974,9.6409],[80.19873,9.63974],[80.19877,9.63973],[80.1989,9.63976],[80.19902,9.63975],[80.19907,9.63956],[80.19961,9.63941],[80.19981,9.63945],[80.19996,9.63953],[80.20014,9.63954],[80.20062,9.63953],[80.20093,9.63948],[80.20123,9.6395],[80.20135,9.63954],[80.2016,9.63975],[80.20179,9.63985],[80.20196,9.63988],[80.20204,9.63996],[80.20228,9.64051],[80.2025,9.64083],[80.20276,9.64109],[80.20286,9.64127],[80.20295,9.64126],[80.20298,9.64114],[80.20292,9.64027],[80.20289,9.64009],[80.20283,9.63993],[80.20273,9.63973],[80.20259,9.63936],[80.2024,9.63911],[80.20213,9.63885],[80.20203,9.63878],[80.20183,9.63875],[80.20154,9.63879],[80.20091,9.63894],[80.20053,9.63907],[80.20029,9.63909],[80.19996,9.63916],[80.19966,9.63917],[80.19947,9.6392],[80.1992,9.63929],[80.19885,9.63956],[80.19875,9.6396],[80.1983,9.64002],[80.19785,9.64034],[80.19701,9.64112],[80.19671,9.64136],[80.19648,9.64161],[80.19623,9.64176],[80.19602,9.64197],[80.19593,9.64209],[80.19587,9.64221],[80.19573,9.64237],[80.19558,9.64248],[80.19554,9.64254],[80.19549,9.6427],[80.19539,9.64284],[80.19523,9.64298],[80.19499,9.64315],[80.19491,9.6433],[80.19492,9.64355],[80.19481,9.64378],[80.19473,9.64416],[80.19461,9.64456],[80.1946,9.64464],[80.19466,9.64488],[80.19471,9.64489],[80.19478,9.64487],[80.19483,9.6448],[80.19482,9.64477],[80.19476,9.64471],[80.19476,9.64466],[80.19482,9.64448],[80.19481,9.64416]]]},"properties":{"name":null,"source":"OpenStreetMap + Natural Earth","source_id":"osm_coastline","geometry_quality":"mapped_polygon"}},{"type":"Feature","geometry":{"type":"Polygon","coordinates":[[[80.19945,9.54199],[80.19952,9.54185],[80.19958,9.54176],[80.19971,9.54156],[80.19977,9.54147],[80.19979,9.54134],[80.19982,9.54129],[80.19985,9.54123],[80.19989,9.54112],[80.1999,9.54104],[80.19994,9.541],[80.19997,9.54099],[80.20005,9.54103],[80.20012,9.54106],[80.20019,9.54114],[80.2003,9.54118],[80.20041,9.54119],[80.20057,9.54117],[80.20081,9.54115],[80.20101,9.54109],[80.2011,9.54104],[80.20116,9.54092],[80.2012,9.54084],[80.20124,9.54069],[80.20128,9.5405],[80.20129,9.54039],[80.20131,9.54022],[80.20132,9.54014],[80.20134,9.5401],[80.20139,9.54002],[80.20141,9.53996],[80.20141,9.53989],[80.2014,9.53972],[80.2014,9.5394],[80.20134,9.53925],[80.20117,9.53911],[80.20108,9.53909],[80.20086,9.53915],[80.20077,9.53923],[80.20066,9.5393],[80.20062,9.53944],[80.20059,9.53955],[80.20057,9.5397],[80.20059,9.5398],[80.20056,9.53992],[80.20047,9.54001],[80.20016,9.54024],[80.19983,9.54059],[80.19953,9.54104],[80.19928,9.54155],[80.19908,9.54178],[80.19896,9.54207],[80.19895,9.54211],[80.19897,9.54218],[80.19904,9.54222],[80.19913,9.54225],[80.19923,9.54225],[80.1993,9.54222],[80.19935,9.54219],[80.1994,9.54212],[80.19945,9.54199]]]},"properties":{"name":null,"source":"OpenStreetMap + Natural Earth","source_id":"osm_coastline","geometry_quality":"mapped_polygon"}},{"type":"Feature","geometry":{"type":"Polygon","coordinates":[[[80.19181,9.60258],[80.19214,9.60251],[80.19276,9.60205],[80.19304,9.60177],[80.19313,9.60146],[80.19314,9.60131],[80.1931,9.60088],[80.19308,9.60075],[80.19301,9.60059],[80.19293,9.60054],[80.19289,9.60042],[80.19273,9.60031],[80.19267,9.6003],[80.19187,9.60052],[80.19154,9.60058],[80.1915,9.60054],[80.19151,9.60049],[80.1922,9.59965],[80.19249,9.5992],[80.19262,9.59883],[80.19263,9.59853],[80.1928,9.59728],[80.19296,9.59692],[80.1931,9.59678],[80.19326,9.5967],[80.19328,9.59666],[80.19326,9.5966],[80.1931,9.59639],[80.19275,9.5961],[80.19253,9.59596],[80.19219,9.59587],[80.19161,9.59582],[80.19115,9.59591],[80.19087,9.59591],[80.1903,9.59609],[80.18993,9.59617],[80.18931,9.59621],[80.18832,9.59614],[80.18803,9.59608],[80.18779,9.59596],[80.18729,9.59561],[80.18714,9.59556],[80.18703,9.59553],[80.18618,9.59548],[80.1861,9.59547],[80.18609,9.59544],[80.18612,9.59536],[80.18618,9.59533],[80.18628,9.59532],[80.18698,9.59537],[80.18728,9.59543],[80.18739,9.59546],[80.18777,9.5957],[80.18803,9.59592],[80.18816,9.59596],[80.1883,9.59596],[80.18848,9.59589],[80.18864,9.59586],[80.18896,9.5957],[80.18902,9.59565],[80.18901,9.59554],[80.18887,9.59549],[80.18869,9.5953],[80.18786,9.5951],[80.18706,9.59516],[80.187,9.59512],[80.18698,9.59504],[80.18691,9.59502],[80.18608,9.59517],[80.18586,9.59527],[80.18552,9.59551],[80.18539,9.59558],[80.18528,9.5956],[80.18518,9.59558],[80.18509,9.59559],[80.18501,9.59573],[80.18487,9.59581],[80.18473,9.59596],[80.18468,9.59617],[80.18467,9.59641],[80.18485,9.59683],[80.18503,9.59746],[80.18518,9.59766],[80.18524,9.59786],[80.1853,9.59795],[80.1854,9.59827],[80.18543,9.59863],[80.18551,9.59888],[80.18554,9.59892],[80.1857,9.59897],[80.18579,9.59903],[80.18582,9.59923],[80.18581,9.59932],[80.18583,9.59933],[80.18613,9.59928],[80.18645,9.59942],[80.18669,9.59956],[80.18694,9.59975],[80.18718,9.59998],[80.18806,9.60044],[80.18857,9.60087],[80.1891,9.60137],[80.1894,9.60156],[80.18976,9.60189],[80.1901,9.60205],[80.19052,9.60215],[80.19085,9.60233],[80.19138,9.60251],[80.19181,9.60258]]]},"properties":{"name":null,"source":"OpenStreetMap + Natural Earth","source_id":"osm_coastline","geometry_quality":"mapped_polygon"}},{"type":"Feature","geometry":{"type":"Polygon","coordinates":[[[80.16466,9.64302],[80.16489,9.64325],[80.16508,9.64337],[80.16522,9.6434],[80.16528,9.64345],[80.16531,9.64364],[80.16534,9.64368],[80.16536,9.64366],[80.16539,9.64344],[80.16557,9.64338],[80.16588,9.64337],[80.16649,9.64322],[80.16689,9.64318],[80.16707,9.64321],[80.16715,9.64325],[80.16718,9.64339],[80.16715,9.64352],[80.16702,9.64366],[80.16673,9.64415],[80.16664,9.64419],[80.16655,9.64419],[80.16621,9.6441],[80.16615,9.64414],[80.16612,9.6442],[80.16635,9.64499],[80.16638,9.64528],[80.16655,9.64566],[80.16677,9.6459],[80.16687,9.64595],[80.167,9.64597],[80.16717,9.64593],[80.16728,9.64567],[80.16733,9.64563],[80.16741,9.64561],[80.16766,9.64573],[80.16783,9.64584],[80.16791,9.64594],[80.16795,9.64611],[80.16817,9.64624],[80.16827,9.64625],[80.16847,9.64611],[80.16851,9.6461],[80.16862,9.64614],[80.16866,9.64618],[80.16865,9.64627],[80.16861,9.64631],[80.16855,9.64643],[80.16848,9.64647],[80.16832,9.64643],[80.16825,9.64645],[80.16812,9.64669],[80.16814,9.64675],[80.1684,9.64707],[80.16853,9.64711],[80.16867,9.64711],[80.16873,9.64706],[80.16898,9.64667],[80.16901,9.64649],[80.16908,9.64633],[80.16907,9.64626],[80.16882,9.64594],[80.16874,9.64574],[80.16887,9.64533],[80.16894,9.64519],[80.16906,9.64508],[80.16913,9.64499],[80.16925,9.64492],[80.16939,9.64502],[80.16942,9.64514],[80.16945,9.64518],[80.16948,9.64508],[80.16968,9.64486],[80.16974,9.64474],[80.16982,9.64465],[80.16988,9.64453],[80.16988,9.64446],[80.16987,9.64441],[80.16979,9.64435],[80.16975,9.64427],[80.16977,9.64416],[80.16984,9.64398],[80.1704,9.64303],[80.17047,9.6428],[80.17055,9.64265],[80.17066,9.64256],[80.17082,9.6425],[80.17104,9.64262],[80.17134,9.64269],[80.1716,9.64278],[80.1719,9.64277],[80.17203,9.64279],[80.17241,9.64281],[80.17249,9.64283],[80.17262,9.64294],[80.17278,9.64301],[80.17304,9.64306],[80.1731,9.64304],[80.17314,9.64299],[80.17313,9.64293],[80.17304,9.64289],[80.17281,9.64285],[80.17266,9.6428],[80.1726,9.64275],[80.17249,9.64271],[80.17206,9.64272],[80.17186,9.6427],[80.17169,9.64266],[80.1714,9.64247],[80.17128,9.6423],[80.17123,9.64228],[80.17095,9.64242],[80.17084,9.64243],[80.17067,9.64242],[80.17063,9.64236],[80.1706,9.64209],[80.17063,9.64158],[80.17049,9.6408],[80.17038,9.64062],[80.17032,9.64047],[80.17033,9.64039],[80.17019,9.64011],[80.17002,9.63998],[80.16986,9.63991],[80.16961,9.63987],[80.16957,9.6399],[80.16962,9.63993],[80.16971,9.63994],[80.16992,9.64004],[80.17,9.64011],[80.16996,9.64025],[80.16999,9.64043],[80.17006,9.64055],[80.17016,9.64066],[80.17024,9.6408],[80.17025,9.64091],[80.17023,9.64096],[80.17016,9.64102],[80.17008,9.64103],[80.16997,9.64098],[80.16977,9.64085],[80.16955,9.64077],[80.16947,9.64078],[80.16921,9.64093],[80.16916,9.64102],[80.16916,9.64125],[80.16911,9.64134],[80.16901,9.64135],[80.16882,9.64126],[80.16865,9.64111],[80.16854,9.64107],[80.16848,9.64096],[80.16845,9.64054],[80.16829,9.63989],[80.16822,9.63949],[80.16812,9.63925],[80.16805,9.63919],[80.16794,9.63915],[80.16771,9.63921],[80.16749,9.63933],[80.16726,9.63953],[80.16706,9.63959],[80.16642,9.63975],[80.16585,9.63975],[80.16543,9.63944],[80.16527,9.63947],[80.16498,9.63961],[80.16489,9.63971],[80.16447,9.64034],[80.16436,9.64061],[80.16431,9.64086],[80.16429,9.6414],[80.16426,9.64164],[80.16426,9.64197],[80.16422,9.64215],[80.16424,9.6424],[80.16428,9.64258],[80.16441,9.64281],[80.16466,9.64302]]]},"properties":{"name":null,"source":"OpenStreetMap + Natural Earth","source_id":"osm_coastline","geometry_quality":"mapped_polygon"}},{"type":"Feature","geometry":{"type":"Polygon","coordinates":[[[80.16252,9.63998],[80.16267,9.63987],[80.16279,9.63973],[80.16288,9.63941],[80.16294,9.6391],[80.16303,9.63901],[80.16325,9.63891],[80.16345,9.63886],[80.16394,9.63889],[80.16402,9.63888],[80.16411,9.63881],[80.16426,9.63876],[80.16477,9.63877],[80.16488,9.63874],[80.16504,9.63874],[80.16533,9.63879],[80.1654,9.63885],[80.16549,9.63887],[80.1656,9.63887],[80.16578,9.6388],[80.16589,9.63874],[80.16595,9.6386],[80.16599,9.63823],[80.16596,9.63807],[80.16579,9.63778],[80.1657,9.63769],[80.16539,9.63752],[80.16482,9.63729],[80.16433,9.63695],[80.16421,9.63681],[80.16399,9.63673],[80.16345,9.63674],[80.16321,9.63671],[80.16305,9.63663],[80.16299,9.63662],[80.16288,9.63668],[80.16283,9.63674],[80.16275,9.63684],[80.16248,9.63735],[80.16213,9.63771],[80.16176,9.63862],[80.16145,9.63925],[80.16125,9.63973],[80.16124,9.63981],[80.16126,9.63993],[80.16133,9.64003],[80.16166,9.64039],[80.16177,9.64042],[80.16188,9.64041],[80.16226,9.64032],[80.16231,9.64029],[80.16252,9.63998]]]},"properties":{"name":null,"source":"OpenStreetMap + Natural Earth","source_id":"osm_coastline","geometry_quality":"mapped_polygon"}},{"type":"Feature","geometry":{"type":"Polygon","coordinates":[[[80.16347,9.64949],[80.16408,9.64936],[80.16419,9.64924],[80.1645,9.6491],[80.16457,9.64889],[80.16461,9.64886],[80.16473,9.64881],[80.16472,9.64865],[80.16473,9.64857],[80.16476,9.64854],[80.1649,9.64854],[80.16536,9.64867],[80.16542,9.64867],[80.16554,9.64857],[80.16566,9.6486],[80.16559,9.64852],[80.16551,9.64849],[80.16536,9.64851],[80.16514,9.64849],[80.165,9.64846],[80.16483,9.64839],[80.16459,9.64836],[80.16452,9.64828],[80.16433,9.64817],[80.16419,9.64816],[80.1641,9.64818],[80.16404,9.64816],[80.16393,9.64804],[80.1638,9.64799],[80.16369,9.64799],[80.163,9.64822],[80.16285,9.64831],[80.16264,9.6485],[80.16251,9.64875],[80.16253,9.6489],[80.1627,9.64923],[80.16292,9.64957],[80.16301,9.64965],[80.16317,9.64968],[80.16328,9.64966],[80.16336,9.6496],[80.16341,9.64953],[80.16347,9.64949]]]},"properties":{"name":null,"source":"OpenStreetMap + Natural Earth","source_id":"osm_coastline","geometry_quality":"mapped_polygon"}},{"type":"Feature","geometry":{"type":"Polygon","coordinates":[[[80.16542,9.64616],[80.16557,9.64594],[80.16562,9.64574],[80.1656,9.64557],[80.16555,9.64547],[80.16551,9.6454],[80.16532,9.64524],[80.16521,9.64518],[80.16509,9.64515],[80.16492,9.64512],[80.16481,9.64516],[80.16475,9.64509],[80.16462,9.64509],[80.16443,9.64517],[80.16431,9.64529],[80.16422,9.64541],[80.16417,9.6456],[80.1641,9.64567],[80.16401,9.64573],[80.1638,9.64605],[80.1638,9.64612],[80.16386,9.64621],[80.16406,9.6464],[80.16427,9.64649],[80.16466,9.64656],[80.16502,9.64647],[80.16514,9.64635],[80.16522,9.64632],[80.16542,9.64616]]]},"properties":{"name":null,"source":"OpenStreetMap + Natural Earth","source_id":"osm_coastline","geometry_quality":"mapped_polygon"}},{"type":"Feature","geometry":{"type":"Polygon","coordinates":[[[80.16172,9.64604],[80.1622,9.64584],[80.16242,9.6457],[80.1626,9.64556],[80.16269,9.64539],[80.16269,9.6453],[80.16267,9.64518],[80.16255,9.64499],[80.16244,9.64488],[80.16219,9.64475],[80.16163,9.64473],[80.16116,9.64474],[80.16066,9.64481],[80.16052,9.64486],[80.16037,9.64499],[80.16027,9.64525],[80.16023,9.64545],[80.16023,9.64551],[80.16028,9.64559],[80.1606,9.64577],[80.16121,9.646],[80.16155,9.64606],[80.16172,9.64604]]]},"properties":{"name":null,"source":"OpenStreetMap + Natural Earth","source_id":"osm_coastline","geometry_quality":"mapped_polygon"}},{"type":"Feature","geometry":{"type":"Polygon","coordinates":[[[80.16174,9.64184],[80.16174,9.64192],[80.16166,9.64229],[80.16154,9.64255],[80.16163,9.64267],[80.16165,9.64279],[80.1616,9.64286],[80.16163,9.64292],[80.16169,9.64296],[80.16188,9.64295],[80.16207,9.64289],[80.16224,9.64281],[80.16231,9.64275],[80.16239,9.64264],[80.16243,9.64253],[80.16245,9.64228],[80.16241,9.6421],[80.16225,9.64173],[80.16205,9.641],[80.16202,9.64095],[80.16197,9.64093],[80.16146,9.64093],[80.1612,9.64118],[80.16113,9.64128],[80.16114,9.64163],[80.16119,9.64167],[80.16122,9.64169],[80.16128,9.64169],[80.16137,9.64161],[80.16144,9.64158],[80.16158,9.64162],[80.16169,9.64172],[80.16174,9.64184]]]},"properties":{"name":null,"source":"OpenStreetMap + Natural Earth","source_id":"osm_coastline","geometry_quality":"mapped_polygon"}},{"type":"Feature","geometry":{"type":"Polygon","coordinates":[[[80.16147,9.65168],[80.16141,9.65171],[80.16137,9.65174],[80.16135,9.65186],[80.16138,9.65201],[80.16143,9.65209],[80.16148,9.65213],[80.16167,9.65213],[80.16189,9.65193],[80.16185,9.65186],[80.16164,9.65169],[80.16147,9.65168]]]},"properties":{"name":null,"source":"OpenStreetMap + Natural Earth","source_id":"osm_coastline","geometry_quality":"mapped_polygon"}},{"type":"Feature","geometry":{"type":"Polygon","coordinates":[[[80.15992,9.64782],[80.16007,9.64787],[80.16024,9.64787],[80.1604,9.64783],[80.16048,9.64785],[80.1606,9.64798],[80.16077,9.64799],[80.16089,9.64794],[80.16095,9.64789],[80.16107,9.64772],[80.16124,9.64762],[80.16138,9.64759],[80.16142,9.64757],[80.16147,9.64746],[80.16143,9.64722],[80.16131,9.64692],[80.16125,9.64684],[80.16059,9.64647],[80.16024,9.64642],[80.16016,9.64643],[80.16009,9.64648],[80.15991,9.64684],[80.15987,9.64701],[80.15982,9.64707],[80.1598,9.64723],[80.15981,9.6474],[80.15979,9.64755],[80.15979,9.64763],[80.15984,9.64774],[80.15992,9.64782]]]},"properties":{"name":null,"source":"OpenStreetMap + Natural Earth","source_id":"osm_coastline","geometry_quality":"mapped_polygon"}},{"type":"Feature","geometry":{"type":"Polygon","coordinates":[[[80.09819,9.59509],[80.09784,9.59523],[80.09742,9.59543],[80.09639,9.59618],[80.09537,9.59669],[80.09453,9.59701],[80.09346,9.59728],[80.09223,9.59767],[80.09201,9.59773],[80.09159,9.59768],[80.09092,9.59774],[80.09053,9.59774],[80.09012,9.59785],[80.08965,9.59802],[80.0892,9.59827],[80.08893,9.5985],[80.08886,9.59863],[80.08881,9.59892],[80.08887,9.59913],[80.08894,9.5992],[80.08918,9.59923],[80.08924,9.59921],[80.08938,9.59903],[80.08986,9.599],[80.08987,9.59903],[80.0898,9.5992],[80.0897,9.59935],[80.08971,9.5994],[80.08993,9.59951],[80.09012,9.59953],[80.09026,9.59949],[80.09053,9.59936],[80.09081,9.59918],[80.09102,9.59912],[80.09192,9.59859],[80.09211,9.5985],[80.0924,9.59844],[80.09253,9.59851],[80.09327,9.59846],[80.09392,9.59831],[80.09401,9.59825],[80.09423,9.59819],[80.09434,9.5982],[80.09462,9.59809],[80.09481,9.59804],[80.09537,9.5978],[80.09596,9.59743],[80.09618,9.5974],[80.0964,9.59725],[80.09657,9.59716],[80.09684,9.59698],[80.09688,9.59696],[80.097,9.59697],[80.0971,9.59693],[80.09756,9.59662],[80.09809,9.59637],[80.09866,9.59613],[80.09888,9.59606],[80.09945,9.59578],[80.10058,9.5952],[80.10081,9.59504],[80.10099,9.59496],[80.10123,9.5948],[80.10161,9.5946],[80.10191,9.59456],[80.102,9.59457],[80.10217,9.59465],[80.10241,9.59464],[80.10291,9.59459],[80.10336,9.59445],[80.10353,9.59446],[80.1036,9.59451],[80.10365,9.59453],[80.104,9.59446],[80.10441,9.59428],[80.10447,9.59422],[80.1044,9.5942],[80.10414,9.59418],[80.10374,9.5942],[80.10331,9.59416],[80.10298,9.5942],[80.10212,9.59441],[80.10205,9.59441],[80.10194,9.59436],[80.10188,9.59436],[80.10104,9.59463],[80.10057,9.59474],[80.10045,9.59473],[80.09997,9.59479],[80.09977,9.59476],[80.09966,9.59477],[80.09948,9.59484],[80.0991,9.5948],[80.09819,9.59509]]]},"properties":{"name":null,"source":"OpenStreetMap + Natural Earth","source_id":"osm_coastline","geometry_quality":"mapped_polygon"}},{"type":"Feature","geometry":{"type":"Polygon","coordinates":[[[80.08384,9.31993],[80.08385,9.31931],[80.0839,9.31896],[80.08401,9.31865],[80.08408,9.31827],[80.08423,9.31793],[80.08487,9.31685],[80.08536,9.31631],[80.08554,9.31606],[80.08579,9.31567],[80.08626,9.31533],[80.08711,9.31479],[80.08781,9.31459],[80.088,9.31449],[80.08858,9.31405],[80.08874,9.31389],[80.08963,9.3132],[80.08979,9.31286],[80.08999,9.31254],[80.09022,9.31233],[80.09021,9.31224],[80.09017,9.31215],[80.0902,9.31198],[80.09032,9.31192],[80.09034,9.31194],[80.09039,9.31211],[80.09063,9.31217],[80.09084,9.3121],[80.09084,9.31206],[80.09083,9.31201],[80.09076,9.31196],[80.09009,9.31164],[80.08996,9.31165],[80.08897,9.31155],[80.08831,9.3116],[80.08791,9.31164],[80.08695,9.31186],[80.0861,9.31209],[80.08431,9.31252],[80.08391,9.3126],[80.08375,9.3126],[80.08337,9.31255],[80.08303,9.31259],[80.08289,9.31252],[80.08193,9.31251],[80.08145,9.31257],[80.0811,9.31267],[80.08066,9.31284],[80.08053,9.31287],[80.08012,9.31282],[80.07993,9.31287],[80.07949,9.31299],[80.07915,9.31317],[80.07905,9.31328],[80.07901,9.31337],[80.07909,9.31369],[80.07909,9.31374],[80.07906,9.31379],[80.07896,9.31388],[80.07877,9.314],[80.07861,9.31419],[80.07834,9.31434],[80.0783,9.31442],[80.07808,9.31458],[80.07803,9.31469],[80.07787,9.31484],[80.07739,9.3151],[80.07717,9.31525],[80.07705,9.31535],[80.0769,9.31554],[80.07594,9.31631],[80.07483,9.31754],[80.07472,9.31784],[80.07467,9.31826],[80.07463,9.31838],[80.07446,9.31859],[80.07409,9.31884],[80.0738,9.31917],[80.07338,9.31958],[80.0732,9.31986],[80.07303,9.32025],[80.07293,9.32066],[80.07291,9.32101],[80.07295,9.32153],[80.07303,9.32184],[80.07336,9.32231],[80.07365,9.32244],[80.07393,9.32244],[80.07445,9.32239],[80.07461,9.3224],[80.07487,9.32234],[80.07533,9.32208],[80.0756,9.32196],[80.07612,9.32163],[80.07635,9.3214],[80.07648,9.32134],[80.07669,9.32134],[80.0777,9.32144],[80.07865,9.32137],[80.07963,9.32148],[80.08085,9.32155],[80.0818,9.32154],[80.08262,9.32126],[80.083,9.32107],[80.08329,9.32085],[80.08343,9.3207],[80.0837,9.32032],[80.08379,9.32012],[80.08384,9.31993]]]},"properties":{"name":null,"source":"OpenStreetMap + Natural Earth","source_id":"osm_coastline","geometry_quality":"mapped_polygon"}},{"type":"Feature","geometry":{"type":"Polygon","coordinates":[[[80.06781,9.60989],[80.06793,9.60983],[80.06806,9.6098],[80.06818,9.60983],[80.06841,9.60974],[80.06876,9.60966],[80.06994,9.60914],[80.07032,9.60892],[80.07044,9.60891],[80.07052,9.60885],[80.07058,9.60884],[80.07087,9.60846],[80.07109,9.60826],[80.07135,9.60799],[80.07181,9.60758],[80.07304,9.6067],[80.07342,9.6065],[80.07435,9.60577],[80.07517,9.60484],[80.07568,9.60431],[80.07672,9.60344],[80.07765,9.60281],[80.07834,9.60247],[80.07861,9.60231],[80.07902,9.60214],[80.07912,9.60207],[80.07931,9.60201],[80.07991,9.60169],[80.08007,9.60158],[80.08015,9.60156],[80.08085,9.60121],[80.08129,9.60092],[80.08144,9.60088],[80.08176,9.60071],[80.08188,9.6006],[80.08203,9.60057],[80.08228,9.60042],[80.08241,9.6004],[80.08252,9.60034],[80.0827,9.60031],[80.08323,9.60009],[80.08335,9.60006],[80.08406,9.59981],[80.08434,9.59966],[80.0849,9.5995],[80.085,9.59944],[80.08524,9.59938],[80.08546,9.59925],[80.08562,9.59923],[80.08588,9.59911],[80.08659,9.59887],[80.08682,9.59875],[80.08703,9.59857],[80.08699,9.59852],[80.08695,9.59851],[80.08688,9.59855],[80.08671,9.59854],[80.08648,9.59856],[80.08613,9.59869],[80.08545,9.59887],[80.08531,9.59894],[80.08464,9.59916],[80.08047,9.60082],[80.07937,9.6012],[80.07844,9.60161],[80.0767,9.60243],[80.07575,9.60294],[80.0756,9.60305],[80.07537,9.60314],[80.07315,9.60433],[80.07257,9.60467],[80.07185,9.60514],[80.07083,9.60587],[80.07001,9.60648],[80.06986,9.60662],[80.06979,9.60674],[80.06846,9.60787],[80.06778,9.60833],[80.06752,9.60856],[80.0662,9.60942],[80.06608,9.60953],[80.06609,9.60959],[80.06626,9.60968],[80.06634,9.60977],[80.06645,9.60982],[80.06654,9.60991],[80.06664,9.60996],[80.06692,9.60999],[80.06781,9.60989]]]},"properties":{"name":null,"source":"OpenStreetMap + Natural Earth","source_id":"osm_coastline","geometry_quality":"mapped_polygon"}},{"type":"Feature","geometry":{"type":"Polygon","coordinates":[[[80.07774,9.6112],[80.07621,9.61183],[80.07615,9.61183],[80.07613,9.61187],[80.07616,9.61196],[80.07647,9.61224],[80.07657,9.61223],[80.07667,9.61217],[80.07686,9.61214],[80.07713,9.61207],[80.07742,9.61193],[80.07783,9.61177],[80.07813,9.6116],[80.07828,9.61155],[80.07856,9.6114],[80.07914,9.61115],[80.07927,9.61107],[80.07944,9.61102],[80.07977,9.61083],[80.07996,9.61079],[80.08015,9.61068],[80.08059,9.61052],[80.08067,9.61047],[80.08102,9.61033],[80.08172,9.61013],[80.08192,9.61011],[80.08218,9.61002],[80.08232,9.61],[80.08339,9.60953],[80.08373,9.60936],[80.08433,9.609],[80.08431,9.60896],[80.08416,9.609],[80.08349,9.60925],[80.08244,9.60954],[80.08082,9.61005],[80.08041,9.61023],[80.07954,9.61052],[80.07774,9.6112]]]},"properties":{"name":null,"source":"OpenStreetMap + Natural Earth","source_id":"osm_coastline","geometry_quality":"mapped_polygon"}},{"type":"Feature","geometry":{"type":"Polygon","coordinates":[[[80.05265,9.3354],[80.05265,9.33589],[80.05228,9.33741],[80.05201,9.33803],[80.05198,9.33818],[80.05203,9.33855],[80.05238,9.34017],[80.05343,9.34299],[80.05357,9.3437],[80.0536,9.34432],[80.05374,9.34509],[80.05389,9.34534],[80.05399,9.34543],[80.05419,9.34556],[80.05431,9.34567],[80.055,9.34688],[80.05558,9.34767],[80.05614,9.34811],[80.05636,9.34819],[80.05672,9.3482],[80.05685,9.34815],[80.05704,9.34796],[80.0571,9.34786],[80.05715,9.34768],[80.05715,9.34751],[80.05718,9.34737],[80.05741,9.34706],[80.05741,9.34704],[80.05691,9.34681],[80.05667,9.34666],[80.05659,9.34652],[80.05656,9.34637],[80.05661,9.34619],[80.05669,9.34602],[80.05682,9.34595],[80.0569,9.34586],[80.05695,9.3457],[80.05698,9.3455],[80.05695,9.34535],[80.05673,9.34493],[80.05672,9.34479],[80.05683,9.34395],[80.05719,9.34321],[80.0573,9.34273],[80.05727,9.34228],[80.05742,9.34194],[80.05774,9.3418],[80.05834,9.34159],[80.0589,9.3413],[80.05915,9.34106],[80.05936,9.3408],[80.05943,9.34058],[80.0594,9.34029],[80.05929,9.34006],[80.05851,9.33878],[80.05877,9.33784],[80.05819,9.33568],[80.05778,9.33529],[80.05769,9.33515],[80.05766,9.33496],[80.05764,9.33451],[80.05768,9.33427],[80.05774,9.33413],[80.05784,9.33404],[80.05794,9.33399],[80.05797,9.33395],[80.05791,9.33374],[80.05781,9.33347],[80.05775,9.33308],[80.05777,9.3328],[80.05786,9.33269],[80.0583,9.33238],[80.05867,9.33237],[80.05899,9.33248],[80.05926,9.3326],[80.05942,9.33285],[80.05939,9.333],[80.05931,9.33315],[80.05937,9.33319],[80.05944,9.33317],[80.05958,9.33307],[80.05988,9.33269],[80.06009,9.33237],[80.06026,9.33222],[80.06064,9.332],[80.06069,9.33186],[80.06069,9.33169],[80.06053,9.3314],[80.06021,9.33113],[80.05968,9.33086],[80.05958,9.33075],[80.05952,9.33026],[80.05932,9.32998],[80.05906,9.3298],[80.05876,9.32976],[80.05813,9.32978],[80.05783,9.32977],[80.05756,9.32981],[80.05727,9.3299],[80.05537,9.33092],[80.0537,9.33203],[80.05344,9.33222],[80.05323,9.33241],[80.0531,9.33266],[80.05266,9.3344],[80.05259,9.33456],[80.05258,9.33474],[80.05265,9.3354]]]},"properties":{"name":null,"source":"OpenStreetMap + Natural Earth","source_id":"osm_coastline","geometry_quality":"mapped_polygon"}},{"type":"Feature","geometry":{"type":"Polygon","coordinates":[[[80.04421,9.02461],[80.04381,9.02451],[80.04362,9.02452],[80.04352,9.02449],[80.04339,9.02453],[80.04326,9.02471],[80.04324,9.02483],[80.04326,9.02491],[80.04335,9.02502],[80.0435,9.02535],[80.04358,9.02547],[80.04376,9.02569],[80.04387,9.02579],[80.04399,9.02587],[80.04407,9.02595],[80.04411,9.02592],[80.04427,9.02561],[80.04446,9.02535],[80.04492,9.025],[80.04495,9.02494],[80.04489,9.02489],[80.04467,9.02478],[80.04421,9.02461]]]},"properties":{"name":null,"source":"OpenStreetMap + Natural Earth","source_id":"osm_coastline","geometry_quality":"mapped_polygon"}},{"type":"Feature","geometry":{"type":"Polygon","coordinates":[[[80.03905,9.01887],[80.039,9.01887],[80.03873,9.01898],[80.03854,9.01899],[80.03843,9.01903],[80.03831,9.01919],[80.03828,9.01928],[80.03829,9.01942],[80.03838,9.01958],[80.03854,9.01979],[80.03861,9.01984],[80.03866,9.01982],[80.03895,9.0195],[80.03915,9.01934],[80.03916,9.01923],[80.03913,9.01895],[80.03911,9.01889],[80.03905,9.01887]]]},"properties":{"name":null,"source":"OpenStreetMap + Natural Earth","source_id":"osm_coastline","geometry_quality":"mapped_polygon"}},{"type":"Feature","geometry":{"type":"Polygon","coordinates":[[[80.03286,9.62699],[80.03285,9.62698],[80.03283,9.62697],[80.03282,9.62697],[80.03281,9.62699],[80.03281,9.627],[80.03284,9.62702],[80.03285,9.62702],[80.03286,9.62702],[80.03286,9.62701],[80.03286,9.62699]]]},"properties":{"name":null,"source":"OpenStreetMap + Natural Earth","source_id":"osm_coastline","geometry_quality":"mapped_polygon"}},{"type":"Feature","geometry":{"type":"Polygon","coordinates":[[[80.00782,9.47534],[80.00756,9.47572],[80.00741,9.47596],[80.00709,9.47627],[80.00703,9.47635],[80.00705,9.47646],[80.007,9.4766],[80.00686,9.47683],[80.00615,9.47755],[80.0057,9.47805],[80.00493,9.47888],[80.00462,9.47922],[80.00441,9.47951],[80.00412,9.47993],[80.00399,9.48017],[80.00392,9.48042],[80.00392,9.48066],[80.00399,9.4809],[80.00415,9.48152],[80.00426,9.48192],[80.00431,9.48216],[80.00451,9.48262],[80.00468,9.48313],[80.00497,9.48406],[80.00513,9.48438],[80.00529,9.48458],[80.00542,9.48467],[80.00557,9.48471],[80.00565,9.48472],[80.00575,9.48474],[80.00592,9.48479],[80.00621,9.48482],[80.00684,9.48484],[80.00779,9.48487],[80.0084,9.48516],[80.00893,9.48526],[80.00931,9.48519],[80.00959,9.48509],[80.00994,9.48508],[80.01032,9.4851],[80.01093,9.48512],[80.01134,9.48509],[80.01169,9.48513],[80.01198,9.4851],[80.0122,9.48509],[80.01238,9.48503],[80.01273,9.485],[80.01295,9.48495],[80.01351,9.48479],[80.01429,9.48462],[80.0146,9.48458],[80.01482,9.48452],[80.01497,9.48444],[80.01511,9.48438],[80.01525,9.48428],[80.01539,9.48416],[80.01557,9.48394],[80.01573,9.48363],[80.0159,9.48341],[80.0161,9.48291],[80.01635,9.4825],[80.01681,9.48201],[80.01719,9.48167],[80.01747,9.48159],[80.01767,9.48123],[80.01764,9.48074],[80.01775,9.48017],[80.01799,9.47925],[80.01805,9.47884],[80.01801,9.47841],[80.01804,9.47775],[80.01804,9.47739],[80.01803,9.47703],[80.01794,9.47678],[80.01794,9.47661],[80.01781,9.47621],[80.01776,9.47607],[80.01762,9.47577],[80.01756,9.47555],[80.01757,9.47514],[80.01751,9.47494],[80.01741,9.47474],[80.01734,9.47461],[80.01704,9.47423],[80.01686,9.47403],[80.01664,9.47373],[80.01641,9.47339],[80.01629,9.47316],[80.01613,9.47299],[80.01594,9.47279],[80.01578,9.47258],[80.01554,9.47239],[80.01544,9.47223],[80.01521,9.47203],[80.01487,9.47173],[80.01481,9.47165],[80.01475,9.47146],[80.01468,9.47136],[80.01461,9.4712],[80.0144,9.47093],[80.01427,9.47058],[80.01417,9.4702],[80.01411,9.47001],[80.01413,9.46979],[80.01409,9.46942],[80.01412,9.46928],[80.01426,9.46885],[80.01439,9.46836],[80.01442,9.46802],[80.01445,9.46781],[80.01453,9.46761],[80.01465,9.46745],[80.01477,9.46733],[80.01487,9.46726],[80.015,9.46724],[80.01504,9.46722],[80.01504,9.46716],[80.01501,9.46711],[80.01492,9.46702],[80.01484,9.46699],[80.01476,9.46704],[80.01464,9.46712],[80.01443,9.46716],[80.01423,9.46716],[80.01401,9.46705],[80.01391,9.46696],[80.01381,9.46693],[80.0136,9.46692],[80.01349,9.46686],[80.01342,9.46676],[80.01337,9.46664],[80.0133,9.46658],[80.01322,9.46655],[80.01296,9.46651],[80.01273,9.46644],[80.01244,9.46628],[80.01228,9.46614],[80.01224,9.46605],[80.01219,9.46594],[80.01212,9.46587],[80.01196,9.46584],[80.01181,9.4658],[80.01173,9.4658],[80.01164,9.46586],[80.01153,9.46595],[80.0113,9.46605],[80.01103,9.46614],[80.01076,9.46629],[80.01056,9.46636],[80.01027,9.46662],[80.01,9.46681],[80.00982,9.46688],[80.00967,9.46692],[80.00964,9.46695],[80.00964,9.46707],[80.00956,9.46722],[80.00949,9.46746],[80.00949,9.46756],[80.00963,9.46785],[80.00965,9.46813],[80.0097,9.46826],[80.0098,9.46843],[80.00988,9.46847],[80.00991,9.46855],[80.00989,9.46876],[80.00983,9.46896],[80.00981,9.46918],[80.00977,9.46923],[80.00973,9.46942],[80.00977,9.46953],[80.00976,9.46965],[80.00969,9.46981],[80.00961,9.46995],[80.00965,9.47013],[80.0098,9.47045],[80.00998,9.47069],[80.01009,9.47103],[80.01024,9.47143],[80.01027,9.47169],[80.01036,9.47193],[80.01031,9.47217],[80.0102,9.47234],[80.01015,9.4724],[80.00964,9.47304],[80.00906,9.47368],[80.00869,9.47405],[80.0085,9.47428],[80.00845,9.47442],[80.00841,9.47455],[80.008,9.47502],[80.00795,9.47518],[80.00782,9.47534]]]},"properties":{"name":null,"source":"OpenStreetMap + Natural Earth","source_id":"osm_coastline","geometry_quality":"mapped_polygon"}},{"type":"Feature","geometry":{"type":"Polygon","coordinates":[[[80.01278,9.64135],[80.01163,9.64187],[80.00981,9.64272],[80.00865,9.64319],[80.00798,9.6435],[80.00674,9.64425],[80.00605,9.6447],[80.00546,9.64509],[80.00458,9.64571],[80.00392,9.64623],[80.00306,9.64725],[80.00288,9.6476],[80.00285,9.64786],[80.00288,9.64812],[80.0028,9.64836],[80.00284,9.64863],[80.00306,9.64894],[80.0032,9.64904],[80.00329,9.64892],[80.00327,9.6487],[80.00312,9.6485],[80.00312,9.64845],[80.00325,9.64843],[80.00355,9.64825],[80.00366,9.6479],[80.00364,9.64768],[80.00355,9.64744],[80.00369,9.6473],[80.00367,9.6472],[80.0038,9.64728],[80.00399,9.64756],[80.00429,9.64775],[80.00446,9.64789],[80.00456,9.64802],[80.00481,9.64812],[80.00504,9.64829],[80.00541,9.64835],[80.00617,9.64823],[80.00677,9.64806],[80.00698,9.64795],[80.00715,9.64793],[80.00799,9.64732],[80.00837,9.64692],[80.00882,9.64628],[80.00929,9.64571],[80.00929,9.64564],[80.01072,9.64462],[80.01141,9.64404],[80.01206,9.6434],[80.01273,9.64299],[80.01345,9.64224],[80.01381,9.64154],[80.01342,9.64134],[80.01278,9.64135]]]},"properties":{"name":null,"source":"OpenStreetMap + Natural Earth","source_id":"osm_coastline","geometry_quality":"mapped_polygon"}},{"type":"Feature","geometry":{"type":"Polygon","coordinates":[[[79.98643,9.3064],[79.98668,9.3062],[79.98722,9.30588],[79.98749,9.30576],[79.98769,9.30559],[79.98774,9.3054],[79.98771,9.30524],[79.9878,9.30505],[79.98796,9.30485],[79.98795,9.30468],[79.98806,9.30427],[79.98807,9.30421],[79.98793,9.30394],[79.98784,9.30358],[79.98785,9.30351],[79.98798,9.30338],[79.98831,9.30311],[79.98842,9.30297],[79.98842,9.3029],[79.98839,9.30284],[79.9883,9.30281],[79.98817,9.30286],[79.98788,9.30311],[79.98776,9.3031],[79.98771,9.30303],[79.98745,9.30236],[79.98747,9.30209],[79.98755,9.30192],[79.98773,9.30165],[79.9881,9.3012],[79.98834,9.30071],[79.98838,9.30048],[79.98839,9.30027],[79.98835,9.30004],[79.98839,9.29987],[79.98846,9.29977],[79.98937,9.29906],[79.99022,9.29819],[79.99025,9.29809],[79.99027,9.29792],[79.99035,9.2977],[79.9905,9.29745],[79.99052,9.29739],[79.9905,9.29671],[79.99051,9.29661],[79.99071,9.29629],[79.99085,9.29582],[79.99091,9.29572],[79.99126,9.29535],[79.99159,9.29505],[79.99166,9.29495],[79.99168,9.29485],[79.99184,9.29449],[79.9919,9.29418],[79.99193,9.29371],[79.992,9.29345],[79.99211,9.29318],[79.99245,9.29257],[79.99259,9.29227],[79.99264,9.29202],[79.99274,9.29171],[79.99274,9.29166],[79.99264,9.29155],[79.99253,9.29151],[79.99249,9.29156],[79.99244,9.2918],[79.99248,9.29193],[79.99252,9.29219],[79.99245,9.29241],[79.99223,9.29256],[79.99134,9.29281],[79.99129,9.29287],[79.99128,9.29322],[79.99134,9.29344],[79.99135,9.29399],[79.99139,9.29407],[79.9915,9.29413],[79.99161,9.29425],[79.99159,9.29431],[79.99155,9.29434],[79.99134,9.29441],[79.99122,9.29435],[79.99111,9.29424],[79.99097,9.29392],[79.99079,9.29369],[79.99071,9.29355],[79.99064,9.29347],[79.99039,9.29332],[79.99032,9.29324],[79.9903,9.2931],[79.9903,9.29269],[79.99032,9.29255],[79.9904,9.29246],[79.99049,9.29243],[79.99052,9.29239],[79.99052,9.29232],[79.9904,9.29208],[79.99027,9.29191],[79.99027,9.29186],[79.99035,9.29178],[79.99052,9.29173],[79.9907,9.29181],[79.99082,9.29184],[79.99092,9.29183],[79.99099,9.29173],[79.99099,9.2913],[79.99101,9.29124],[79.99107,9.29116],[79.99119,9.29109],[79.99135,9.29106],[79.99132,9.29088],[79.99127,9.2908],[79.99126,9.29067],[79.99118,9.29062],[79.99115,9.29045],[79.99106,9.29038],[79.991,9.29028],[79.99106,9.29015],[79.99115,9.29005],[79.99119,9.28988],[79.99115,9.28944],[79.99118,9.28931],[79.99124,9.2892],[79.99126,9.28891],[79.99145,9.28865],[79.99214,9.288],[79.99279,9.28752],[79.99386,9.28679],[79.99468,9.28632],[79.99523,9.28582],[79.99541,9.28558],[79.99556,9.28553],[79.99583,9.28551],[79.99607,9.28562],[79.9961,9.28568],[79.99612,9.28578],[79.9961,9.28595],[79.99602,9.28616],[79.99607,9.28633],[79.99606,9.28642],[79.99593,9.28688],[79.99594,9.28691],[79.99598,9.28691],[79.99607,9.28666],[79.99622,9.28663],[79.99628,9.2867],[79.99631,9.28682],[79.99622,9.28705],[79.99623,9.28712],[79.99635,9.28726],[79.99637,9.28732],[79.9964,9.28749],[79.99641,9.28781],[79.99637,9.28811],[79.99638,9.28826],[79.99633,9.28839],[79.99606,9.28862],[79.99602,9.28874],[79.99604,9.28926],[79.99596,9.28948],[79.99593,9.28972],[79.99596,9.28979],[79.996,9.28983],[79.99602,9.28983],[79.99602,9.28956],[79.99608,9.28938],[79.9961,9.28921],[79.99615,9.28917],[79.99621,9.28915],[79.99635,9.28922],[79.99638,9.28922],[79.99655,9.28911],[79.99679,9.28909],[79.99727,9.28915],[79.99735,9.2892],[79.99743,9.28928],[79.99754,9.28947],[79.99759,9.2898],[79.99759,9.28994],[79.99755,9.29014],[79.99744,9.2903],[79.99725,9.29051],[79.99703,9.29086],[79.99717,9.29078],[79.99726,9.29082],[79.99734,9.29089],[79.99743,9.29092],[79.99746,9.29089],[79.99748,9.29064],[79.99769,9.29059],[79.99796,9.29039],[79.99822,9.29031],[79.9986,9.29031],[79.99882,9.29027],[79.99902,9.29019],[79.99941,9.28994],[79.99958,9.28978],[79.99992,9.28907],[80.00028,9.28864],[80.00045,9.28857],[80.00065,9.28854],[80.00082,9.28848],[80.00097,9.28837],[80.00106,9.28816],[80.00113,9.28769],[80.00122,9.28758],[80.00133,9.28749],[80.00189,9.28742],[80.00211,9.28747],[80.00228,9.28745],[80.00316,9.28728],[80.00378,9.28712],[80.00403,9.28709],[80.00424,9.28709],[80.00447,9.28717],[80.00463,9.28717],[80.0048,9.28714],[80.00491,9.2871],[80.00498,9.28704],[80.00507,9.28691],[80.00527,9.28656],[80.0053,9.28604],[80.00528,9.28583],[80.0053,9.2857],[80.00521,9.28514],[80.00485,9.28463],[80.00479,9.28444],[80.00479,9.28412],[80.00484,9.28399],[80.00507,9.28364],[80.00516,9.28344],[80.00517,9.28332],[80.00515,9.28326],[80.00502,9.2831],[80.00495,9.28283],[80.00485,9.28259],[80.00478,9.2825],[80.00478,9.2822],[80.00484,9.28209],[80.00496,9.28197],[80.0051,9.28183],[80.0053,9.2817],[80.00569,9.28164],[80.00588,9.28167],[80.00598,9.28175],[80.00602,9.28194],[80.00599,9.28198],[80.0059,9.28197],[80.00584,9.28187],[80.00581,9.28188],[80.0058,9.28202],[80.00589,9.28215],[80.00602,9.28214],[80.00609,9.28188],[80.00589,9.28152],[80.00589,9.28106],[80.00584,9.28082],[80.00578,9.2807],[80.00557,9.28047],[80.00545,9.2803],[80.00522,9.28014],[80.00506,9.28007],[80.00474,9.27975],[80.00466,9.27958],[80.00464,9.27933],[80.00459,9.27922],[80.00436,9.27903],[80.00433,9.27895],[80.0043,9.27885],[80.00433,9.27861],[80.0045,9.27824],[80.00458,9.278],[80.00469,9.27779],[80.00483,9.2776],[80.00501,9.27738],[80.0052,9.27722],[80.00531,9.27716],[80.0055,9.27714],[80.00571,9.27722],[80.00582,9.2777],[80.00599,9.2779],[80.006,9.278],[80.00597,9.27816],[80.00578,9.27836],[80.00572,9.27848],[80.00571,9.2786],[80.00574,9.27874],[80.0057,9.27923],[80.00563,9.27946],[80.00555,9.27958],[80.00557,9.27961],[80.00571,9.27962],[80.00611,9.27952],[80.00632,9.27942],[80.00646,9.27927],[80.00652,9.27918],[80.00665,9.27884],[80.00674,9.27843],[80.00679,9.27839],[80.00689,9.27837],[80.00706,9.27852],[80.00703,9.27866],[80.00712,9.27886],[80.00718,9.27888],[80.00726,9.27887],[80.00729,9.27881],[80.00724,9.27863],[80.0069,9.27801],[80.00622,9.27696],[80.00606,9.27679],[80.00604,9.2767],[80.00588,9.27645],[80.00588,9.27636],[80.00583,9.27626],[80.00563,9.27604],[80.00533,9.27567],[80.00525,9.2755],[80.00525,9.27541],[80.00514,9.2753],[80.005,9.27509],[80.00494,9.27495],[80.00473,9.27456],[80.00458,9.27417],[80.00451,9.27406],[80.00449,9.27386],[80.00443,9.27376],[80.0044,9.27362],[80.00434,9.27353],[80.00422,9.27349],[80.00357,9.2735],[80.00339,9.27347],[80.00315,9.27339],[80.00285,9.27323],[80.00255,9.27302],[80.00186,9.27236],[80.00162,9.27219],[80.00125,9.27197],[80.00115,9.27176],[80.00088,9.27156],[80.0008,9.27145],[80.00071,9.27138],[80.00002,9.2711],[79.99953,9.2708],[79.99948,9.27083],[79.99906,9.27139],[79.99854,9.27246],[79.99825,9.27297],[79.9978,9.27373],[79.99721,9.27467],[79.99707,9.275],[79.99693,9.27541],[79.99665,9.27601],[79.99655,9.27638],[79.99613,9.27833],[79.99594,9.279],[79.99593,9.27927],[79.99595,9.27999],[79.99591,9.28059],[79.99585,9.28075],[79.99559,9.28118],[79.99518,9.28156],[79.99438,9.28212],[79.99231,9.28344],[79.99123,9.28404],[79.9907,9.28439],[79.9898,9.28477],[79.98897,9.28498],[79.98795,9.28511],[79.98749,9.28515],[79.98605,9.28503],[79.98533,9.28492],[79.98482,9.28481],[79.98411,9.28459],[79.98349,9.28432],[79.9828,9.28357],[79.98256,9.28324],[79.98231,9.28295],[79.98199,9.2827],[79.98154,9.28239],[79.9814,9.28218],[79.98135,9.28203],[79.98104,9.28163],[79.98092,9.28155],[79.98052,9.28141],[79.98042,9.28132],[79.98033,9.28108],[79.98022,9.28094],[79.98013,9.28093],[79.97998,9.28097],[79.97984,9.28097],[79.97951,9.28095],[79.97927,9.28088],[79.97864,9.28091],[79.97839,9.28083],[79.97797,9.28051],[79.97782,9.28046],[79.97752,9.28025],[79.97725,9.28012],[79.97719,9.28012],[79.97711,9.28015],[79.97682,9.28044],[79.97645,9.28069],[79.97627,9.28073],[79.97612,9.28073],[79.97549,9.28109],[79.9754,9.28118],[79.97498,9.28144],[79.97417,9.28205],[79.97383,9.2824],[79.97345,9.28306],[79.97322,9.28352],[79.9731,9.28366],[79.97297,9.28374],[79.97271,9.28422],[79.97259,9.28438],[79.97245,9.2845],[79.97207,9.28494],[79.97202,9.28523],[79.97195,9.28543],[79.97182,9.28563],[79.9717,9.28589],[79.97149,9.2862],[79.9709,9.2876],[79.97092,9.28773],[79.9709,9.28793],[79.97078,9.28829],[79.97072,9.28876],[79.97071,9.28952],[79.97064,9.28973],[79.97061,9.29038],[79.97063,9.29055],[79.9708,9.29088],[79.97084,9.29107],[79.97085,9.29125],[79.97075,9.29168],[79.97071,9.29177],[79.97071,9.29201],[79.97065,9.29232],[79.9707,9.29263],[79.97057,9.2931],[79.97059,9.29333],[79.97073,9.29373],[79.97083,9.29427],[79.97089,9.29444],[79.97106,9.29477],[79.97119,9.29514],[79.9715,9.29553],[79.9717,9.29584],[79.97195,9.29614],[79.97215,9.29629],[79.97234,9.29653],[79.9725,9.29677],[79.97256,9.29709],[79.97262,9.29715],[79.97269,9.29718],[79.97278,9.29718],[79.9729,9.29708],[79.97298,9.29693],[79.97337,9.29642],[79.97347,9.29638],[79.97361,9.29637],[79.97406,9.29641],[79.97444,9.29653],[79.97514,9.29679],[79.97552,9.29702],[79.97567,9.29706],[79.97579,9.29722],[79.97586,9.29724],[79.97597,9.2972],[79.97603,9.29722],[79.97611,9.29728],[79.9774,9.29767],[79.97794,9.29798],[79.9784,9.29832],[79.97873,9.29869],[79.97897,9.29913],[79.97922,9.29927],[79.97953,9.2995],[79.97975,9.29976],[79.98002,9.29995],[79.98038,9.30034],[79.98069,9.30099],[79.98087,9.30123],[79.98124,9.30197],[79.98142,9.30226],[79.98154,9.3025],[79.98186,9.30302],[79.98253,9.30386],[79.98267,9.30408],[79.98291,9.30467],[79.983,9.30484],[79.98313,9.30503],[79.98326,9.30529],[79.9833,9.30547],[79.98345,9.30573],[79.98392,9.30633],[79.98414,9.30645],[79.98433,9.30652],[79.98458,9.30651],[79.98521,9.30656],[79.98544,9.30662],[79.98617,9.30692],[79.98622,9.30692],[79.98625,9.30688],[79.98643,9.3064]]]},"properties":{"name":null,"source":"OpenStreetMap + Natural Earth","source_id":"osm_coastline","geometry_quality":"mapped_polygon"}},{"type":"Feature","geometry":{"type":"Polygon","coordinates":[[[80.00364,9.63405],[80.00385,9.634],[80.0043,9.63381],[80.00505,9.63342],[80.00559,9.63338],[80.00569,9.63334],[80.00612,9.63303],[80.00621,9.63293],[80.00631,9.63277],[80.00644,9.63185],[80.00644,9.63179],[80.00635,9.63158],[80.0063,9.63133],[80.00637,9.631],[80.00618,9.63061],[80.00615,9.63038],[80.00624,9.63015],[80.00612,9.63015],[80.00603,9.63034],[80.00591,9.63018],[80.00593,9.62995],[80.00546,9.6295],[80.00434,9.62909],[80.00365,9.62936],[80.00288,9.62984],[80.00223,9.6304],[80.00208,9.63081],[80.00026,9.6319],[79.99942,9.63256],[79.99879,9.6335],[79.99861,9.63388],[79.99864,9.63416],[79.9988,9.63452],[79.99924,9.63494],[79.99942,9.63486],[79.99984,9.63481],[80.00084,9.63487],[80.00113,9.63483],[80.00134,9.63478],[80.00194,9.63455],[80.00291,9.63411],[80.00324,9.63404],[80.00364,9.63405]]]},"properties":{"name":null,"source":"OpenStreetMap + Natural Earth","source_id":"osm_coastline","geometry_quality":"mapped_polygon"}},{"type":"Feature","geometry":{"type":"Polygon","coordinates":[[[79.99893,9.64513],[79.99898,9.64505],[79.99904,9.64491],[79.9991,9.64487],[79.9992,9.64485],[79.99925,9.64486],[79.9993,9.6449],[79.99947,9.64505],[79.99955,9.64519],[79.99965,9.64526],[79.99972,9.64525],[79.9999,9.64513],[80.00014,9.64509],[80.0002,9.6451],[80.00028,9.64521],[80.00036,9.64522],[80.0006,9.64514],[80.00087,9.645],[80.00147,9.64445],[80.00173,9.64414],[80.00258,9.64351],[80.00261,9.64348],[80.00284,9.64328],[80.00319,9.64304],[80.00344,9.64259],[80.00385,9.64211],[80.0039,9.64203],[80.00389,9.64195],[80.00373,9.64195],[80.00368,9.64197],[80.00361,9.64202],[80.00357,9.64212],[80.0036,9.64224],[80.00358,9.64229],[80.00346,9.6424],[80.00328,9.64249],[80.00313,9.64255],[80.00301,9.64253],[80.00291,9.64249],[80.00277,9.64234],[80.00273,9.64206],[80.00276,9.64186],[80.00301,9.64176],[80.00329,9.64158],[80.00343,9.64146],[80.00354,9.64128],[80.00357,9.64118],[80.00348,9.64073],[80.00351,9.64065],[80.00354,9.64061],[80.00401,9.64039],[80.00466,9.63989],[80.00516,9.63947],[80.00561,9.63899],[80.00566,9.63896],[80.0058,9.63899],[80.00593,9.63896],[80.00595,9.63892],[80.00595,9.63886],[80.00584,9.63862],[80.00589,9.63843],[80.00586,9.63831],[80.00583,9.63826],[80.00545,9.63803],[80.00531,9.63796],[80.00508,9.6379],[80.00449,9.63787],[80.00434,9.6379],[80.00388,9.63792],[80.00283,9.63815],[80.00211,9.63834],[80.00165,9.6385],[80.00128,9.63868],[80.00085,9.63893],[80.00038,9.63915],[79.99915,9.63952],[79.99804,9.63975],[79.99777,9.63975],[79.99766,9.63968],[79.99761,9.63969],[79.99752,9.6397],[79.99738,9.63982],[79.99568,9.64081],[79.99406,9.64167],[79.99325,9.64232],[79.99303,9.6426],[79.99284,9.64306],[79.99267,9.64391],[79.99275,9.64441],[79.99284,9.64452],[79.99295,9.6445],[79.99308,9.64436],[79.99315,9.64435],[79.99331,9.64446],[79.99372,9.64513],[79.9938,9.64515],[79.99403,9.6451],[79.99468,9.64468],[79.99497,9.64407],[79.99521,9.64392],[79.99533,9.64392],[79.99539,9.644],[79.99597,9.64507],[79.997,9.64521],[79.99739,9.64542],[79.99753,9.64539],[79.99787,9.64553],[79.99812,9.64545],[79.99821,9.64539],[79.99853,9.64526],[79.99882,9.64518],[79.99893,9.64513]]]},"properties":{"name":null,"source":"OpenStreetMap + Natural Earth","source_id":"osm_coastline","geometry_quality":"mapped_polygon"}},{"type":"Feature","geometry":{"type":"Polygon","coordinates":[[[80.00042,9.63642],[80.00019,9.63632],[79.99967,9.63625],[79.99918,9.63626],[79.99898,9.6363],[79.9987,9.63632],[79.99846,9.63629],[79.99794,9.63631],[79.99778,9.63629],[79.99714,9.63633],[79.99656,9.63627],[79.9957,9.63609],[79.99485,9.63609],[79.9945,9.6362],[79.99391,9.63649],[79.99347,9.6368],[79.99318,9.63717],[79.9928,9.63782],[79.99154,9.63879],[79.99136,9.63921],[79.99111,9.64048],[79.99101,9.6408],[79.99094,9.64112],[79.99095,9.64131],[79.99107,9.64136],[79.9915,9.64143],[79.9918,9.64132],[79.99354,9.6401],[79.99363,9.64006],[79.99407,9.63998],[79.9943,9.63989],[79.99471,9.63965],[79.99569,9.63898],[79.99642,9.63873],[79.99729,9.63849],[79.99759,9.63851],[79.99767,9.6385],[79.99773,9.63848],[79.99795,9.63828],[79.99868,9.6377],[80.00003,9.63695],[80.00042,9.63662],[80.00045,9.63653],[80.00045,9.63647],[80.00042,9.63642]]]},"properties":{"name":null,"source":"OpenStreetMap + Natural Earth","source_id":"osm_coastline","geometry_quality":"mapped_polygon"}},{"type":"Feature","geometry":{"type":"Polygon","coordinates":[[[79.99861,9.63481],[79.99812,9.63442],[79.99798,9.63434],[79.99799,9.63413],[79.99788,9.63413],[79.99788,9.63429],[79.99762,9.63415],[79.99744,9.63389],[79.99709,9.63318],[79.99697,9.63304],[79.99676,9.63287],[79.99637,9.63266],[79.99611,9.63265],[79.99594,9.63271],[79.99574,9.63285],[79.99521,9.63337],[79.99504,9.63347],[79.99483,9.63353],[79.99458,9.63355],[79.99447,9.63363],[79.99443,9.63375],[79.99442,9.63387],[79.99444,9.63397],[79.99501,9.63463],[79.99525,9.63477],[79.99536,9.63479],[79.99673,9.63469],[79.99697,9.63471],[79.99723,9.63487],[79.99755,9.635],[79.99779,9.63519],[79.99784,9.63521],[79.99788,9.63522],[79.99801,9.63521],[79.99858,9.63527],[79.99869,9.63524],[79.99878,9.63521],[79.99886,9.63514],[79.99888,9.63504],[79.99886,9.63496],[79.99861,9.63481]]]},"properties":{"name":null,"source":"OpenStreetMap + Natural Earth","source_id":"osm_coastline","geometry_quality":"mapped_polygon"}},{"type":"Feature","geometry":{"type":"Polygon","coordinates":[[[79.99752,9.6332],[79.99776,9.63361],[79.99781,9.63379],[79.9979,9.6338],[79.9979,9.63396],[79.99799,9.63396],[79.998,9.63381],[79.99807,9.63382],[79.99875,9.63283],[79.99885,9.63241],[79.99873,9.63222],[79.99829,9.63218],[79.9976,9.6324],[79.99729,9.63264],[79.9972,9.63284],[79.99752,9.6332]]]},"properties":{"name":null,"source":"OpenStreetMap + Natural Earth","source_id":"osm_coastline","geometry_quality":"mapped_polygon"}},{"type":"Feature","geometry":{"type":"Polygon","coordinates":[[[79.98696,9.63702],[79.98684,9.63661],[79.98685,9.63644],[79.98693,9.63624],[79.98699,9.63617],[79.98706,9.63616],[79.9871,9.63621],[79.98717,9.63628],[79.98732,9.63628],[79.98751,9.63621],[79.98759,9.63614],[79.98772,9.63568],[79.98777,9.63551],[79.98777,9.63545],[79.9877,9.63537],[79.98763,9.63533],[79.98755,9.63532],[79.98741,9.63536],[79.9873,9.6354],[79.98719,9.6354],[79.98709,9.63538],[79.98697,9.63537],[79.98691,9.63541],[79.98686,9.63549],[79.98685,9.63557],[79.98682,9.63572],[79.98676,9.63585],[79.98672,9.63593],[79.98662,9.63606],[79.98655,9.63617],[79.98654,9.63639],[79.98655,9.63652],[79.98667,9.63685],[79.98679,9.63707],[79.98684,9.63713],[79.98693,9.63718],[79.98697,9.63719],[79.98699,9.63718],[79.987,9.63715],[79.987,9.6371],[79.98696,9.63702]]]},"properties":{"name":null,"source":"OpenStreetMap + Natural Earth","source_id":"osm_coastline","geometry_quality":"mapped_polygon"}},{"type":"Feature","geometry":{"type":"Polygon","coordinates":[[[79.93541,9.63073],[79.9352,9.63077],[79.93483,9.63079],[79.93456,9.63088],[79.93372,9.63101],[79.93329,9.63105],[79.93252,9.63121],[79.93205,9.63136],[79.93149,9.63148],[79.93138,9.63154],[79.93103,9.63162],[79.93075,9.63174],[79.93002,9.63193],[79.92944,9.63212],[79.9289,9.63224],[79.9287,9.63226],[79.92856,9.63231],[79.92782,9.63242],[79.92657,9.63269],[79.92626,9.63273],[79.92616,9.63269],[79.9261,9.63255],[79.92607,9.63259],[79.9261,9.63275],[79.92597,9.63278],[79.92575,9.63279],[79.92559,9.63281],[79.9255,9.63282],[79.92542,9.63284],[79.92531,9.63284],[79.92516,9.63287],[79.925,9.63289],[79.92477,9.63292],[79.9245,9.63295],[79.92434,9.63297],[79.9241,9.63301],[79.92375,9.63304],[79.92322,9.63309],[79.92298,9.63311],[79.92254,9.63314],[79.92225,9.63316],[79.92176,9.63316],[79.9213,9.63315],[79.92101,9.63315],[79.92081,9.63314],[79.92063,9.63315],[79.92042,9.63316],[79.92013,9.63316],[79.91967,9.63314],[79.91901,9.63303],[79.9188,9.63302],[79.91844,9.63297],[79.91822,9.63294],[79.91791,9.63289],[79.9177,9.63286],[79.91733,9.63277],[79.91719,9.63273],[79.91696,9.63268],[79.91661,9.63258],[79.91648,9.63254],[79.91615,9.63237],[79.91591,9.63222],[79.91559,9.6319],[79.91479,9.6312],[79.91467,9.63113],[79.91438,9.6308],[79.91428,9.63063],[79.91416,9.63051],[79.91396,9.63017],[79.91376,9.62989],[79.9137,9.62975],[79.91371,9.62965],[79.91368,9.62957],[79.91315,9.62865],[79.91302,9.62821],[79.91298,9.62788],[79.91284,9.62743],[79.91261,9.62684],[79.91258,9.6267],[79.91253,9.62661],[79.91241,9.62617],[79.91233,9.626],[79.91224,9.62568],[79.91207,9.62523],[79.91204,9.62497],[79.91212,9.62463],[79.91192,9.62419],[79.91177,9.62354],[79.91178,9.62338],[79.91188,9.62302],[79.91186,9.62285],[79.91173,9.62259],[79.91167,9.62249],[79.91146,9.6223],[79.91119,9.6221],[79.91106,9.62193],[79.91096,9.62169],[79.91081,9.62146],[79.91043,9.621],[79.91008,9.62062],[79.90938,9.61947],[79.90918,9.61921],[79.90875,9.61854],[79.90833,9.61799],[79.90822,9.6177],[79.908,9.61728],[79.90779,9.61713],[79.90763,9.61704],[79.90689,9.61689],[79.90662,9.61677],[79.90643,9.61667],[79.90581,9.61621],[79.90501,9.61592],[79.90471,9.61588],[79.90447,9.61588],[79.90317,9.61599],[79.90234,9.61609],[79.90188,9.61612],[79.90136,9.61608],[79.9012,9.61612],[79.90095,9.61623],[79.90018,9.61647],[79.89778,9.61804],[79.89723,9.61845],[79.89643,9.61912],[79.89613,9.61931],[79.89609,9.61939],[79.89578,9.61968],[79.89521,9.62013],[79.89509,9.62024],[79.89506,9.62029],[79.89506,9.62058],[79.89503,9.62064],[79.89495,9.62072],[79.89475,9.62084],[79.89461,9.621],[79.89446,9.62122],[79.89429,9.62136],[79.89414,9.62154],[79.89398,9.62168],[79.89391,9.62186],[79.89391,9.62201],[79.89379,9.62217],[79.89331,9.62258],[79.893,9.62279],[79.8925,9.62308],[79.8923,9.62322],[79.89207,9.62327],[79.89204,9.62332],[79.89204,9.62339],[79.89215,9.62347],[79.89249,9.62364],[79.89254,9.62382],[79.89252,9.62396],[79.89244,9.62407],[79.89212,9.62439],[79.89166,9.62471],[79.89122,9.62505],[79.89103,9.62516],[79.89064,9.6256],[79.89047,9.62574],[79.89018,9.62595],[79.88924,9.62654],[79.88896,9.62669],[79.88822,9.62701],[79.8872,9.62753],[79.88597,9.62818],[79.88543,9.62851],[79.88496,9.62886],[79.88475,9.62897],[79.88443,9.62926],[79.88408,9.62951],[79.88326,9.63026],[79.88287,9.63056],[79.88245,9.63094],[79.88184,9.63142],[79.88158,9.63171],[79.88146,9.63189],[79.88108,9.63229],[79.88067,9.63278],[79.88051,9.63304],[79.88035,9.6332],[79.88031,9.63338],[79.8802,9.63356],[79.88015,9.6336],[79.8797,9.63386],[79.879,9.63415],[79.87879,9.6343],[79.87872,9.63444],[79.87867,9.63449],[79.87843,9.63463],[79.87812,9.63476],[79.87768,9.635],[79.87701,9.63528],[79.87674,9.63541],[79.87618,9.63565],[79.87462,9.63609],[79.8743,9.63617],[79.87408,9.6362],[79.87374,9.63619],[79.87356,9.63611],[79.87336,9.63592],[79.87327,9.63572],[79.8733,9.63514],[79.87328,9.63503],[79.87321,9.63497],[79.87283,9.6348],[79.87268,9.63479],[79.87261,9.63481],[79.87239,9.63494],[79.87223,9.63514],[79.87178,9.63581],[79.87139,9.6366],[79.87112,9.63685],[79.87052,9.6373],[79.87016,9.63776],[79.87005,9.63787],[79.86993,9.63794],[79.86967,9.6383],[79.86955,9.63841],[79.86942,9.6385],[79.86897,9.63901],[79.86898,9.63915],[79.86893,9.63935],[79.86872,9.63965],[79.86868,9.63974],[79.86868,9.63984],[79.8687,9.63993],[79.86879,9.64012],[79.86882,9.64024],[79.86879,9.64038],[79.86878,9.64058],[79.8688,9.64065],[79.8689,9.64081],[79.86897,9.64141],[79.86889,9.64162],[79.86871,9.64272],[79.86855,9.64307],[79.86847,9.64333],[79.86841,9.6434],[79.8684,9.64346],[79.86843,9.64353],[79.8685,9.64358],[79.86859,9.64357],[79.86867,9.64359],[79.86885,9.64373],[79.86894,9.64398],[79.86899,9.64429],[79.86897,9.64448],[79.86874,9.64494],[79.86862,9.64506],[79.86815,9.64532],[79.86797,9.64532],[79.86782,9.64528],[79.86773,9.64532],[79.86766,9.64537],[79.86763,9.64545],[79.86766,9.64582],[79.86769,9.64593],[79.86785,9.6462],[79.86786,9.64636],[79.8678,9.64651],[79.86735,9.64679],[79.86693,9.64698],[79.86689,9.64704],[79.86689,9.64721],[79.86683,9.64735],[79.86599,9.64829],[79.86586,9.64845],[79.86576,9.64867],[79.86549,9.64894],[79.86531,9.64937],[79.86528,9.64982],[79.86526,9.64995],[79.86519,9.6501],[79.86477,9.65057],[79.86468,9.65086],[79.86459,9.651],[79.86463,9.65137],[79.86462,9.65145],[79.86457,9.65162],[79.86451,9.65169],[79.86449,9.65176],[79.86446,9.65188],[79.86438,9.6521],[79.86438,9.65218],[79.86446,9.65235],[79.86448,9.65256],[79.86457,9.65276],[79.86458,9.65317],[79.86452,9.65335],[79.86458,9.65356],[79.86467,9.65364],[79.86481,9.65386],[79.86505,9.65447],[79.86515,9.65495],[79.86522,9.65567],[79.86529,9.65578],[79.86538,9.656],[79.86534,9.65629],[79.86505,9.65686],[79.8648,9.65741],[79.86459,9.65782],[79.86453,9.65801],[79.86444,9.65815],[79.86434,9.65824],[79.86413,9.65831],[79.86387,9.65836],[79.8636,9.65837],[79.86349,9.65835],[79.86334,9.65827],[79.86316,9.65803],[79.8631,9.658],[79.86279,9.65792],[79.8627,9.65791],[79.86257,9.65795],[79.86244,9.65792],[79.8624,9.6579],[79.8622,9.65789],[79.86214,9.6579],[79.86178,9.65812],[79.86122,9.65842],[79.86114,9.65845],[79.86096,9.65863],[79.86076,9.65908],[79.86058,9.65929],[79.86011,9.65958],[79.85996,9.65971],[79.85965,9.65992],[79.85958,9.66003],[79.85929,9.66021],[79.85924,9.66032],[79.85889,9.66053],[79.85881,9.6607],[79.85875,9.66078],[79.85836,9.66109],[79.85818,9.66119],[79.85796,9.66158],[79.8579,9.66165],[79.85768,9.66186],[79.85743,9.66206],[79.85735,9.6621],[79.85722,9.66228],[79.85702,9.66239],[79.85689,9.66255],[79.85681,9.66281],[79.8566,9.66303],[79.85642,9.66316],[79.8563,9.66336],[79.85608,9.6635],[79.85601,9.6636],[79.85596,9.66394],[79.8559,9.66402],[79.85552,9.66428],[79.85529,9.66452],[79.85524,9.66471],[79.85508,9.66482],[79.85512,9.66499],[79.85511,9.66513],[79.85505,9.66523],[79.85479,9.66536],[79.85472,9.66545],[79.85466,9.6657],[79.85458,9.66579],[79.85452,9.66593],[79.85441,9.66601],[79.85446,9.66613],[79.85445,9.6662],[79.85439,9.6663],[79.85427,9.66637],[79.85418,9.66635],[79.85412,9.66637],[79.854,9.66651],[79.85386,9.66662],[79.85377,9.66678],[79.85366,9.6669],[79.85363,9.66701],[79.85357,9.66709],[79.85326,9.66734],[79.85319,9.66745],[79.85307,9.66757],[79.85298,9.66762],[79.85287,9.66766],[79.85281,9.66772],[79.85275,9.66779],[79.8527,9.66793],[79.8526,9.66859],[79.85263,9.66876],[79.85261,9.66882],[79.85252,9.6689],[79.8523,9.66897],[79.85224,9.66903],[79.85222,9.66918],[79.85229,9.66936],[79.85227,9.66946],[79.8521,9.66962],[79.85192,9.66975],[79.85177,9.66995],[79.85165,9.67001],[79.85148,9.67005],[79.85135,9.67015],[79.85137,9.67042],[79.85125,9.67055],[79.85119,9.67072],[79.85107,9.67091],[79.85106,9.67098],[79.85108,9.67117],[79.85099,9.67132],[79.85098,9.67141],[79.85088,9.67151],[79.85074,9.67158],[79.85058,9.67159],[79.8508,9.67179],[79.85089,9.67198],[79.85101,9.67237],[79.85099,9.67245],[79.85089,9.67257],[79.85078,9.67256],[79.8507,9.67243],[79.85066,9.6724],[79.85063,9.67244],[79.85072,9.67259],[79.85072,9.67276],[79.85068,9.67287],[79.85072,9.67291],[79.85087,9.67293],[79.85092,9.67299],[79.8509,9.67312],[79.85084,9.67333],[79.85069,9.67346],[79.85051,9.67354],[79.85037,9.67357],[79.85028,9.67358],[79.85004,9.67349],[79.85,9.6735],[79.84999,9.67354],[79.84998,9.67367],[79.84991,9.67375],[79.8498,9.67377],[79.84969,9.67364],[79.84966,9.67365],[79.84966,9.67374],[79.84974,9.67379],[79.84977,9.67385],[79.84976,9.67388],[79.8497,9.67392],[79.84952,9.67396],[79.8495,9.67401],[79.84956,9.67405],[79.84957,9.67409],[79.84957,9.67413],[79.84952,9.67423],[79.84921,9.67455],[79.84907,9.67463],[79.84892,9.67468],[79.84877,9.67488],[79.84875,9.67501],[79.8487,9.6751],[79.84841,9.67546],[79.84818,9.67564],[79.84788,9.67576],[79.84752,9.67611],[79.8474,9.67635],[79.84734,9.67657],[79.84723,9.67673],[79.84717,9.67676],[79.84696,9.677],[79.84694,9.67718],[79.84686,9.67749],[79.84691,9.67758],[79.84693,9.67774],[79.84685,9.67789],[79.84681,9.67793],[79.8466,9.67795],[79.84655,9.67803],[79.84658,9.6781],[79.84665,9.67812],[79.84668,9.67818],[79.84668,9.67823],[79.84663,9.67834],[79.84659,9.67839],[79.84655,9.67841],[79.84651,9.67848],[79.84648,9.67881],[79.84645,9.67891],[79.84636,9.67902],[79.84622,9.67913],[79.84613,9.67951],[79.84604,9.67962],[79.8459,9.67986],[79.84584,9.68008],[79.84569,9.68027],[79.8456,9.68036],[79.84552,9.68056],[79.84542,9.68072],[79.84538,9.68096],[79.84523,9.68125],[79.8452,9.68144],[79.84494,9.68181],[79.84463,9.68263],[79.84448,9.68289],[79.84419,9.68324],[79.84406,9.68359],[79.84408,9.6839],[79.84407,9.68406],[79.84415,9.68428],[79.84424,9.68499],[79.84424,9.68514],[79.84423,9.68527],[79.84417,9.68546],[79.84399,9.68582],[79.84392,9.68591],[79.84394,9.68594],[79.84394,9.68596],[79.84408,9.68596],[79.84427,9.68592],[79.84445,9.68597],[79.84457,9.68604],[79.84561,9.68716],[79.84573,9.68745],[79.84572,9.68761],[79.84564,9.68779],[79.84546,9.68793],[79.84544,9.68808],[79.84546,9.68816],[79.84553,9.68825],[79.84553,9.68843],[79.84565,9.68856],[79.84574,9.68862],[79.84583,9.68863],[79.84592,9.68861],[79.84652,9.68826],[79.8468,9.68821],[79.84696,9.68824],[79.8473,9.68835],[79.84734,9.6884],[79.84742,9.68866],[79.84757,9.68883],[79.84769,9.68884],[79.84789,9.68868],[79.84816,9.68864],[79.84918,9.68886],[79.84939,9.689],[79.84958,9.68923],[79.84984,9.68966],[79.84986,9.68983],[79.84984,9.69001],[79.8497,9.69019],[79.84969,9.69034],[79.84979,9.69087],[79.84991,9.69128],[79.85001,9.69144],[79.85011,9.69153],[79.85016,9.69166],[79.85007,9.69194],[79.84959,9.6922],[79.84933,9.69221],[79.84923,9.69219],[79.8491,9.6921],[79.84896,9.69196],[79.84889,9.69183],[79.84872,9.6917],[79.84859,9.69151],[79.84849,9.69144],[79.84833,9.69142],[79.84826,9.69145],[79.84821,9.69163],[79.84823,9.69169],[79.84849,9.69197],[79.84849,9.6921],[79.84844,9.69217],[79.84823,9.69232],[79.84777,9.69247],[79.8476,9.69251],[79.84747,9.6925],[79.84737,9.69254],[79.84729,9.69262],[79.84698,9.69329],[79.84693,9.69336],[79.84678,9.69348],[79.84657,9.6936],[79.84647,9.69363],[79.84639,9.69361],[79.84616,9.69346],[79.84603,9.69344],[79.846,9.69348],[79.84599,9.69359],[79.84596,9.69362],[79.84585,9.69365],[79.84566,9.69361],[79.84546,9.69364],[79.84541,9.69368],[79.84544,9.6938],[79.84542,9.69384],[79.84532,9.69388],[79.84516,9.69384],[79.8451,9.69386],[79.84509,9.69397],[79.84514,9.69407],[79.84543,9.69445],[79.84553,9.69466],[79.84563,9.69479],[79.84565,9.69495],[79.84568,9.69506],[79.84592,9.69522],[79.84598,9.69523],[79.84631,9.69517],[79.84633,9.69521],[79.84631,9.69526],[79.84609,9.69536],[79.84602,9.69542],[79.84589,9.69543],[79.84581,9.69541],[79.84573,9.69527],[79.84562,9.69518],[79.84545,9.6952],[79.84539,9.69514],[79.84532,9.69512],[79.8452,9.69517],[79.84515,9.69527],[79.84514,9.69537],[79.84521,9.69555],[79.84528,9.69565],[79.8453,9.69576],[79.84528,9.69579],[79.84518,9.69584],[79.8451,9.69583],[79.84498,9.69567],[79.84482,9.69559],[79.84477,9.69561],[79.84473,9.69569],[79.8447,9.69585],[79.84436,9.69618],[79.84423,9.69635],[79.8443,9.69649],[79.84428,9.69662],[79.84411,9.69683],[79.844,9.69692],[79.84365,9.6971],[79.84269,9.69748],[79.84258,9.69755],[79.84247,9.69756],[79.84212,9.6975],[79.84196,9.69752],[79.84145,9.69787],[79.84143,9.6979],[79.84141,9.69806],[79.8413,9.6985],[79.84119,9.69873],[79.84104,9.6989],[79.841,9.69906],[79.84091,9.69924],[79.84082,9.69984],[79.84062,9.70022],[79.84059,9.70031],[79.84053,9.70039],[79.84056,9.70067],[79.84054,9.70077],[79.84045,9.70093],[79.84043,9.701],[79.84044,9.70112],[79.8405,9.70125],[79.84055,9.70166],[79.84065,9.70203],[79.84072,9.70253],[79.84091,9.70298],[79.84105,9.70316],[79.84116,9.70323],[79.8413,9.70328],[79.84158,9.70327],[79.84184,9.70308],[79.842,9.70304],[79.84223,9.70295],[79.84282,9.70259],[79.84299,9.70254],[79.84314,9.70239],[79.84326,9.70231],[79.8438,9.70205],[79.84411,9.70198],[79.84435,9.70184],[79.84459,9.70174],[79.8454,9.70156],[79.84597,9.70149],[79.84705,9.7012],[79.84732,9.7011],[79.84758,9.70096],[79.84785,9.70077],[79.84797,9.70071],[79.84817,9.70067],[79.84884,9.70063],[79.84998,9.70073],[79.85052,9.70075],[79.85147,9.70089],[79.85206,9.70103],[79.85216,9.70112],[79.85224,9.7011],[79.85231,9.70101],[79.85247,9.70097],[79.85275,9.70097],[79.85293,9.701],[79.85344,9.70101],[79.85365,9.70105],[79.85406,9.70117],[79.85434,9.70137],[79.85454,9.70145],[79.85488,9.70164],[79.85499,9.70172],[79.85504,9.70178],[79.8552,9.70184],[79.85547,9.70201],[79.85618,9.70248],[79.85652,9.70265],[79.85721,9.70285],[79.85789,9.70301],[79.85821,9.70313],[79.8584,9.70331],[79.85849,9.70336],[79.85874,9.70334],[79.85887,9.70338],[79.85921,9.70337],[79.85968,9.7034],[79.85995,9.70347],[79.8606,9.7034],[79.86145,9.70321],[79.86187,9.70317],[79.86312,9.70308],[79.86358,9.70303],[79.86365,9.70305],[79.86368,9.70317],[79.86373,9.70318],[79.86376,9.70316],[79.86381,9.70313],[79.86384,9.70307],[79.86374,9.70286],[79.86372,9.70276],[79.86374,9.70259],[79.86396,9.70245],[79.86399,9.70241],[79.86425,9.70207],[79.86432,9.702],[79.86441,9.70196],[79.86451,9.70167],[79.86494,9.70105],[79.86511,9.70088],[79.86524,9.70081],[79.86535,9.7008],[79.86542,9.70076],[79.86601,9.69981],[79.86603,9.69977],[79.86601,9.69966],[79.86609,9.69947],[79.86621,9.69934],[79.86631,9.69931],[79.86635,9.69918],[79.86655,9.69899],[79.86663,9.69883],[79.86678,9.69859],[79.86754,9.69766],[79.86763,9.69746],[79.86757,9.69719],[79.86759,9.69704],[79.86809,9.6956],[79.86827,9.69534],[79.86849,9.6951],[79.86867,9.69496],[79.87004,9.69398],[79.87018,9.69396],[79.87083,9.69371],[79.87095,9.69373],[79.87102,9.69372],[79.8713,9.69354],[79.87149,9.69346],[79.87158,9.69344],[79.87175,9.69346],[79.87194,9.69331],[79.87206,9.69325],[79.87258,9.6932],[79.87296,9.69323],[79.87307,9.69319],[79.87314,9.69312],[79.87322,9.69309],[79.87334,9.69309],[79.8734,9.69313],[79.87342,9.69319],[79.87347,9.69321],[79.87363,9.69316],[79.87381,9.69319],[79.87398,9.69314],[79.87409,9.69313],[79.87451,9.69325],[79.87466,9.69332],[79.87469,9.69338],[79.87469,9.69351],[79.87487,9.69359],[79.87522,9.69371],[79.87541,9.69375],[79.87582,9.69376],[79.87625,9.69387],[79.87664,9.69402],[79.87687,9.69406],[79.87716,9.69407],[79.8774,9.69403],[79.87763,9.6941],[79.87785,9.69407],[79.87801,9.69398],[79.87812,9.694],[79.8783,9.69416],[79.87871,9.6943],[79.87876,9.69443],[79.87888,9.69454],[79.8792,9.69463],[79.87929,9.69473],[79.87935,9.69474],[79.87943,9.69468],[79.87948,9.69467],[79.87956,9.69471],[79.87962,9.6948],[79.8796,9.69492],[79.87963,9.69495],[79.87979,9.69497],[79.87991,9.69507],[79.88027,9.69517],[79.88034,9.69522],[79.88034,9.69528],[79.88013,9.69538],[79.88012,9.69541],[79.88018,9.69549],[79.88037,9.69549],[79.88043,9.69541],[79.88049,9.6955],[79.88067,9.69552],[79.88071,9.69557],[79.88087,9.69568],[79.88102,9.69587],[79.88144,9.69638],[79.88161,9.69667],[79.88198,9.69744],[79.88201,9.69753],[79.88199,9.69765],[79.88204,9.69786],[79.88223,9.69809],[79.88239,9.69842],[79.88243,9.69848],[79.8827,9.69864],[79.88348,9.69936],[79.88376,9.69959],[79.88383,9.69963],[79.88451,9.69981],[79.88469,9.69983],[79.88502,9.69979],[79.88522,9.69971],[79.88556,9.69962],[79.88596,9.69945],[79.88617,9.69933],[79.88643,9.69919],[79.88674,9.69894],[79.88687,9.69872],[79.8869,9.69855],[79.88693,9.69847],[79.88741,9.698],[79.88757,9.69788],[79.88783,9.69781],[79.88826,9.6976],[79.88851,9.69742],[79.88889,9.69706],[79.88903,9.69698],[79.88973,9.69671],[79.8898,9.69662],[79.89016,9.69642],[79.8903,9.69646],[79.89036,9.69651],[79.8904,9.69657],[79.8904,9.69662],[79.89037,9.69672],[79.89015,9.69687],[79.89008,9.69688],[79.89006,9.69692],[79.89006,9.69699],[79.89012,9.69706],[79.8902,9.69708],[79.8905,9.69704],[79.89061,9.69695],[79.89065,9.6969],[79.89074,9.69662],[79.89074,9.6961],[79.89078,9.69592],[79.89087,9.6957],[79.89095,9.69558],[79.89119,9.69537],[79.89126,9.69523],[79.89133,9.69487],[79.89134,9.69457],[79.89129,9.69387],[79.89131,9.69346],[79.89137,9.69311],[79.89163,9.69251],[79.89163,9.69233],[79.89152,9.69213],[79.89152,9.69205],[79.89164,9.69194],[79.89163,9.69179],[79.89175,9.69166],[79.89197,9.69131],[79.89206,9.69108],[79.89211,9.69089],[79.89211,9.69079],[79.89207,9.69061],[79.89208,9.69049],[79.89221,9.69017],[79.89251,9.68967],[79.89286,9.6892],[79.89305,9.68892],[79.89327,9.68849],[79.89354,9.68813],[79.89377,9.68788],[79.89432,9.6874],[79.8947,9.68717],[79.89481,9.68712],[79.89504,9.68705],[79.89513,9.68695],[79.89523,9.68688],[79.8958,9.68664],[79.89624,9.68651],[79.89661,9.68632],[79.89674,9.68628],[79.89687,9.68618],[79.89714,9.68603],[79.89724,9.68601],[79.89752,9.68607],[79.8976,9.68605],[79.89783,9.68584],[79.89861,9.68537],[79.8992,9.68495],[79.89949,9.6846],[79.89966,9.68445],[79.89983,9.68406],[79.9,9.68388],[79.90005,9.68377],[79.90016,9.68339],[79.90029,9.68266],[79.90032,9.68223],[79.90049,9.68179],[79.9005,9.68166],[79.90028,9.6809],[79.89981,9.68008],[79.89975,9.67981],[79.89975,9.67959],[79.89988,9.67923],[79.90009,9.6788],[79.90025,9.67867],[79.90042,9.67865],[79.90044,9.67857],[79.90041,9.67852],[79.90034,9.67848],[79.9002,9.67846],[79.89972,9.67863],[79.89875,9.67884],[79.89853,9.67881],[79.89835,9.67873],[79.89795,9.67829],[79.89708,9.67752],[79.8967,9.67694],[79.89641,9.67633],[79.89623,9.67585],[79.89611,9.67518],[79.89616,9.67492],[79.89625,9.67459],[79.89643,9.6741],[79.8966,9.67375],[79.89676,9.67352],[79.89719,9.67321],[79.8977,9.67294],[79.89832,9.67252],[79.89852,9.67226],[79.8987,9.67194],[79.89909,9.67115],[79.89926,9.67076],[79.89954,9.67046],[79.89977,9.67054],[79.89991,9.67064],[79.89998,9.67064],[79.90007,9.67061],[79.90014,9.67051],[79.90018,9.67027],[79.90025,9.67018],[79.90033,9.67011],[79.90047,9.6701],[79.90256,9.67029],[79.90327,9.67031],[79.90369,9.67029],[79.90404,9.67035],[79.90432,9.6705],[79.90479,9.67068],[79.9054,9.67088],[79.90588,9.67102],[79.90693,9.67146],[79.90753,9.67161],[79.90793,9.6718],[79.9082,9.67185],[79.90897,9.67209],[79.91052,9.67263],[79.91055,9.67271],[79.91052,9.67285],[79.91041,9.67299],[79.91007,9.67315],[79.90995,9.67323],[79.90957,9.67334],[79.90938,9.67344],[79.90912,9.67364],[79.90902,9.67387],[79.90898,9.67419],[79.90895,9.67424],[79.90882,9.67432],[79.90868,9.67439],[79.90827,9.67448],[79.90796,9.67461],[79.9077,9.67483],[79.90759,9.67486],[79.90728,9.67485],[79.90719,9.67477],[79.90717,9.67448],[79.90714,9.67445],[79.9071,9.67463],[79.90714,9.67482],[79.90724,9.67491],[79.90747,9.67499],[79.9076,9.67501],[79.90785,9.675],[79.90852,9.67466],[79.90906,9.67442],[79.90965,9.67409],[79.91019,9.67389],[79.91056,9.67384],[79.91076,9.67385],[79.91083,9.67384],[79.91095,9.67376],[79.91162,9.67356],[79.91218,9.67351],[79.9129,9.67373],[79.91318,9.67378],[79.91341,9.67378],[79.91366,9.67381],[79.91382,9.67386],[79.91416,9.67413],[79.91439,9.67425],[79.91452,9.67442],[79.91464,9.67453],[79.91494,9.67464],[79.91501,9.67465],[79.91504,9.67464],[79.91505,9.67459],[79.91501,9.67452],[79.91505,9.67446],[79.91559,9.6745],[79.91571,9.67453],[79.91579,9.67464],[79.91581,9.67471],[79.91607,9.67486],[79.91669,9.6751],[79.91694,9.67524],[79.91766,9.67552],[79.9178,9.6756],[79.91782,9.67566],[79.9178,9.67572],[79.91764,9.67588],[79.91762,9.67594],[79.91775,9.67604],[79.91806,9.67609],[79.91841,9.67619],[79.91928,9.67667],[79.91963,9.677],[79.92004,9.67722],[79.92025,9.67727],[79.9204,9.67728],[79.92044,9.67724],[79.9204,9.67713],[79.9204,9.67704],[79.92017,9.67687],[79.92016,9.67682],[79.92021,9.67668],[79.9202,9.67665],[79.9201,9.67659],[79.92008,9.67641],[79.92001,9.67636],[79.9197,9.67623],[79.91969,9.67611],[79.91973,9.67604],[79.91979,9.67601],[79.92023,9.67588],[79.92055,9.67594],[79.92114,9.67596],[79.92172,9.67608],[79.92238,9.67618],[79.92284,9.67649],[79.92301,9.67664],[79.92303,9.67692],[79.923,9.67703],[79.92273,9.67712],[79.92206,9.67728],[79.92112,9.67783],[79.92062,9.67803],[79.91988,9.67844],[79.91871,9.679],[79.91819,9.67917],[79.91808,9.67919],[79.91789,9.67912],[79.91783,9.67901],[79.91779,9.67901],[79.91777,9.67905],[79.91779,9.6792],[79.91788,9.6795],[79.91794,9.67961],[79.91843,9.67995],[79.91859,9.68005],[79.91877,9.68012],[79.91901,9.68016],[79.91946,9.68016],[79.92033,9.68013],[79.92046,9.68018],[79.9207,9.68034],[79.9208,9.68039],[79.92088,9.6804],[79.92115,9.68034],[79.9212,9.68035],[79.92124,9.68041],[79.92158,9.68045],[79.92196,9.68039],[79.92231,9.68038],[79.92287,9.68031],[79.9231,9.68023],[79.92326,9.68014],[79.92339,9.68014],[79.92351,9.68018],[79.92362,9.68012],[79.92406,9.68004],[79.92455,9.68003],[79.92469,9.68001],[79.92524,9.67981],[79.92568,9.67969],[79.92594,9.67968],[79.92695,9.67947],[79.92825,9.6794],[79.92863,9.67943],[79.92885,9.6795],[79.92906,9.67961],[79.92914,9.67969],[79.92941,9.68011],[79.93007,9.68099],[79.93007,9.68103],[79.92999,9.68108],[79.93012,9.68124],[79.93018,9.68122],[79.93037,9.68148],[79.93041,9.6815],[79.93048,9.68148],[79.9305,9.68145],[79.93048,9.6814],[79.92952,9.68007],[79.92945,9.67993],[79.92943,9.67986],[79.92944,9.6798],[79.92952,9.67963],[79.92984,9.67931],[79.93,9.6792],[79.93054,9.67893],[79.93084,9.67882],[79.93113,9.67878],[79.93155,9.67862],[79.93197,9.67841],[79.93254,9.67809],[79.93277,9.67792],[79.93381,9.67739],[79.93445,9.67702],[79.93484,9.67674],[79.93488,9.67666],[79.93493,9.67641],[79.93493,9.67624],[79.93482,9.67612],[79.93461,9.67596],[79.93401,9.67564],[79.93389,9.67553],[79.93369,9.67519],[79.9336,9.67497],[79.93353,9.67474],[79.93341,9.67446],[79.93335,9.67407],[79.93328,9.67388],[79.93322,9.6738],[79.93311,9.67371],[79.93303,9.67368],[79.93298,9.67371],[79.93297,9.67378],[79.93294,9.67381],[79.93285,9.67385],[79.93263,9.67385],[79.93244,9.67389],[79.93235,9.67396],[79.93218,9.674],[79.93214,9.67404],[79.93214,9.67411],[79.93218,9.67421],[79.93219,9.6743],[79.93214,9.67462],[79.93208,9.67472],[79.93206,9.67483],[79.93204,9.67505],[79.93197,9.6752],[79.93182,9.67525],[79.93182,9.67529],[79.93215,9.67562],[79.93241,9.67582],[79.93264,9.67614],[79.93266,9.6762],[79.93263,9.67631],[79.93257,9.67645],[79.93248,9.67654],[79.9323,9.67664],[79.93227,9.67669],[79.93229,9.67698],[79.93226,9.67705],[79.93218,9.67715],[79.93226,9.6775],[79.93225,9.67755],[79.93222,9.67759],[79.93199,9.67768],[79.93171,9.67799],[79.93137,9.67827],[79.93118,9.67839],[79.93094,9.67844],[79.93075,9.67843],[79.93055,9.67848],[79.93037,9.67859],[79.93015,9.67878],[79.92991,9.67876],[79.92988,9.67868],[79.92979,9.67751],[79.92984,9.67717],[79.92995,9.6771],[79.93007,9.67707],[79.93034,9.67709],[79.93061,9.67707],[79.93084,9.677],[79.93098,9.67687],[79.93119,9.67672],[79.93135,9.67665],[79.93137,9.67658],[79.93134,9.67626],[79.93135,9.67622],[79.93142,9.67612],[79.93138,9.67605],[79.93143,9.67595],[79.93132,9.67585],[79.93131,9.67566],[79.93119,9.67547],[79.93108,9.6752],[79.93087,9.67477],[79.93083,9.67458],[79.93085,9.6743],[79.93084,9.67405],[79.9308,9.67389],[79.93066,9.67364],[79.93061,9.67347],[79.93066,9.6732],[79.9308,9.67303],[79.93099,9.67291],[79.93129,9.67289],[79.93133,9.67285],[79.9315,9.67249],[79.93167,9.67224],[79.93183,9.67194],[79.93189,9.67167],[79.93187,9.67135],[79.93193,9.67108],[79.93184,9.67073],[79.93186,9.67036],[79.9319,9.67015],[79.93181,9.67003],[79.93172,9.66998],[79.93165,9.66999],[79.93139,9.67012],[79.93118,9.67019],[79.93104,9.67028],[79.93086,9.67045],[79.9307,9.67054],[79.93049,9.67056],[79.93036,9.67054],[79.92986,9.67009],[79.92971,9.66987],[79.92938,9.66962],[79.92906,9.66958],[79.92895,9.66965],[79.92864,9.67011],[79.92859,9.67015],[79.92847,9.67016],[79.92835,9.67013],[79.92828,9.67002],[79.92821,9.66937],[79.92832,9.66876],[79.92845,9.66858],[79.92878,9.66827],[79.92899,9.66817],[79.9292,9.66822],[79.92946,9.66838],[79.92975,9.66864],[79.93024,9.66891],[79.93062,9.6688],[79.93082,9.66854],[79.93086,9.66844],[79.93087,9.6683],[79.93087,9.6681],[79.93074,9.66785],[79.93068,9.66764],[79.93072,9.66738],[79.93083,9.66727],[79.93095,9.66719],[79.9316,9.6669],[79.93177,9.66692],[79.93197,9.66715],[79.93204,9.66715],[79.93219,9.66691],[79.9322,9.66678],[79.93215,9.66628],[79.93179,9.66554],[79.93174,9.66552],[79.93117,9.66545],[79.93065,9.6653],[79.93025,9.66522],[79.92994,9.66518],[79.92943,9.66519],[79.92894,9.66527],[79.9289,9.66532],[79.92897,9.66534],[79.92923,9.66535],[79.92938,9.66527],[79.92951,9.66527],[79.93029,9.66532],[79.93042,9.66537],[79.93046,9.66548],[79.93045,9.66553],[79.93036,9.66561],[79.92962,9.66564],[79.92926,9.66562],[79.92909,9.66559],[79.92894,9.66564],[79.92865,9.66568],[79.9286,9.66566],[79.9286,9.66561],[79.92847,9.66557],[79.9284,9.66558],[79.92821,9.66568],[79.928,9.66563],[79.92783,9.66551],[79.9277,9.66548],[79.92766,9.66545],[79.92761,9.66535],[79.92758,9.66534],[79.92709,9.66544],[79.92703,9.66542],[79.92692,9.66533],[79.92675,9.66527],[79.92619,9.66532],[79.92599,9.66521],[79.926,9.66516],[79.92602,9.66513],[79.9261,9.66509],[79.92632,9.66505],[79.92637,9.66501],[79.92638,9.66493],[79.92636,9.66487],[79.92623,9.66482],[79.92596,9.66481],[79.92586,9.66471],[79.92587,9.66466],[79.92583,9.6646],[79.92572,9.66454],[79.92534,9.66441],[79.9253,9.66414],[79.92508,9.66388],[79.92464,9.66364],[79.92435,9.66338],[79.92433,9.6633],[79.92434,9.66306],[79.92438,9.66295],[79.92452,9.66287],[79.92474,9.66291],[79.925,9.66305],[79.92511,9.66316],[79.92555,9.66341],[79.92561,9.66347],[79.92578,9.66375],[79.92578,9.66383],[79.92575,9.66397],[79.92584,9.6641],[79.92587,9.66429],[79.92591,9.66439],[79.92594,9.6644],[79.92602,9.66422],[79.92609,9.66421],[79.92631,9.66426],[79.92642,9.66435],[79.92646,9.66442],[79.92645,9.66466],[79.92652,9.66481],[79.92656,9.66486],[79.9266,9.66487],[79.9267,9.66459],[79.92679,9.6645],[79.92706,9.66439],[79.92763,9.66434],[79.92789,9.66434],[79.92816,9.66438],[79.92859,9.66435],[79.92877,9.66445],[79.92883,9.66434],[79.9289,9.66427],[79.92905,9.66424],[79.92911,9.66437],[79.92914,9.66452],[79.9292,9.66455],[79.92931,9.66457],[79.92948,9.66456],[79.92967,9.66445],[79.92992,9.66419],[79.93024,9.66403],[79.93038,9.66399],[79.93057,9.66395],[79.93069,9.66395],[79.93111,9.66401],[79.93142,9.66393],[79.93154,9.66385],[79.93172,9.66382],[79.93185,9.66387],[79.93209,9.66382],[79.93229,9.66369],[79.93228,9.66362],[79.93217,9.66354],[79.93215,9.66347],[79.93216,9.66338],[79.93221,9.66333],[79.93234,9.66331],[79.93244,9.66333],[79.93256,9.66332],[79.93267,9.66326],[79.93268,9.66317],[79.93262,9.66309],[79.93256,9.66308],[79.93165,9.66321],[79.9311,9.66323],[79.93054,9.66333],[79.92948,9.66358],[79.92758,9.66386],[79.92655,9.66395],[79.92627,9.66396],[79.92614,9.66392],[79.92605,9.66388],[79.92566,9.66337],[79.92551,9.66307],[79.92517,9.66284],[79.92458,9.66261],[79.9236,9.66235],[79.92349,9.66233],[79.92325,9.66237],[79.92296,9.66236],[79.92292,9.66233],[79.92287,9.66223],[79.9229,9.66207],[79.92301,9.66192],[79.92309,9.66185],[79.92347,9.66175],[79.92409,9.66162],[79.92438,9.6614],[79.92454,9.66133],[79.92477,9.66129],[79.92489,9.66125],[79.92492,9.66122],[79.92491,9.66112],[79.92486,9.661],[79.92466,9.66072],[79.92448,9.6605],[79.92428,9.66036],[79.92399,9.6601],[79.92399,9.66001],[79.92423,9.65972],[79.9243,9.65968],[79.92443,9.6597],[79.92496,9.65988],[79.92556,9.65991],[79.92571,9.66001],[79.92578,9.66015],[79.92576,9.66046],[79.92566,9.66062],[79.92567,9.66067],[79.92582,9.66074],[79.92611,9.66075],[79.92627,9.66073],[79.92634,9.6607],[79.9264,9.66062],[79.92652,9.66038],[79.92656,9.66021],[79.92662,9.66013],[79.9268,9.65997],[79.92737,9.65955],[79.92787,9.65926],[79.92825,9.65914],[79.92905,9.65877],[79.92966,9.65842],[79.92977,9.65834],[79.92984,9.65826],[79.93025,9.65806],[79.93085,9.65768],[79.93123,9.65748],[79.93254,9.6567],[79.93315,9.6562],[79.93453,9.65515],[79.93479,9.65498],[79.93494,9.65481],[79.93497,9.65473],[79.93497,9.65463],[79.93501,9.6543],[79.93536,9.65356],[79.93554,9.65332],[79.9359,9.65299],[79.9369,9.65231],[79.93788,9.65174],[79.93811,9.65156],[79.93886,9.65108],[79.93929,9.65085],[79.93957,9.65074],[79.9396,9.65065],[79.93979,9.65052],[79.93987,9.65037],[79.93994,9.65027],[79.94005,9.65021],[79.94026,9.65016],[79.9404,9.65007],[79.94048,9.64991],[79.94061,9.64977],[79.94082,9.64962],[79.94088,9.6496],[79.94096,9.6496],[79.94105,9.64966],[79.94116,9.64941],[79.94129,9.64927],[79.94176,9.64895],[79.9419,9.64895],[79.94195,9.64881],[79.94217,9.64861],[79.94231,9.64855],[79.94254,9.64837],[79.94268,9.6483],[79.94294,9.64821],[79.94312,9.6481],[79.94343,9.64797],[79.94356,9.64798],[79.94365,9.64803],[79.94373,9.6482],[79.94373,9.64828],[79.9437,9.64835],[79.94371,9.64838],[79.94383,9.64841],[79.94398,9.64834],[79.94418,9.64814],[79.94445,9.64773],[79.9446,9.64756],[79.94463,9.6473],[79.94484,9.64688],[79.94485,9.64682],[79.94482,9.64638],[79.94486,9.64627],[79.94501,9.64605],[79.94546,9.64565],[79.94577,9.64546],[79.94622,9.64506],[79.94644,9.6449],[79.94674,9.6448],[79.94702,9.64452],[79.94723,9.64437],[79.94791,9.64392],[79.94814,9.64381],[79.94822,9.64365],[79.94828,9.64359],[79.94848,9.64346],[79.94866,9.64327],[79.9488,9.64322],[79.94893,9.64315],[79.94904,9.64301],[79.94927,9.64295],[79.94946,9.64277],[79.94965,9.64264],[79.94982,9.64257],[79.95009,9.64239],[79.95057,9.64215],[79.95087,9.64208],[79.95105,9.642],[79.95115,9.64201],[79.95153,9.64191],[79.95158,9.64186],[79.95171,9.64167],[79.95222,9.64132],[79.95256,9.64112],[79.95279,9.64092],[79.95319,9.64064],[79.95356,9.64041],[79.95368,9.64041],[79.95374,9.64048],[79.95379,9.64048],[79.95385,9.6403],[79.95406,9.64011],[79.95438,9.63992],[79.95467,9.63977],[79.95533,9.63933],[79.95554,9.63926],[79.95597,9.63895],[79.95604,9.63894],[79.95612,9.63897],[79.95624,9.63895],[79.95659,9.63864],[79.95697,9.63842],[79.95734,9.63817],[79.95768,9.63802],[79.9579,9.63795],[79.95825,9.63757],[79.95881,9.63717],[79.96004,9.63648],[79.96062,9.63613],[79.96103,9.63595],[79.96121,9.63579],[79.96134,9.63557],[79.96197,9.63512],[79.9625,9.63489],[79.96318,9.63444],[79.96419,9.63409],[79.96489,9.63377],[79.96512,9.63372],[79.96514,9.6337],[79.96515,9.63361],[79.96519,9.63357],[79.96537,9.63357],[79.96555,9.63354],[79.96646,9.63311],[79.9668,9.63299],[79.96705,9.63284],[79.96745,9.63267],[79.96753,9.6326],[79.96763,9.63258],[79.96772,9.63259],[79.96774,9.63264],[79.96769,9.63268],[79.96774,9.63277],[79.96784,9.63282],[79.968,9.63281],[79.96856,9.63268],[79.96885,9.63251],[79.96902,9.63245],[79.96933,9.63237],[79.96947,9.63228],[79.96962,9.63226],[79.96971,9.6322],[79.96974,9.6322],[79.96977,9.63225],[79.96984,9.63219],[79.96995,9.63214],[79.97028,9.63209],[79.97072,9.63194],[79.97109,9.63186],[79.97146,9.63186],[79.97179,9.6318],[79.97195,9.6317],[79.97208,9.63168],[79.9722,9.63171],[79.97231,9.63164],[79.97246,9.63163],[79.9727,9.63166],[79.97277,9.63168],[79.97285,9.63176],[79.97304,9.63166],[79.9732,9.63165],[79.97349,9.63157],[79.97379,9.63158],[79.97428,9.63154],[79.97469,9.63168],[79.97493,9.63171],[79.97559,9.63167],[79.97579,9.63163],[79.97597,9.63162],[79.97604,9.63164],[79.97613,9.63169],[79.97632,9.6317],[79.97671,9.63178],[79.97711,9.63187],[79.97727,9.63193],[79.97734,9.63202],[79.97738,9.63251],[79.97748,9.63268],[79.97771,9.63292],[79.97785,9.63303],[79.97796,9.63308],[79.9784,9.63304],[79.97851,9.63307],[79.97869,9.63318],[79.97883,9.6332],[79.97949,9.63295],[79.97958,9.63282],[79.97969,9.63257],[79.97979,9.63247],[79.97986,9.63244],[79.97992,9.63245],[79.98007,9.63254],[79.98014,9.63253],[79.98024,9.63245],[79.98041,9.63223],[79.9805,9.63221],[79.98072,9.63232],[79.98082,9.6324],[79.9809,9.63251],[79.98069,9.6327],[79.98065,9.63282],[79.98066,9.63293],[79.98086,9.63283],[79.98098,9.63282],[79.98107,9.63292],[79.98113,9.63305],[79.98113,9.63314],[79.98122,9.63328],[79.98129,9.63331],[79.98137,9.63331],[79.98148,9.63329],[79.98162,9.6332],[79.98167,9.63321],[79.98184,9.63335],[79.98192,9.63347],[79.98192,9.6335],[79.98188,9.63357],[79.98158,9.63388],[79.98146,9.63396],[79.98097,9.63425],[79.98052,9.63445],[79.98012,9.63457],[79.98008,9.63468],[79.9801,9.63479],[79.98021,9.63494],[79.98027,9.63514],[79.98035,9.6353],[79.98044,9.63539],[79.98052,9.63542],[79.98083,9.63541],[79.98111,9.63547],[79.98134,9.63556],[79.98163,9.6356],[79.98269,9.63559],[79.98297,9.63563],[79.98334,9.63576],[79.9835,9.63575],[79.98355,9.63568],[79.98356,9.63562],[79.98352,9.63541],[79.98355,9.63525],[79.98365,9.63518],[79.98381,9.63498],[79.98398,9.6349],[79.98421,9.63487],[79.98434,9.63488],[79.98449,9.63497],[79.98453,9.63511],[79.98456,9.63508],[79.98457,9.63492],[79.98454,9.63477],[79.98431,9.63416],[79.98426,9.63407],[79.98413,9.63368],[79.98402,9.63343],[79.98396,9.63326],[79.9839,9.63295],[79.98389,9.63251],[79.98391,9.6324],[79.98399,9.63228],[79.98472,9.63206],[79.98487,9.63199],[79.98503,9.63181],[79.98518,9.63153],[79.98517,9.63131],[79.98515,9.6312],[79.98508,9.63103],[79.98507,9.63086],[79.98509,9.63075],[79.98505,9.63058],[79.98498,9.63043],[79.9849,9.63033],[79.98476,9.63023],[79.9846,9.62999],[79.98441,9.62961],[79.9844,9.62941],[79.98449,9.62901],[79.98451,9.62882],[79.9846,9.62861],[79.98462,9.62847],[79.98462,9.62835],[79.98447,9.62806],[79.9844,9.62778],[79.98425,9.6276],[79.9841,9.6272],[79.98406,9.62704],[79.98404,9.62684],[79.98385,9.62669],[79.98368,9.62643],[79.98359,9.62616],[79.98358,9.62603],[79.98365,9.62585],[79.98397,9.62559],[79.98405,9.62542],[79.98406,9.6252],[79.9841,9.625],[79.98407,9.62491],[79.98365,9.62425],[79.98346,9.62414],[79.9827,9.6232],[79.98265,9.6231],[79.98266,9.62306],[79.9828,9.62286],[79.98287,9.62272],[79.98285,9.62267],[79.98281,9.62264],[79.98257,9.6225],[79.98233,9.62244],[79.98174,9.62252],[79.98126,9.62251],[79.98114,9.6225],[79.98103,9.62246],[79.98097,9.62238],[79.98092,9.62227],[79.98094,9.62219],[79.98138,9.62196],[79.98139,9.62182],[79.9813,9.6216],[79.98125,9.62153],[79.98077,9.6214],[79.98073,9.62135],[79.98064,9.62123],[79.98018,9.62071],[79.98012,9.62057],[79.98012,9.62023],[79.98008,9.61995],[79.97999,9.61981],[79.97989,9.61975],[79.97976,9.61972],[79.97959,9.6196],[79.97911,9.6191],[79.97881,9.61873],[79.97882,9.61869],[79.97886,9.61867],[79.9789,9.61868],[79.97898,9.61872],[79.97925,9.61864],[79.97933,9.61867],[79.97944,9.61874],[79.97943,9.61866],[79.97928,9.61861],[79.97894,9.61865],[79.9785,9.61851],[79.97778,9.61785],[79.97741,9.61755],[79.977,9.61711],[79.97694,9.61691],[79.97669,9.61665],[79.9766,9.61645],[79.97648,9.61642],[79.97613,9.6165],[79.97605,9.61648],[79.97551,9.61619],[79.97537,9.61607],[79.97519,9.61587],[79.97502,9.61557],[79.97499,9.61528],[79.97502,9.61507],[79.97516,9.61481],[79.97517,9.61465],[79.97508,9.61398],[79.97511,9.6138],[79.97514,9.61367],[79.9753,9.61351],[79.97568,9.61342],[79.9758,9.61346],[79.97582,9.61343],[79.9758,9.6134],[79.97562,9.61322],[79.97548,9.61313],[79.97521,9.61297],[79.97492,9.61285],[79.97412,9.61264],[79.97323,9.61247],[79.97318,9.61245],[79.97303,9.6124],[79.97262,9.61235],[79.97178,9.61237],[79.97099,9.61244],[79.97005,9.61259],[79.96863,9.61287],[79.96803,9.61306],[79.96756,9.61316],[79.96679,9.61327],[79.96655,9.61335],[79.96617,9.61344],[79.96551,9.61363],[79.96484,9.61379],[79.96443,9.61386],[79.96407,9.61395],[79.9634,9.61399],[79.963,9.61405],[79.96276,9.61416],[79.96247,9.61424],[79.96222,9.61436],[79.96167,9.61473],[79.96138,9.61499],[79.96112,9.61518],[79.9605,9.61581],[79.9602,9.61617],[79.9596,9.61683],[79.95926,9.6171],[79.95882,9.61753],[79.95816,9.6181],[79.95784,9.6184],[79.95768,9.61857],[79.95756,9.61864],[79.9564,9.6197],[79.9556,9.62036],[79.95523,9.62072],[79.95387,9.62182],[79.9532,9.62229],[79.9528,9.62254],[79.95208,9.62306],[79.95131,9.62351],[79.95114,9.62363],[79.95083,9.62377],[79.95002,9.62421],[79.9486,9.62492],[79.94789,9.62533],[79.94704,9.62565],[79.9463,9.626],[79.94483,9.62659],[79.9444,9.62678],[79.94318,9.62737],[79.94272,9.62757],[79.94249,9.62766],[79.94185,9.62792],[79.94143,9.62804],[79.94036,9.62843],[79.93997,9.62852],[79.93892,9.62901],[79.93751,9.62978],[79.93699,9.63009],[79.93582,9.63053],[79.93541,9.63073]]]},"properties":{"name":null,"source":"OpenStreetMap + Natural Earth","source_id":"osm_coastline","geometry_quality":"mapped_polygon"}},{"type":"Feature","geometry":{"type":"Polygon","coordinates":[[[79.93939,9.67731],[79.93947,9.67732],[79.93959,9.67714],[79.93964,9.67696],[79.93962,9.67666],[79.93955,9.67659],[79.93908,9.67696],[79.93903,9.67725],[79.9392,9.67742],[79.93939,9.67731]]]},"properties":{"name":null,"source":"OpenStreetMap + Natural Earth","source_id":"osm_coastline","geometry_quality":"mapped_polygon"}},{"type":"Feature","geometry":{"type":"Polygon","coordinates":[[[79.93834,9.67433],[79.93848,9.67444],[79.93878,9.67452],[79.9387,9.67462],[79.93822,9.67469],[79.93794,9.67466],[79.93795,9.67437],[79.93776,9.67436],[79.93759,9.67462],[79.93761,9.67496],[79.93799,9.67567],[79.93807,9.67599],[79.93825,9.67609],[79.93854,9.67594],[79.93899,9.67508],[79.93905,9.67482],[79.93886,9.67444],[79.93864,9.67429],[79.9384,9.67419],[79.93834,9.67433]]]},"properties":{"name":null,"source":"OpenStreetMap + Natural Earth","source_id":"osm_coastline","geometry_quality":"mapped_polygon"}},{"type":"Feature","geometry":{"type":"Polygon","coordinates":[[[79.93659,9.67735],[79.93609,9.67802],[79.93553,9.67841],[79.93545,9.67881],[79.93549,9.67923],[79.93593,9.67924],[79.93631,9.6791],[79.93665,9.67892],[79.93701,9.67852],[79.93748,9.67814],[79.9379,9.67774],[79.9381,9.67752],[79.93808,9.67717],[79.93788,9.67692],[79.93772,9.677],[79.93787,9.67715],[79.9379,9.67727],[79.93716,9.67787],[79.93702,9.67776],[79.93697,9.67739],[79.93679,9.67717],[79.93659,9.67735]]]},"properties":{"name":null,"source":"OpenStreetMap + Natural Earth","source_id":"osm_coastline","geometry_quality":"mapped_polygon"}},{"type":"Feature","geometry":{"type":"Polygon","coordinates":[[[79.93709,9.67461],[79.93719,9.67424],[79.93748,9.6741],[79.9375,9.67383],[79.93714,9.67306],[79.93695,9.67276],[79.93672,9.6722],[79.93636,9.672],[79.93627,9.67157],[79.93614,9.6713],[79.93572,9.67107],[79.93541,9.67079],[79.93524,9.67094],[79.93511,9.67132],[79.93491,9.67167],[79.9347,9.67218],[79.93447,9.67247],[79.93459,9.67318],[79.935,9.6741],[79.9353,9.67451],[79.93544,9.67491],[79.93586,9.67574],[79.93597,9.67612],[79.93597,9.67655],[79.93592,9.67706],[79.9362,9.67718],[79.93643,9.67696],[79.93661,9.67685],[79.93687,9.6768],[79.93715,9.67672],[79.93758,9.67651],[79.93775,9.67623],[79.93733,9.6756],[79.93716,9.67527],[79.9371,9.67496],[79.93709,9.67461]]]},"properties":{"name":null,"source":"OpenStreetMap + Natural Earth","source_id":"osm_coastline","geometry_quality":"mapped_polygon"}},{"type":"Feature","geometry":{"type":"Polygon","coordinates":[[[79.93492,9.67517],[79.93473,9.67515],[79.93472,9.67518],[79.93488,9.67524],[79.935,9.67524],[79.93504,9.6753],[79.93504,9.67533],[79.93501,9.67537],[79.93492,9.67539],[79.93479,9.67539],[79.93476,9.67543],[79.93479,9.67552],[79.93491,9.67554],[79.93492,9.67557],[79.93491,9.67566],[79.93481,9.67572],[79.93482,9.67581],[79.93498,9.67599],[79.93502,9.676],[79.93507,9.67598],[79.93519,9.6758],[79.93524,9.6757],[79.93525,9.67562],[79.93516,9.67536],[79.93506,9.67522],[79.93492,9.67517]]]},"properties":{"name":null,"source":"OpenStreetMap + Natural Earth","source_id":"osm_coastline","geometry_quality":"mapped_polygon"}},{"type":"Feature","geometry":{"type":"Polygon","coordinates":[[[79.65727,9.07307],[79.65764,9.07342],[79.65812,9.07374],[79.65895,9.07414],[79.65941,9.07444],[79.65988,9.07486],[79.65985,9.07501],[79.65966,9.07495],[79.6595,9.07481],[79.65949,9.07471],[79.65943,9.07463],[79.65939,9.07474],[79.65953,9.07502],[79.66006,9.07526],[79.66062,9.07535],[79.66103,9.07538],[79.66146,9.07538],[79.66195,9.07535],[79.66252,9.07521],[79.66289,9.07512],[79.66323,9.07499],[79.66359,9.0749],[79.66462,9.07472],[79.66581,9.07464],[79.66612,9.07462],[79.66621,9.07468],[79.66685,9.07464],[79.66744,9.07452],[79.66813,9.07456],[79.6682,9.07465],[79.66836,9.07461],[79.66863,9.07459],[79.66864,9.07476],[79.66875,9.07478],[79.66892,9.07468],[79.66915,9.07464],[79.66943,9.07462],[79.66941,9.07495],[79.66984,9.07514],[79.67034,9.07517],[79.67038,9.07524],[79.67056,9.07518],[79.67082,9.07517],[79.67085,9.07522],[79.67121,9.0752],[79.67246,9.07512],[79.67314,9.07507],[79.67403,9.07493],[79.675,9.07499],[79.67519,9.075],[79.67547,9.07509],[79.67626,9.0753],[79.67728,9.07563],[79.67817,9.07565],[79.67906,9.07554],[79.68178,9.0752],[79.68236,9.07513],[79.68391,9.07505],[79.68525,9.07522],[79.68763,9.07466],[79.68885,9.07483],[79.6903,9.07565],[79.69123,9.07611],[79.6922,9.07646],[79.69256,9.07653],[79.69271,9.07653],[79.69284,9.07658],[79.69316,9.07678],[79.69352,9.07727],[79.69363,9.07745],[79.69382,9.07762],[79.6941,9.07799],[79.69426,9.07814],[79.69492,9.07834],[79.69503,9.07849],[79.69503,9.07864],[79.69522,9.07888],[79.69549,9.07891],[79.6957,9.07886],[79.69609,9.07872],[79.69632,9.07869],[79.69666,9.07871],[79.69682,9.07868],[79.69694,9.07863],[79.69701,9.07856],[79.69709,9.07824],[79.69712,9.0782],[79.69731,9.07819],[79.69745,9.07823],[79.69768,9.07856],[79.69768,9.07859],[79.69716,9.07875],[79.69683,9.079],[79.69659,9.07916],[79.69626,9.07931],[79.69611,9.07945],[79.69597,9.07952],[79.69539,9.07967],[79.69505,9.07964],[79.69492,9.07966],[79.69462,9.07977],[79.69436,9.07983],[79.69407,9.07983],[79.69365,9.07972],[79.6931,9.07939],[79.69304,9.07932],[79.69297,9.07914],[79.69273,9.07894],[79.6926,9.07887],[79.69196,9.07875],[79.69072,9.07832],[79.68991,9.07817],[79.6897,9.0781],[79.68879,9.07785],[79.68861,9.07786],[79.68827,9.07781],[79.68769,9.07765],[79.68764,9.0776],[79.68766,9.07753],[79.68789,9.07732],[79.68795,9.07723],[79.688,9.07706],[79.68798,9.07695],[79.68791,9.07687],[79.68781,9.07683],[79.68771,9.07685],[79.68757,9.07695],[79.68732,9.07736],[79.68729,9.07793],[79.68738,9.07839],[79.68743,9.07853],[79.68747,9.07865],[79.68773,9.07929],[79.68789,9.07953],[79.68796,9.07952],[79.68798,9.0795],[79.68798,9.07943],[79.68793,9.07918],[79.688,9.0789],[79.68808,9.07877],[79.68814,9.07871],[79.68866,9.07845],[79.68878,9.07836],[79.68889,9.07836],[79.68898,9.07838],[79.68918,9.07852],[79.6892,9.07869],[79.68925,9.07876],[79.68934,9.07877],[79.68967,9.07871],[79.69,9.07861],[79.6902,9.07862],[79.69085,9.07872],[79.69132,9.0788],[79.69176,9.0789],[79.69221,9.07924],[79.69282,9.07959],[79.69348,9.07985],[79.69401,9.08],[79.69462,9.08002],[79.69514,9.07998],[79.69529,9.07995],[79.69547,9.07976],[79.69591,9.07964],[79.69604,9.07959],[79.69667,9.07956],[79.69692,9.07958],[79.69711,9.07967],[79.69734,9.07983],[79.69762,9.08007],[79.69794,9.0803],[79.698,9.08042],[79.69816,9.08061],[79.69829,9.08083],[79.69842,9.08143],[79.69845,9.08166],[79.69845,9.08214],[79.69838,9.08267],[79.69823,9.08319],[79.69814,9.08345],[79.69812,9.08368],[79.69812,9.08423],[79.698,9.08462],[79.69805,9.0849],[79.69799,9.08509],[79.69791,9.08523],[79.69791,9.0853],[79.69796,9.08533],[79.69811,9.08493],[79.69816,9.08488],[79.69819,9.085],[79.69819,9.0853],[79.69813,9.0856],[79.69805,9.08586],[79.69798,9.08596],[79.69791,9.08613],[79.69783,9.08648],[79.69772,9.08664],[79.69769,9.08676],[79.69744,9.08692],[79.69745,9.08702],[79.69752,9.08706],[79.69759,9.08716],[79.6976,9.08726],[79.69759,9.08739],[79.69749,9.08772],[79.6973,9.08854],[79.69731,9.0887],[79.69734,9.08879],[79.69731,9.08899],[79.69718,9.08918],[79.69705,9.0893],[79.6968,9.08942],[79.69646,9.08992],[79.69626,9.0901],[79.69605,9.09036],[79.69577,9.09075],[79.6957,9.09096],[79.69569,9.09114],[79.69565,9.09127],[79.69554,9.09143],[79.69527,9.09144],[79.69525,9.09162],[79.69521,9.09167],[79.69516,9.09169],[79.69511,9.09169],[79.69488,9.09156],[79.69475,9.09144],[79.6947,9.09135],[79.69465,9.09132],[79.6943,9.09115],[79.694,9.09108],[79.69364,9.09095],[79.69335,9.09071],[79.6933,9.09065],[79.69323,9.09044],[79.69325,9.09016],[79.6932,9.08993],[79.69311,9.08983],[79.69297,9.08979],[79.69275,9.08977],[79.69253,9.08967],[79.69239,9.08952],[79.69234,9.08939],[79.69235,9.08923],[79.6924,9.08904],[79.69249,9.08888],[79.69267,9.08876],[79.69273,9.08874],[79.69277,9.08876],[79.69281,9.08876],[79.69271,9.08868],[79.6926,9.08869],[79.69223,9.08884],[79.69195,9.08884],[79.69183,9.08912],[79.69181,9.08926],[79.69181,9.08946],[79.69179,9.0895],[79.69171,9.08954],[79.69159,9.08951],[79.69151,9.08938],[79.69143,9.08931],[79.69121,9.08887],[79.69118,9.08872],[79.69097,9.08842],[79.691,9.08804],[79.69096,9.08791],[79.69103,9.08781],[79.69117,9.0877],[79.69103,9.08768],[79.69099,9.08769],[79.69103,9.08772],[79.69102,9.08775],[79.69081,9.08792],[79.69069,9.08807],[79.69067,9.08815],[79.69067,9.08833],[79.69056,9.08827],[79.6905,9.08814],[79.69046,9.08796],[79.69052,9.08776],[79.69051,9.08761],[79.69071,9.0874],[79.69082,9.08711],[79.6908,9.08709],[79.69074,9.08711],[79.69071,9.08714],[79.69067,9.08731],[79.69059,9.08743],[79.69037,9.08757],[79.69022,9.08761],[79.69017,9.08761],[79.68996,9.08745],[79.68995,9.08735],[79.68988,9.08723],[79.68992,9.08717],[79.68991,9.08713],[79.68983,9.08714],[79.68979,9.08724],[79.6898,9.08735],[79.68991,9.08756],[79.68998,9.08784],[79.69008,9.08803],[79.69017,9.08816],[79.69027,9.08825],[79.69062,9.08846],[79.69074,9.08856],[79.69077,9.0889],[79.69091,9.08911],[79.69098,9.08939],[79.69109,9.08959],[79.69115,9.08964],[79.6915,9.08988],[79.69227,9.09053],[79.69284,9.09092],[79.69355,9.0913],[79.6942,9.09174],[79.69472,9.09198],[79.69509,9.0922],[79.6957,9.09261],[79.69608,9.09292],[79.69629,9.09308],[79.69659,9.09333],[79.69667,9.09343],[79.69669,9.0935],[79.69659,9.09376],[79.69645,9.09394],[79.69632,9.09405],[79.69622,9.09417],[79.69623,9.0943],[79.69643,9.09443],[79.69655,9.09457],[79.69664,9.09479],[79.69669,9.09501],[79.69668,9.09513],[79.69665,9.09523],[79.69659,9.09531],[79.6965,9.09536],[79.69644,9.09537],[79.69643,9.09527],[79.69654,9.09508],[79.69658,9.095],[79.69657,9.09498],[79.69653,9.09498],[79.69645,9.09505],[79.69636,9.09518],[79.69628,9.09541],[79.69624,9.09563],[79.69627,9.09576],[79.69635,9.09596],[79.69651,9.09621],[79.6968,9.09676],[79.69694,9.09721],[79.697,9.09774],[79.69696,9.09802],[79.69691,9.09812],[79.69681,9.09815],[79.6967,9.09815],[79.69653,9.09807],[79.69649,9.09803],[79.69648,9.09795],[79.69663,9.09781],[79.69664,9.09778],[79.69663,9.09776],[79.69647,9.0978],[79.6964,9.09773],[79.69638,9.09762],[79.69644,9.09743],[79.69637,9.09741],[79.69632,9.09743],[79.69625,9.0975],[79.69619,9.09768],[79.69622,9.09782],[79.6965,9.09831],[79.6966,9.09863],[79.69663,9.0988],[79.69661,9.09884],[79.69658,9.09884],[79.69656,9.09882],[79.69654,9.09874],[79.69651,9.09871],[79.69637,9.09869],[79.69635,9.09866],[79.69643,9.0985],[79.69639,9.09846],[79.69628,9.09851],[79.69621,9.09859],[79.69618,9.09865],[79.69618,9.09874],[79.69626,9.0988],[79.69651,9.0989],[79.69701,9.09917],[79.69727,9.09941],[79.69743,9.09964],[79.69755,9.09967],[79.69759,9.09971],[79.69759,9.09981],[79.69754,9.09982],[79.69744,9.09975],[79.6974,9.09978],[79.69734,9.09979],[79.69721,9.09967],[79.69716,9.09967],[79.69714,9.09971],[79.69715,9.09974],[79.69731,9.09984],[79.69743,9.09998],[79.6975,9.10029],[79.69756,9.10041],[79.69768,9.10051],[79.69818,9.1007],[79.69843,9.10076],[79.69891,9.10081],[79.69966,9.10085],[79.69994,9.10089],[79.70135,9.10132],[79.70199,9.10158],[79.70233,9.10166],[79.70252,9.10174],[79.70269,9.10177],[79.70342,9.10183],[79.70376,9.10189],[79.70402,9.10197],[79.70449,9.10206],[79.70463,9.10212],[79.70467,9.1024],[79.70471,9.10246],[79.70509,9.10257],[79.70517,9.10261],[79.70536,9.10279],[79.70546,9.10286],[79.70557,9.10291],[79.70569,9.10291],[79.70597,9.10305],[79.7061,9.10309],[79.70717,9.10314],[79.70796,9.10326],[79.70816,9.10334],[79.70852,9.10336],[79.70865,9.10339],[79.70886,9.10346],[79.70894,9.10353],[79.70906,9.10368],[79.70908,9.10383],[79.70912,9.10388],[79.7095,9.10387],[79.70961,9.10392],[79.70983,9.1039],[79.71015,9.10392],[79.71038,9.10396],[79.71053,9.10402],[79.71056,9.10408],[79.71061,9.10412],[79.71082,9.10411],[79.71115,9.10416],[79.71161,9.10427],[79.71209,9.10433],[79.71214,9.10435],[79.71217,9.10439],[79.71216,9.10442],[79.71206,9.10445],[79.71205,9.10448],[79.71207,9.10451],[79.71217,9.10452],[79.71231,9.10448],[79.71235,9.1045],[79.71245,9.10463],[79.71249,9.10464],[79.71281,9.10461],[79.71294,9.10467],[79.71316,9.10487],[79.71326,9.10489],[79.71399,9.10486],[79.71422,9.10494],[79.71425,9.105],[79.71432,9.10504],[79.71453,9.10497],[79.71464,9.10497],[79.7147,9.10498],[79.71474,9.10502],[79.71478,9.10512],[79.71485,9.10513],[79.71508,9.10508],[79.7152,9.10508],[79.71557,9.10503],[79.71578,9.10506],[79.71595,9.10515],[79.71632,9.10523],[79.71702,9.1055],[79.71776,9.1056],[79.71788,9.10559],[79.71807,9.10565],[79.71833,9.10565],[79.71885,9.1058],[79.71918,9.10586],[79.71979,9.10592],[79.7201,9.10603],[79.72024,9.10604],[79.72045,9.10602],[79.72124,9.10627],[79.72155,9.10641],[79.72241,9.10645],[79.72285,9.1065],[79.72309,9.10657],[79.72359,9.10666],[79.72422,9.10676],[79.72474,9.10678],[79.72518,9.10675],[79.72542,9.10679],[79.72546,9.1069],[79.7255,9.10691],[79.72637,9.10687],[79.7267,9.10698],[79.72711,9.10699],[79.72754,9.10703],[79.72829,9.10724],[79.72841,9.10731],[79.72854,9.10745],[79.72884,9.10757],[79.72907,9.10754],[79.72926,9.10755],[79.72929,9.10758],[79.72931,9.10766],[79.72947,9.10762],[79.72996,9.10763],[79.73001,9.10764],[79.73013,9.10779],[79.73034,9.10776],[79.73035,9.10776],[79.73036,9.10777],[79.7314,9.10754],[79.73168,9.10754],[79.73182,9.10765],[79.73191,9.10767],[79.73229,9.1076],[79.73261,9.10752],[79.73293,9.10756],[79.73311,9.10751],[79.73327,9.10755],[79.73341,9.10755],[79.7352,9.10742],[79.73612,9.10739],[79.73716,9.1073],[79.73743,9.10732],[79.73817,9.10721],[79.73833,9.10721],[79.73864,9.10737],[79.73951,9.10725],[79.74028,9.10719],[79.74042,9.10716],[79.74061,9.10717],[79.74258,9.10694],[79.74274,9.10695],[79.74311,9.10701],[79.74354,9.10695],[79.74398,9.10693],[79.74422,9.10688],[79.74436,9.10694],[79.74442,9.10694],[79.74477,9.10684],[79.74503,9.10679],[79.74533,9.10676],[79.74583,9.10666],[79.74609,9.10667],[79.74625,9.10679],[79.74634,9.10683],[79.74668,9.10671],[79.74701,9.10665],[79.74771,9.10657],[79.74875,9.10637],[79.74883,9.10636],[79.74902,9.10647],[79.74981,9.10626],[79.74992,9.10628],[79.74999,9.10632],[79.75006,9.10633],[79.75034,9.10629],[79.75049,9.10623],[79.75081,9.10616],[79.75095,9.10615],[79.75107,9.10617],[79.75119,9.10616],[79.7519,9.106],[79.75265,9.10589],[79.753,9.1058],[79.7531,9.10581],[79.75317,9.1059],[79.75327,9.10592],[79.7537,9.10573],[79.75423,9.10558],[79.75437,9.10557],[79.75446,9.10558],[79.7545,9.10562],[79.75452,9.10572],[79.75455,9.10573],[79.75498,9.10557],[79.75538,9.10544],[79.75593,9.10535],[79.75617,9.1054],[79.7579,9.10499],[79.75807,9.10503],[79.75812,9.10515],[79.75818,9.10514],[79.75845,9.10496],[79.75882,9.10482],[79.75906,9.10479],[79.75916,9.10481],[79.7592,9.10483],[79.75921,9.10488],[79.75919,9.10496],[79.75923,9.10497],[79.75928,9.10495],[79.7595,9.1048],[79.76028,9.10455],[79.76046,9.10451],[79.76066,9.10454],[79.76081,9.10448],[79.76091,9.10453],[79.76099,9.10452],[79.76121,9.1044],[79.76153,9.10432],[79.76174,9.10445],[79.76182,9.10446],[79.76248,9.1042],[79.76322,9.10406],[79.76368,9.10395],[79.764,9.10396],[79.76419,9.10393],[79.76487,9.1038],[79.76596,9.10356],[79.7665,9.10341],[79.76664,9.10342],[79.76669,9.1035],[79.76676,9.10351],[79.76707,9.10334],[79.76768,9.10319],[79.7678,9.10322],[79.76786,9.10335],[79.76791,9.10337],[79.76808,9.10326],[79.76827,9.10318],[79.76858,9.10307],[79.76906,9.10293],[79.76923,9.10295],[79.76999,9.10287],[79.77078,9.10272],[79.77117,9.10261],[79.7718,9.10248],[79.77251,9.10226],[79.7728,9.10228],[79.77298,9.10235],[79.77311,9.10231],[79.77365,9.1021],[79.77382,9.10209],[79.77398,9.10211],[79.77415,9.10209],[79.77445,9.10198],[79.77481,9.10197],[79.77556,9.10176],[79.77572,9.10177],[79.77591,9.10174],[79.77635,9.10158],[79.77662,9.10156],[79.77669,9.10162],[79.77671,9.10167],[79.77676,9.10168],[79.7775,9.10142],[79.77769,9.10137],[79.77776,9.10136],[79.77795,9.1014],[79.7781,9.10141],[79.77857,9.10131],[79.77873,9.10123],[79.7794,9.10102],[79.77951,9.101],[79.77959,9.10102],[79.77962,9.10107],[79.77966,9.10109],[79.77994,9.10101],[79.78005,9.101],[79.78017,9.1011],[79.78022,9.1011],[79.78027,9.10109],[79.78061,9.1009],[79.78075,9.10084],[79.78108,9.10078],[79.78135,9.10069],[79.78187,9.10074],[79.78206,9.10071],[79.78226,9.10061],[79.78273,9.10045],[79.78291,9.10042],[79.78298,9.10044],[79.78303,9.10054],[79.78315,9.10056],[79.78355,9.10032],[79.78373,9.10027],[79.78389,9.10026],[79.78399,9.10034],[79.78406,9.10034],[79.78421,9.10022],[79.78436,9.10019],[79.78442,9.10022],[79.78475,9.10005],[79.7849,9.10001],[79.78501,9.10004],[79.7851,9.10003],[79.78551,9.09983],[79.78608,9.09964],[79.78622,9.09963],[79.78638,9.0997],[79.78683,9.09947],[79.78719,9.0994],[79.78724,9.09941],[79.78731,9.09947],[79.78739,9.09948],[79.78776,9.09927],[79.78799,9.09929],[79.78851,9.0991],[79.78869,9.09909],[79.78901,9.09891],[79.78918,9.09885],[79.78933,9.09882],[79.78944,9.09883],[79.78946,9.09886],[79.78946,9.09893],[79.78948,9.09897],[79.78953,9.09896],[79.78982,9.09873],[79.79003,9.09866],[79.79015,9.09867],[79.79022,9.09872],[79.79026,9.09872],[79.79045,9.0986],[79.79129,9.09833],[79.79164,9.09818],[79.7917,9.09817],[79.79182,9.09824],[79.79189,9.09822],[79.79201,9.09816],[79.79224,9.09812],[79.79231,9.09806],[79.79262,9.09791],[79.79279,9.09786],[79.79294,9.09786],[79.79303,9.09793],[79.79308,9.09794],[79.7937,9.09762],[79.79402,9.09759],[79.79419,9.09752],[79.79427,9.09754],[79.79437,9.09752],[79.79451,9.09744],[79.79467,9.09738],[79.79477,9.09738],[79.79485,9.09732],[79.79499,9.09725],[79.79529,9.09719],[79.79555,9.09703],[79.79575,9.097],[79.79592,9.09699],[79.79609,9.0969],[79.7962,9.09696],[79.79627,9.09694],[79.79653,9.09681],[79.79701,9.09666],[79.79713,9.09658],[79.79731,9.09654],[79.79754,9.09645],[79.79785,9.09629],[79.79815,9.09623],[79.79825,9.09627],[79.79859,9.09608],[79.79872,9.09605],[79.7988,9.09606],[79.79886,9.09611],[79.79891,9.0961],[79.79928,9.09584],[79.79943,9.09581],[79.79958,9.09584],[79.79996,9.09562],[79.8002,9.09553],[79.80106,9.09527],[79.8013,9.09528],[79.8016,9.09511],[79.80173,9.0951],[79.80199,9.09501],[79.80215,9.09491],[79.80269,9.09466],[79.80333,9.09445],[79.80352,9.09445],[79.80365,9.09434],[79.80375,9.09432],[79.80396,9.09429],[79.80428,9.09407],[79.80438,9.09405],[79.80469,9.09389],[79.80488,9.09387],[79.80503,9.09388],[79.80507,9.09381],[79.80513,9.09376],[79.80528,9.09367],[79.80547,9.09364],[79.806,9.09338],[79.80609,9.09335],[79.80626,9.09334],[79.8063,9.09329],[79.80679,9.09309],[79.80698,9.09306],[79.80738,9.09292],[79.80782,9.09271],[79.80795,9.09268],[79.80819,9.09257],[79.80838,9.09253],[79.80871,9.09233],[79.80905,9.09231],[79.80949,9.09206],[79.80978,9.092],[79.80985,9.09195],[79.81008,9.09186],[79.81023,9.09176],[79.81051,9.09172],[79.81059,9.09166],[79.81069,9.09166],[79.81083,9.09159],[79.8109,9.0916],[79.81117,9.09141],[79.81124,9.09138],[79.8116,9.09135],[79.81193,9.09117],[79.81207,9.09114],[79.81225,9.09102],[79.81237,9.091],[79.81247,9.09101],[79.81261,9.09096],[79.81269,9.09091],[79.81292,9.09085],[79.81318,9.0907],[79.81388,9.09049],[79.81413,9.09034],[79.81425,9.09032],[79.81448,9.09033],[79.81463,9.09029],[79.81527,9.09003],[79.81552,9.08988],[79.81567,9.0899],[79.8158,9.08988],[79.81623,9.08968],[79.81666,9.08951],[79.81682,9.08948],[79.81704,9.08939],[79.81731,9.08933],[79.81743,9.08924],[79.81756,9.08923],[79.8178,9.08917],[79.81855,9.0889],[79.81911,9.08866],[79.8199,9.08846],[79.821,9.08808],[79.82161,9.08791],[79.82283,9.0875],[79.82334,9.08739],[79.8237,9.08724],[79.82446,9.08698],[79.82517,9.08679],[79.82551,9.08665],[79.82687,9.08627],[79.82711,9.08616],[79.82761,9.08609],[79.82774,9.086],[79.8284,9.08586],[79.82892,9.08568],[79.82923,9.08562],[79.82953,9.0855],[79.82982,9.08542],[79.83077,9.08523],[79.83099,9.08512],[79.83121,9.08506],[79.83153,9.08498],[79.83165,9.08498],[79.83211,9.08486],[79.83227,9.08477],[79.83252,9.08469],[79.8329,9.08463],[79.83312,9.08453],[79.83335,9.08445],[79.83499,9.08402],[79.83597,9.08373],[79.83854,9.08306],[79.83873,9.08301],[79.83904,9.08288],[79.83928,9.08283],[79.83981,9.08264],[79.8406,9.08248],[79.84086,9.08236],[79.84256,9.08179],[79.84306,9.0816],[79.84374,9.08137],[79.84446,9.08117],[79.84473,9.08106],[79.84494,9.08094],[79.8452,9.08085],[79.84543,9.08082],[79.84572,9.08069],[79.84596,9.08065],[79.84641,9.08044],[79.84696,9.08029],[79.84712,9.08021],[79.84739,9.08013],[79.84766,9.07999],[79.84834,9.07975],[79.84863,9.07968],[79.84898,9.07955],[79.84962,9.07927],[79.85016,9.07909],[79.85085,9.0788],[79.85123,9.07861],[79.8516,9.07848],[79.85224,9.07821],[79.85442,9.07716],[79.85578,9.07645],[79.85637,9.07612],[79.85685,9.0759],[79.85742,9.07557],[79.85848,9.075],[79.85899,9.07464],[79.85961,9.07429],[79.86083,9.07357],[79.86137,9.07315],[79.86181,9.07288],[79.86223,9.07256],[79.86294,9.07211],[79.86337,9.07179],[79.86379,9.07145],[79.86461,9.07069],[79.86512,9.07033],[79.86583,9.06978],[79.86647,9.06923],[79.86677,9.06904],[79.86736,9.06852],[79.86768,9.06823],[79.86802,9.06787],[79.86921,9.06683],[79.86945,9.06658],[79.87003,9.06616],[79.87026,9.06591],[79.87089,9.06532],[79.87158,9.06473],[79.87188,9.06437],[79.87217,9.06414],[79.87236,9.06404],[79.87264,9.06385],[79.87274,9.06368],[79.87277,9.06356],[79.87288,9.06342],[79.87336,9.06307],[79.87389,9.06259],[79.87394,9.06249],[79.87413,9.06232],[79.87424,9.06223],[79.87451,9.06212],[79.87467,9.06199],[79.87477,9.06178],[79.87497,9.06151],[79.87526,9.06128],[79.8754,9.06121],[79.87549,9.06114],[79.8757,9.06109],[79.87571,9.06106],[79.87566,9.06099],[79.87578,9.06085],[79.87596,9.06078],[79.87604,9.06085],[79.87612,9.06082],[79.87619,9.06061],[79.87631,9.0605],[79.87641,9.06041],[79.8767,9.06028],[79.8767,9.06018],[79.87681,9.06006],[79.87698,9.05974],[79.87734,9.05944],[79.87764,9.05927],[79.87766,9.05922],[79.87774,9.05909],[79.87794,9.05889],[79.87813,9.05876],[79.87859,9.05835],[79.87875,9.05821],[79.87916,9.05797],[79.87929,9.05779],[79.87951,9.05759],[79.87973,9.05748],[79.87992,9.05741],[79.88001,9.05726],[79.88029,9.05708],[79.88054,9.05687],[79.88085,9.05665],[79.88151,9.05621],[79.88195,9.05589],[79.88228,9.05554],[79.88244,9.05545],[79.88266,9.0554],[79.88276,9.05526],[79.88289,9.05515],[79.88361,9.05466],[79.8839,9.05436],[79.88443,9.05395],[79.88449,9.05388],[79.88471,9.05375],[79.88479,9.05366],[79.88492,9.0536],[79.88499,9.05346],[79.88519,9.05327],[79.88526,9.05324],[79.8854,9.05321],[79.88563,9.05305],[79.88569,9.05299],[79.88577,9.0527],[79.88596,9.05248],[79.88647,9.05219],[79.88668,9.05199],[79.88682,9.05191],[79.88678,9.0518],[79.88683,9.05166],[79.88699,9.05145],[79.88717,9.05129],[79.88739,9.05114],[79.8876,9.05106],[79.88817,9.05063],[79.88832,9.05056],[79.88847,9.05043],[79.88876,9.05027],[79.88927,9.04985],[79.88937,9.04972],[79.88974,9.04947],[79.89026,9.04907],[79.89041,9.04887],[79.89057,9.04874],[79.89092,9.04862],[79.89111,9.04846],[79.89135,9.04838],[79.89136,9.04824],[79.89151,9.04806],[79.89162,9.04796],[79.89185,9.04792],[79.89186,9.04787],[79.89177,9.04772],[79.89173,9.04758],[79.89171,9.04733],[79.89173,9.047],[79.89177,9.0468],[79.89183,9.0467],[79.89185,9.04643],[79.89184,9.04634],[79.89152,9.04551],[79.89151,9.04518],[79.89155,9.04496],[79.89171,9.04482],[79.89274,9.04414],[79.89338,9.04366],[79.8947,9.04261],[79.89565,9.04179],[79.89638,9.04124],[79.89687,9.04081],[79.8972,9.04055],[79.89759,9.04028],[79.89824,9.03975],[79.89852,9.0396],[79.89866,9.03944],[79.89973,9.03849],[79.90037,9.03775],[79.90061,9.03752],[79.90081,9.03737],[79.90102,9.03715],[79.90137,9.03689],[79.90161,9.03675],[79.90173,9.03664],[79.9018,9.0364],[79.90171,9.03619],[79.9017,9.03609],[79.90174,9.0359],[79.90184,9.03566],[79.90199,9.03539],[79.9023,9.0349],[79.9023,9.03471],[79.90224,9.0339],[79.90224,9.03371],[79.90233,9.03361],[79.90291,9.03322],[79.9033,9.03287],[79.90363,9.03244],[79.90384,9.0322],[79.90404,9.03179],[79.90428,9.03139],[79.90463,9.03094],[79.90471,9.03079],[79.90492,9.03063],[79.90523,9.03044],[79.90531,9.03036],[79.90551,9.02974],[79.90557,9.02967],[79.90577,9.02947],[79.90593,9.02941],[79.90591,9.02934],[79.90596,9.02928],[79.90613,9.02916],[79.90628,9.02905],[79.90722,9.0283],[79.90744,9.02803],[79.90803,9.02745],[79.90866,9.02669],[79.90885,9.02637],[79.90905,9.02612],[79.9092,9.02568],[79.90937,9.02542],[79.90955,9.02514],[79.90958,9.02496],[79.90952,9.0245],[79.90933,9.02391],[79.90934,9.02363],[79.90961,9.02325],[79.90973,9.02313],[79.90988,9.02308],[79.91015,9.02303],[79.91028,9.02299],[79.91085,9.02262],[79.91103,9.02254],[79.91178,9.02202],[79.91214,9.02173],[79.91374,9.02044],[79.91517,9.01923],[79.91646,9.018],[79.91709,9.01746],[79.91784,9.01672],[79.91851,9.01617],[79.91969,9.01532],[79.92042,9.01481],[79.92133,9.01427],[79.92264,9.01358],[79.92489,9.01268],[79.92552,9.01234],[79.92594,9.01208],[79.92634,9.01175],[79.92657,9.01152],[79.92672,9.01132],[79.92683,9.01112],[79.92696,9.01077],[79.92699,9.01038],[79.92693,9.01017],[79.92689,9.00985],[79.92684,9.00971],[79.92676,9.00963],[79.92664,9.00957],[79.9265,9.00955],[79.92627,9.00953],[79.92574,9.00958],[79.92566,9.00953],[79.9255,9.00957],[79.92448,9.00977],[79.92414,9.0098],[79.9238,9.00977],[79.92351,9.00981],[79.92329,9.00981],[79.92207,9.01001],[79.92185,9.01002],[79.92164,9.01],[79.9213,9.01001],[79.92095,9.01016],[79.92073,9.0102],[79.9205,9.01015],[79.91938,9.01021],[79.91893,9.01029],[79.91812,9.01056],[79.91736,9.01099],[79.91484,9.01305],[79.91406,9.01382],[79.91339,9.01437],[79.91286,9.01471],[79.91239,9.01491],[79.91181,9.01521],[79.91151,9.01545],[79.91062,9.0164],[79.91016,9.01674],[79.90906,9.01776],[79.90892,9.01794],[79.90878,9.01816],[79.90875,9.01824],[79.90876,9.01832],[79.90867,9.01839],[79.90864,9.01856],[79.90867,9.0187],[79.90864,9.0188],[79.90858,9.0189],[79.90848,9.01901],[79.90829,9.01914],[79.90815,9.01931],[79.90795,9.01948],[79.90771,9.01978],[79.90748,9.02013],[79.9068,9.02065],[79.90655,9.02088],[79.90632,9.02105],[79.90586,9.02134],[79.90578,9.02148],[79.90514,9.02183],[79.90503,9.02195],[79.90425,9.02243],[79.90363,9.02276],[79.90341,9.02285],[79.90328,9.0229],[79.90292,9.02296],[79.9026,9.02305],[79.90182,9.02339],[79.90146,9.02359],[79.901,9.02379],[79.90017,9.0241],[79.89974,9.0243],[79.89939,9.02449],[79.89804,9.02513],[79.89777,9.02528],[79.89678,9.02577],[79.89497,9.02655],[79.89356,9.02706],[79.89076,9.02813],[79.88839,9.029],[79.88735,9.02945],[79.8861,9.02991],[79.88521,9.03026],[79.88442,9.03052],[79.88356,9.03074],[79.88322,9.03085],[79.88257,9.03113],[79.88205,9.03131],[79.88178,9.03144],[79.87964,9.03229],[79.87935,9.03244],[79.87924,9.03254],[79.87862,9.0328],[79.87825,9.033],[79.87755,9.03324],[79.87741,9.03332],[79.87721,9.0335],[79.8772,9.03359],[79.87721,9.03366],[79.87716,9.03373],[79.87692,9.03379],[79.87684,9.03383],[79.87685,9.03386],[79.87692,9.03388],[79.87692,9.03391],[79.87689,9.03395],[79.87669,9.03402],[79.87663,9.03407],[79.8763,9.03426],[79.87527,9.03469],[79.87493,9.03486],[79.87448,9.03504],[79.87397,9.03534],[79.87363,9.03547],[79.87355,9.03557],[79.87344,9.03562],[79.87336,9.03561],[79.87322,9.03549],[79.8731,9.03549],[79.87293,9.03554],[79.87263,9.03574],[79.872,9.03608],[79.87165,9.03632],[79.8715,9.03637],[79.87122,9.03652],[79.87051,9.03732],[79.87045,9.03743],[79.87045,9.03759],[79.87036,9.03785],[79.87023,9.038],[79.87006,9.038],[79.86998,9.03816],[79.86995,9.03831],[79.86994,9.0387],[79.86996,9.0388],[79.87022,9.03903],[79.87034,9.03918],[79.8706,9.03974],[79.87056,9.04021],[79.87047,9.04051],[79.87041,9.04063],[79.87033,9.04065],[79.87008,9.04057],[79.86996,9.04056],[79.86988,9.04058],[79.86955,9.04111],[79.86952,9.04134],[79.86956,9.04146],[79.86979,9.04177],[79.86997,9.04196],[79.86999,9.0421],[79.86998,9.04234],[79.86992,9.04276],[79.86994,9.04277],[79.87004,9.04267],[79.87031,9.04252],[79.87047,9.0425],[79.87061,9.04254],[79.8708,9.04269],[79.87081,9.04276],[79.87079,9.04283],[79.8704,9.04311],[79.87001,9.04334],[79.86979,9.04352],[79.8696,9.04362],[79.8694,9.04371],[79.86916,9.04378],[79.86892,9.0438],[79.86856,9.04386],[79.86828,9.04397],[79.86813,9.0441],[79.86783,9.0443],[79.86738,9.04452],[79.86704,9.04462],[79.86604,9.04481],[79.86451,9.04504],[79.86386,9.04519],[79.86359,9.04522],[79.86338,9.04529],[79.86308,9.04546],[79.86279,9.04576],[79.86271,9.04592],[79.86222,9.04642],[79.86205,9.04672],[79.86192,9.0473],[79.86192,9.04755],[79.86188,9.04779],[79.86186,9.04793],[79.86177,9.04813],[79.86176,9.04839],[79.86168,9.04868],[79.86168,9.04897],[79.86175,9.04943],[79.8617,9.0496],[79.86152,9.04992],[79.86142,9.04999],[79.86127,9.05005],[79.86117,9.05],[79.86083,9.04945],[79.86072,9.04925],[79.8607,9.04872],[79.8607,9.04835],[79.86076,9.04801],[79.86093,9.04762],[79.86105,9.04711],[79.8612,9.04664],[79.86129,9.04646],[79.86144,9.04602],[79.86166,9.04585],[79.86194,9.04559],[79.86207,9.04543],[79.86221,9.04512],[79.8623,9.04502],[79.86253,9.04481],[79.86278,9.04468],[79.86328,9.0438],[79.86377,9.04337],[79.86429,9.04303],[79.86471,9.04286],[79.86503,9.04279],[79.8654,9.04275],[79.866,9.04281],[79.86616,9.04289],[79.86636,9.04306],[79.86653,9.04323],[79.86686,9.04343],[79.86723,9.0435],[79.86757,9.04349],[79.86787,9.0433],[79.86834,9.04312],[79.86868,9.04308],[79.86874,9.04309],[79.86883,9.04316],[79.86886,9.04314],[79.86886,9.04312],[79.86875,9.04299],[79.86874,9.04295],[79.86913,9.0425],[79.86923,9.04227],[79.86924,9.04209],[79.86922,9.04194],[79.86911,9.04145],[79.86909,9.0412],[79.8691,9.04103],[79.86917,9.04066],[79.86913,9.04035],[79.86916,9.03921],[79.86922,9.03887],[79.86923,9.03867],[79.86921,9.03853],[79.86917,9.03847],[79.86916,9.0384],[79.86938,9.03823],[79.86942,9.03803],[79.86938,9.03791],[79.86932,9.03786],[79.86918,9.03779],[79.86905,9.03778],[79.86903,9.03774],[79.86901,9.0375],[79.86903,9.03733],[79.8691,9.0372],[79.86925,9.03709],[79.86957,9.03676],[79.87024,9.03613],[79.87058,9.03585],[79.87069,9.03572],[79.87101,9.0355],[79.87142,9.03504],[79.8716,9.03454],[79.87175,9.03425],[79.87198,9.0339],[79.87202,9.03379],[79.87201,9.0337],[79.87182,9.03332],[79.87171,9.03316],[79.8716,9.03306],[79.87153,9.03293],[79.87146,9.03271],[79.87137,9.03263],[79.87112,9.03249],[79.87107,9.03238],[79.87108,9.03212],[79.87124,9.03197],[79.87133,9.03179],[79.87142,9.03061],[79.87181,9.02942],[79.87198,9.02906],[79.87238,9.02828],[79.87301,9.02732],[79.87382,9.02664],[79.87412,9.02588],[79.87445,9.02541],[79.87462,9.02527],[79.87464,9.0252],[79.87464,9.02513],[79.87459,9.02509],[79.87457,9.025],[79.87485,9.02414],[79.87524,9.02354],[79.8755,9.02319],[79.87579,9.02265],[79.87631,9.02128],[79.87637,9.02102],[79.87654,9.02061],[79.87681,9.02014],[79.87738,9.01953],[79.87774,9.0192],[79.87838,9.01849],[79.87864,9.01827],[79.87875,9.01809],[79.87884,9.01778],[79.8791,9.01731],[79.87992,9.01629],[79.88153,9.01448],[79.88208,9.01393],[79.8825,9.01345],[79.88301,9.01293],[79.88356,9.01245],[79.88414,9.01187],[79.88461,9.01146],[79.88486,9.01129],[79.88501,9.01124],[79.88515,9.01115],[79.88521,9.01107],[79.8852,9.01093],[79.88511,9.0107],[79.88514,9.01056],[79.88527,9.01031],[79.88554,9.01002],[79.88616,9.00943],[79.88662,9.00907],[79.88828,9.00763],[79.8899,9.00619],[79.89029,9.00582],[79.89252,9.00387],[79.89262,9.00382],[79.89288,9.0038],[79.89293,9.00374],[79.89296,9.00337],[79.89306,9.00324],[79.89327,9.0031],[79.89345,9.00289],[79.89393,9.00248],[79.89576,9.00105],[79.89723,8.99975],[79.89735,8.99969],[79.89741,8.99969],[79.8975,8.99973],[79.89758,8.99972],[79.89762,8.9996],[79.89767,8.99948],[79.89768,8.99935],[79.89771,8.99921],[79.89784,8.99907],[79.89818,8.99872],[79.89896,8.99806],[79.89902,8.99792],[79.89927,8.99766],[79.89933,8.99763],[79.89941,8.99763],[79.89945,8.99758],[79.89949,8.99743],[79.8997,8.9972],[79.90057,8.99655],[79.90079,8.99647],[79.90095,8.99644],[79.90104,8.99647],[79.90109,8.99651],[79.90144,8.99714],[79.90149,8.99719],[79.90156,8.99721],[79.90176,8.99717],[79.9022,8.99689],[79.90281,8.99655],[79.904,8.99579],[79.90408,8.99567],[79.90411,8.99555],[79.90407,8.99545],[79.90373,8.99494],[79.90369,8.99484],[79.9037,8.99476],[79.90378,8.99465],[79.904,8.9944],[79.90419,8.99424],[79.90441,8.99415],[79.90486,8.99385],[79.90548,8.99356],[79.90623,8.99317],[79.90671,8.99288],[79.90713,8.9926],[79.90808,8.99207],[79.90824,8.992],[79.90833,8.992],[79.9084,8.99203],[79.90857,8.99203],[79.909,8.9917],[79.90908,8.99161],[79.9091,8.99149],[79.9093,8.99136],[79.9095,8.99129],[79.90967,8.99136],[79.90971,8.99144],[79.90978,8.99148],[79.91007,8.9915],[79.91028,8.99143],[79.91044,8.99129],[79.91046,8.99121],[79.91038,8.99098],[79.91041,8.9909],[79.91049,8.99082],[79.91177,8.99021],[79.91464,8.98901],[79.91556,8.9886],[79.91733,8.98778],[79.91868,8.98711],[79.91926,8.98676],[79.92126,8.98564],[79.92167,8.98544],[79.92186,8.98539],[79.92205,8.98522],[79.923,8.98469],[79.92348,8.98445],[79.92396,8.98424],[79.92427,8.98402],[79.92507,8.98362],[79.92567,8.98322],[79.92598,8.98298],[79.9262,8.98271],[79.92634,8.98258],[79.92645,8.98214],[79.92663,8.98173],[79.92682,8.98137],[79.9273,8.98003],[79.92732,8.97976],[79.92737,8.97947],[79.9274,8.97914],[79.92753,8.97855],[79.92754,8.97818],[79.92746,8.97786],[79.92727,8.97726],[79.92718,8.9771],[79.92699,8.97684],[79.92697,8.97678],[79.92698,8.97671],[79.92702,8.97665],[79.92706,8.97664],[79.92715,8.97671],[79.92727,8.97665],[79.92734,8.97649],[79.92737,8.97649],[79.92789,8.9769],[79.92792,8.97689],[79.92807,8.97672],[79.92806,8.97667],[79.92787,8.97652],[79.92767,8.97632],[79.92739,8.97611],[79.92733,8.97597],[79.92734,8.97583],[79.92732,8.97578],[79.92713,8.97577],[79.92678,8.97558],[79.92649,8.97554],[79.92623,8.97555],[79.92543,8.97568],[79.92519,8.97569],[79.92508,8.97565],[79.92495,8.97552],[79.9249,8.97549],[79.92475,8.97549],[79.92448,8.97557],[79.92416,8.97562],[79.92371,8.9756],[79.92357,8.97557],[79.9235,8.97546],[79.92339,8.9754],[79.92321,8.97537],[79.92256,8.97537],[79.92225,8.97541],[79.92167,8.97559],[79.92074,8.97607],[79.92035,8.97624],[79.92029,8.9763],[79.92003,8.9764],[79.91987,8.97639],[79.91982,8.97635],[79.91963,8.97638],[79.91955,8.97641],[79.91944,8.97641],[79.91927,8.9764],[79.91916,8.97633],[79.919,8.97635],[79.91854,8.97614],[79.91811,8.97611],[79.91801,8.97601],[79.91797,8.97599],[79.91768,8.97599],[79.91756,8.97596],[79.91749,8.9759],[79.91748,8.97585],[79.91749,8.97571],[79.91753,8.97568],[79.91755,8.97545],[79.91744,8.97546],[79.91658,8.97539],[79.91654,8.97539],[79.91617,8.97559],[79.91613,8.97561],[79.91592,8.97568],[79.91584,8.97568],[79.91573,8.97564],[79.91569,8.9756],[79.91568,8.97539],[79.91565,8.97537],[79.91549,8.97538],[79.91529,8.97543],[79.91516,8.97552],[79.91507,8.97556],[79.91468,8.97558],[79.9144,8.97559],[79.91394,8.9755],[79.91371,8.97554],[79.91336,8.97552],[79.91306,8.97557],[79.9128,8.97555],[79.91259,8.97548],[79.91246,8.97538],[79.91217,8.9749],[79.91112,8.97395],[79.90997,8.97268],[79.90971,8.97246],[79.90927,8.9722],[79.90859,8.97183],[79.90792,8.97155],[79.90732,8.97124],[79.90676,8.97103],[79.90626,8.97092],[79.90587,8.97087],[79.90566,8.97082],[79.90551,8.97072],[79.90531,8.9705],[79.90515,8.97041],[79.90444,8.97021],[79.90413,8.97022],[79.90401,8.97027],[79.90393,8.97033],[79.90385,8.9703],[79.90391,8.97012],[79.90391,8.97006],[79.90378,8.96994],[79.90359,8.96981],[79.90349,8.96973],[79.90338,8.96962],[79.90319,8.96954],[79.90261,8.96933],[79.90099,8.96893],[79.90021,8.96885],[79.90012,8.96886],[79.90005,8.96915],[79.89982,8.9691],[79.89954,8.96904],[79.89939,8.96896],[79.89928,8.96868],[79.89917,8.96838],[79.89904,8.96824],[79.89888,8.96819],[79.8985,8.96808],[79.89816,8.96798],[79.89771,8.96784],[79.89707,8.96765],[79.89643,8.96746],[79.89616,8.96728],[79.8959,8.96711],[79.89562,8.9673],[79.89565,8.96682],[79.89542,8.96646],[79.89519,8.9661],[79.89528,8.9659],[79.89536,8.9658],[79.89575,8.96563],[79.89632,8.96542],[79.89678,8.9654],[79.89721,8.96557],[79.89748,8.96576],[79.89762,8.96595],[79.89791,8.96611],[79.89794,8.96626],[79.89795,8.96648],[79.89799,8.9666],[79.89811,8.96678],[79.89826,8.96699],[79.89827,8.96719],[79.89823,8.96735],[79.89827,8.96742],[79.8984,8.96736],[79.8985,8.96721],[79.89843,8.96676],[79.89844,8.96657],[79.89852,8.96646],[79.89841,8.96607],[79.89846,8.96595],[79.89856,8.96594],[79.89884,8.96603],[79.89921,8.96599],[79.89948,8.96597],[79.89976,8.96605],[79.89993,8.966],[79.90013,8.9658],[79.90047,8.96564],[79.90091,8.96575],[79.90137,8.96591],[79.90184,8.96607],[79.9022,8.96634],[79.90216,8.96608],[79.9019,8.96585],[79.90155,8.96565],[79.90116,8.96552],[79.90088,8.96543],[79.90059,8.96543],[79.90024,8.96552],[79.89981,8.96563],[79.89937,8.96562],[79.89899,8.96564],[79.89865,8.96556],[79.89845,8.96548],[79.89824,8.96543],[79.89772,8.96542],[79.89724,8.96542],[79.89705,8.96533],[79.89682,8.96511],[79.89654,8.96489],[79.89612,8.96453],[79.89563,8.96412],[79.89513,8.96348],[79.89493,8.96313],[79.89483,8.96279],[79.89479,8.96253],[79.89484,8.9623],[79.89501,8.96194],[79.89502,8.96179],[79.89495,8.96173],[79.89485,8.96171],[79.89468,8.96181],[79.89458,8.96199],[79.89457,8.9621],[79.8945,8.96232],[79.89428,8.96258],[79.89413,8.96268],[79.89389,8.96274],[79.89356,8.96287],[79.89312,8.96301],[79.89286,8.96305],[79.89242,8.96302],[79.89204,8.96303],[79.89158,8.96313],[79.89118,8.96325],[79.89081,8.96345],[79.89039,8.96362],[79.88992,8.9639],[79.88942,8.96415],[79.88903,8.96443],[79.88839,8.96497],[79.88824,8.96505],[79.88816,8.9651],[79.88794,8.96527],[79.88759,8.9655],[79.88732,8.96567],[79.88676,8.96603],[79.88636,8.96633],[79.88625,8.96646],[79.88615,8.96665],[79.88598,8.96706],[79.88598,8.96711],[79.88598,8.96712],[79.886,8.96713],[79.88601,8.9671],[79.88603,8.96708],[79.88607,8.96705],[79.88612,8.96703],[79.88618,8.96696],[79.88621,8.9669],[79.88623,8.96684],[79.88627,8.96681],[79.8863,8.96681],[79.88631,8.96684],[79.88632,8.96688],[79.88634,8.9669],[79.88637,8.96693],[79.88641,8.96692],[79.88644,8.9669],[79.88646,8.96684],[79.88648,8.96679],[79.88651,8.96675],[79.88653,8.96671],[79.88653,8.96666],[79.88647,8.96659],[79.88646,8.9665],[79.88647,8.96645],[79.88649,8.96642],[79.88654,8.9664],[79.8866,8.96639],[79.88665,8.96642],[79.8867,8.96645],[79.88674,8.9665],[79.88679,8.96656],[79.88682,8.96657],[79.88687,8.96657],[79.88694,8.96654],[79.88708,8.96643],[79.88714,8.96642],[79.88716,8.96645],[79.88717,8.96648],[79.88719,8.96653],[79.8872,8.96655],[79.8872,8.96658],[79.88713,8.96669],[79.88709,8.96677],[79.88704,8.9669],[79.88699,8.96699],[79.88676,8.96719],[79.88658,8.96747],[79.88644,8.96765],[79.88638,8.96776],[79.88634,8.96805],[79.88626,8.96819],[79.88615,8.96828],[79.88585,8.96852],[79.8858,8.9686],[79.88571,8.96887],[79.88563,8.96896],[79.88558,8.969],[79.88537,8.96904],[79.88531,8.96909],[79.8853,8.96913],[79.88532,8.96921],[79.88532,8.96931],[79.88529,8.96937],[79.88526,8.96946],[79.88527,8.96956],[79.88533,8.96966],[79.88532,8.96972],[79.88528,8.96981],[79.8852,8.96989],[79.88515,8.9699],[79.8851,8.96987],[79.88506,8.96981],[79.88491,8.9695],[79.88487,8.96948],[79.88485,8.9695],[79.88503,8.96988],[79.88503,8.96993],[79.88501,8.96999],[79.88469,8.97015],[79.88463,8.97019],[79.88463,8.97023],[79.88464,8.97026],[79.88465,8.97031],[79.88464,8.97036],[79.8846,8.97043],[79.88446,8.97051],[79.88433,8.97052],[79.88422,8.97057],[79.88362,8.97073],[79.88336,8.97084],[79.88318,8.9708],[79.88314,8.97079],[79.88287,8.97084],[79.88292,8.97049],[79.883,8.97043],[79.88322,8.9704],[79.88326,8.97038],[79.88329,8.97028],[79.88321,8.96988],[79.88323,8.96978],[79.88338,8.96953],[79.88351,8.96914],[79.88364,8.96897],[79.88369,8.96859],[79.88378,8.96842],[79.8839,8.96833],[79.88422,8.968],[79.88429,8.96797],[79.88434,8.96799],[79.88442,8.96822],[79.88448,8.96833],[79.88457,8.96838],[79.88468,8.96841],[79.88478,8.96839],[79.88491,8.96828],[79.88514,8.96779],[79.88527,8.96745],[79.88524,8.9673],[79.88519,8.96719],[79.88492,8.96699],[79.88484,8.9669],[79.88488,8.9668],[79.88511,8.96679],[79.88551,8.96661],[79.8858,8.96654],[79.88581,8.9664],[79.88579,8.96632],[79.88568,8.9663],[79.88549,8.96632],[79.88512,8.96641],[79.88498,8.96641],[79.88494,8.96636],[79.88495,8.96628],[79.88502,8.96618],[79.88518,8.96601],[79.88521,8.96594],[79.88535,8.96577],[79.88548,8.96571],[79.8856,8.96568],[79.88572,8.96568],[79.88592,8.96573],[79.88595,8.9657],[79.88593,8.96555],[79.88582,8.96546],[79.88579,8.96542],[79.88578,8.96535],[79.88584,8.96527],[79.88607,8.9652],[79.88625,8.965],[79.88641,8.96489],[79.88665,8.96492],[79.88692,8.96483],[79.88724,8.96479],[79.88737,8.96474],[79.88744,8.96464],[79.88751,8.96462],[79.88766,8.96462],[79.88778,8.96473],[79.8878,8.96463],[79.88778,8.96454],[79.88747,8.96453],[79.88644,8.96461],[79.88604,8.9647],[79.88598,8.96468],[79.88595,8.9646],[79.88602,8.96447],[79.88622,8.96424],[79.88652,8.96414],[79.88657,8.96409],[79.88664,8.9639],[79.88675,8.96382],[79.88685,8.9636],[79.88734,8.96311],[79.88749,8.96285],[79.88775,8.96262],[79.88799,8.96223],[79.8881,8.96213],[79.88819,8.9621],[79.8883,8.96202],[79.88843,8.9619],[79.88847,8.96182],[79.88845,8.96173],[79.88849,8.96163],[79.88853,8.96163],[79.88864,8.96173],[79.8887,8.96174],[79.8887,8.96171],[79.88865,8.96157],[79.88852,8.96144],[79.88843,8.9614],[79.88822,8.96141],[79.88782,8.96151],[79.88771,8.96159],[79.88749,8.96169],[79.88741,8.96169],[79.8874,8.96163],[79.88736,8.96161],[79.88724,8.96167],[79.88712,8.96183],[79.88701,8.96227],[79.88678,8.96275],[79.88644,8.96327],[79.88609,8.96369],[79.886,8.96385],[79.88568,8.96422],[79.88548,8.9646],[79.88529,8.9649],[79.88448,8.96599],[79.88424,8.96643],[79.88398,8.96676],[79.88322,8.96762],[79.88255,8.96851],[79.8819,8.96954],[79.88178,8.96969],[79.88178,8.96987],[79.88172,8.97002],[79.88149,8.97034],[79.88063,8.97167],[79.88026,8.97217],[79.87942,8.97352],[79.8791,8.97409],[79.87824,8.97545],[79.87768,8.97617],[79.87666,8.97759],[79.87302,8.98195],[79.87133,8.98389],[79.87092,8.98438],[79.87055,8.98478],[79.87027,8.98513],[79.86859,8.98702],[79.86794,8.98774],[79.86598,8.98979],[79.86443,8.9913],[79.86364,8.99224],[79.86125,8.9946],[79.85964,8.99626],[79.8586,8.99725],[79.85671,8.99918],[79.85638,8.99945],[79.85616,8.99971],[79.85585,9.00002],[79.85572,9.00012],[79.85548,9.00041],[79.85504,9.00086],[79.85363,9.0022],[79.85305,9.00279],[79.85233,9.00343],[79.85138,9.00433],[79.84974,9.00579],[79.84941,9.00603],[79.84823,9.00713],[79.8467,9.00844],[79.84604,9.00905],[79.84496,9.00988],[79.8439,9.01078],[79.84302,9.01157],[79.84211,9.01232],[79.84124,9.01307],[79.84009,9.01403],[79.83898,9.01505],[79.83776,9.01612],[79.83639,9.01723],[79.83549,9.01791],[79.83464,9.01861],[79.83386,9.01919],[79.83287,9.02],[79.83202,9.02066],[79.83135,9.02114],[79.83034,9.02191],[79.82914,9.02286],[79.82746,9.02412],[79.82686,9.02462],[79.82554,9.02556],[79.82107,9.02888],[79.82014,9.02954],[79.81822,9.03083],[79.81738,9.03144],[79.81395,9.03377],[79.81239,9.03479],[79.81143,9.03544],[79.80996,9.03633],[79.80822,9.03755],[79.80605,9.03886],[79.80484,9.0397],[79.8042,9.04012],[79.80203,9.04141],[79.80097,9.04206],[79.79948,9.04289],[79.79858,9.04348],[79.79789,9.0439],[79.79718,9.04439],[79.79651,9.04479],[79.79569,9.04521],[79.79399,9.04614],[79.79082,9.04796],[79.78958,9.04863],[79.78855,9.04913],[79.78555,9.05078],[79.78479,9.05118],[79.78407,9.05153],[79.78208,9.05263],[79.78024,9.05355],[79.77902,9.05413],[79.77522,9.05608],[79.77349,9.05688],[79.77134,9.05779],[79.77116,9.05791],[79.76987,9.0586],[79.76596,9.0603],[79.76551,9.06053],[79.76408,9.06127],[79.76293,9.06179],[79.76173,9.06221],[79.75814,9.06366],[79.75708,9.06413],[79.75412,9.06528],[79.75315,9.06568],[79.75251,9.0659],[79.75196,9.06612],[79.75186,9.06616],[79.74974,9.06695],[79.74776,9.06764],[79.74683,9.06795],[79.7462,9.06812],[79.74534,9.06841],[79.74473,9.06867],[79.74378,9.06901],[79.74149,9.06971],[79.73958,9.07035],[79.73541,9.07164],[79.73416,9.0721],[79.73124,9.07302],[79.73028,9.07338],[79.72936,9.07371],[79.72842,9.074],[79.72539,9.07481],[79.7228,9.07533],[79.71948,9.07594],[79.7153,9.0766],[79.7148,9.07673],[79.71244,9.07721],[79.71192,9.0773],[79.71151,9.07733],[79.71108,9.07734],[79.71067,9.07738],[79.70862,9.07764],[79.7077,9.07777],[79.70709,9.07777],[79.70621,9.0777],[79.70491,9.07765],[79.70378,9.07753],[79.70275,9.07749],[79.70206,9.07742],[79.70153,9.07728],[79.70071,9.07712],[79.70001,9.07703],[79.69867,9.07668],[79.69734,9.07644],[79.6968,9.07625],[79.69589,9.07588],[79.69417,9.07535],[79.69333,9.07516],[79.69253,9.07487],[79.69232,9.07482],[79.69187,9.07479],[79.69078,9.07445],[79.68935,9.0742],[79.68777,9.07388],[79.68619,9.07356],[79.68333,9.07324],[79.6813,9.07311],[79.68095,9.0731],[79.68069,9.07309],[79.68057,9.07308],[79.6804,9.07308],[79.68006,9.07309],[79.6792,9.07306],[79.67773,9.07297],[79.67526,9.07302],[79.67271,9.07287],[79.66978,9.0731],[79.66911,9.07317],[79.66814,9.0731],[79.66705,9.07322],[79.66562,9.07338],[79.6641,9.07356],[79.66318,9.07351],[79.6626,9.07349],[79.66209,9.07352],[79.66185,9.07354],[79.6616,9.0736],[79.66137,9.07362],[79.66118,9.07364],[79.66103,9.0736],[79.66089,9.07354],[79.66051,9.0734],[79.65992,9.07323],[79.65939,9.07313],[79.65883,9.07291],[79.65817,9.07256],[79.65764,9.07217],[79.657,9.07165],[79.65669,9.07125],[79.65653,9.07097],[79.65637,9.07076],[79.6562,9.07066],[79.65609,9.07065],[79.65603,9.07071],[79.65606,9.07083],[79.65611,9.07092],[79.65606,9.07113],[79.65603,9.07146],[79.65605,9.07173],[79.65612,9.07196],[79.65645,9.07221],[79.65679,9.07257],[79.65727,9.07307]]]},"properties":{"name":null,"source":"OpenStreetMap + Natural Earth","source_id":"osm_coastline","geometry_quality":"mapped_polygon"}},{"type":"Feature","geometry":{"type":"Polygon","coordinates":[[[79.90842,9.75001],[79.90861,9.74994],[79.90874,9.74981],[79.90887,9.74953],[79.90931,9.74917],[79.90958,9.74873],[79.90977,9.74827],[79.9098,9.74782],[79.90965,9.74734],[79.90948,9.74711],[79.9094,9.74707],[79.90932,9.74709],[79.90927,9.74719],[79.90915,9.74727],[79.9081,9.74684],[79.90793,9.74688],[79.90783,9.74696],[79.90783,9.74711],[79.90787,9.74717],[79.90802,9.74719],[79.90807,9.74723],[79.90806,9.74734],[79.90796,9.74745],[79.90796,9.74753],[79.90808,9.74776],[79.90807,9.74786],[79.90802,9.74792],[79.90794,9.74794],[79.90783,9.74791],[79.90757,9.74765],[79.90738,9.74767],[79.90728,9.74764],[79.90721,9.74757],[79.90717,9.74733],[79.90712,9.74729],[79.9067,9.74718],[79.9065,9.74719],[79.90583,9.7474],[79.90507,9.74789],[79.90468,9.74809],[79.90429,9.74824],[79.90424,9.74827],[79.90408,9.74852],[79.90408,9.7486],[79.90414,9.74885],[79.90413,9.74889],[79.90391,9.7491],[79.90376,9.74933],[79.90362,9.74965],[79.90363,9.74975],[79.90369,9.74981],[79.90357,9.75034],[79.90358,9.75043],[79.90366,9.75055],[79.90381,9.75058],[79.90398,9.75054],[79.90403,9.75057],[79.90411,9.7508],[79.9042,9.75089],[79.90425,9.75102],[79.90428,9.75104],[79.90432,9.75103],[79.90439,9.75084],[79.90454,9.75083],[79.90469,9.75096],[79.9049,9.751],[79.90675,9.75086],[79.90758,9.75055],[79.90768,9.75047],[79.90805,9.75006],[79.90811,9.75002],[79.90818,9.75],[79.90842,9.75001]]]},"properties":{"name":null,"source":"OpenStreetMap + Natural Earth","source_id":"osm_coastline","geometry_quality":"mapped_polygon"}},{"type":"Feature","geometry":{"type":"Polygon","coordinates":[[[79.85724,9.7541],[79.85792,9.75481],[79.85856,9.75566],[79.85881,9.75613],[79.85875,9.75628],[79.85876,9.75643],[79.86086,9.75992],[79.86165,9.76057],[79.86216,9.76079],[79.86272,9.76118],[79.86285,9.76138],[79.86289,9.76165],[79.86323,9.76199],[79.86535,9.76288],[79.86935,9.76197],[79.87499,9.76144],[79.88006,9.76116],[79.88153,9.76128],[79.88258,9.76157],[79.88275,9.76162],[79.88288,9.76165],[79.88307,9.76167],[79.88322,9.7617],[79.88338,9.76175],[79.88348,9.7618],[79.88355,9.76185],[79.88361,9.76192],[79.88365,9.76197],[79.8837,9.76201],[79.88378,9.76206],[79.88389,9.76211],[79.88405,9.76219],[79.8842,9.76226],[79.88433,9.76231],[79.88443,9.76234],[79.88453,9.76236],[79.88465,9.76237],[79.88478,9.76236],[79.88493,9.76234],[79.88513,9.76233],[79.88538,9.76236],[79.88564,9.76242],[79.88592,9.76249],[79.88619,9.76256],[79.88634,9.76261],[79.88645,9.76267],[79.88654,9.76272],[79.88666,9.7628],[79.88678,9.76287],[79.88691,9.76294],[79.88701,9.76297],[79.88712,9.76301],[79.88732,9.76307],[79.88751,9.76314],[79.88772,9.76322],[79.88791,9.76332],[79.88804,9.76338],[79.88816,9.76342],[79.88826,9.76347],[79.88832,9.76351],[79.88837,9.76355],[79.88844,9.76362],[79.88851,9.76368],[79.88859,9.76373],[79.88868,9.76377],[79.8889,9.76386],[79.8891,9.76395],[79.88922,9.76399],[79.88933,9.76402],[79.88947,9.76406],[79.8897,9.76414],[79.88983,9.7642],[79.89,9.76427],[79.89014,9.76434],[79.89028,9.76443],[79.89044,9.76452],[79.89062,9.7646],[79.89105,9.76475],[79.89128,9.76488],[79.8918,9.76496],[79.89223,9.76508],[79.89553,9.76673],[79.90189,9.76683],[79.90132,9.76494],[79.89987,9.76288],[79.89822,9.76281],[79.89615,9.76503],[79.89388,9.76463],[79.8919,9.76366],[79.8934,9.76264],[79.8949,9.75993],[79.89703,9.7573],[79.89716,9.7548],[79.89726,9.75395],[79.89718,9.75221],[79.89645,9.75109],[79.89511,9.74947],[79.89448,9.74516],[79.89449,9.74263],[79.89412,9.74164],[79.89405,9.74135],[79.89407,9.74124],[79.89412,9.74117],[79.89421,9.74112],[79.89446,9.74115],[79.89623,9.74137],[79.89627,9.74114],[79.89445,9.74089],[79.89398,9.74083],[79.89374,9.74022],[79.89263,9.73759],[79.89136,9.73488],[79.89025,9.73253],[79.88935,9.73006],[79.88878,9.72887],[79.88833,9.72758],[79.88878,9.72708],[79.88905,9.72417],[79.88922,9.72276],[79.8897,9.71999],[79.88998,9.7186],[79.89222,9.71673],[79.89265,9.71367],[79.8917,9.71171],[79.88394,9.70831],[79.88025,9.7037],[79.8741,9.7038],[79.86962,9.70618],[79.86769,9.70658],[79.86631,9.70671],[79.86619,9.70662],[79.86561,9.70686],[79.86538,9.70653],[79.86532,9.70657],[79.8652,9.70663],[79.86511,9.70668],[79.86532,9.70693],[79.8653,9.70708],[79.86454,9.70783],[79.86449,9.70903],[79.8647,9.70981],[79.86479,9.70985],[79.86494,9.70984],[79.86549,9.7097],[79.86528,9.71],[79.86511,9.70998],[79.86498,9.71],[79.86485,9.71006],[79.86472,9.71016],[79.86463,9.71025],[79.86456,9.71043],[79.86443,9.70992],[79.86441,9.70969],[79.86425,9.70925],[79.86406,9.7083],[79.86387,9.70855],[79.86359,9.70882],[79.8634,9.70895],[79.8632,9.70905],[79.86301,9.70907],[79.86067,9.70969],[79.85927,9.71017],[79.85855,9.71045],[79.85764,9.71056],[79.85716,9.71081],[79.85605,9.71168],[79.85576,9.71181],[79.85537,9.71203],[79.8546,9.71219],[79.85387,9.71261],[79.85163,9.71348],[79.85145,9.71352],[79.85124,9.71352],[79.85062,9.71305],[79.85037,9.71289],[79.85038,9.71287],[79.85023,9.71276],[79.85022,9.71278],[79.85006,9.71265],[79.85003,9.71269],[79.85028,9.71288],[79.85019,9.71291],[79.85003,9.71279],[79.84998,9.71286],[79.85013,9.71298],[79.8502,9.71297],[79.85028,9.71296],[79.85034,9.71301],[79.85037,9.71317],[79.85035,9.71342],[79.85027,9.71363],[79.85033,9.71368],[79.85041,9.71382],[79.85053,9.71411],[79.85075,9.71441],[79.85091,9.71478],[79.85092,9.71494],[79.85111,9.71591],[79.85139,9.71626],[79.85182,9.71668],[79.8519,9.71687],[79.85235,9.71732],[79.85238,9.71742],[79.85293,9.71785],[79.85335,9.71807],[79.8537,9.71832],[79.85428,9.71895],[79.85439,9.71912],[79.85442,9.71925],[79.85494,9.71973],[79.85571,9.72012],[79.85605,9.72024],[79.85633,9.72053],[79.85665,9.72094],[79.85762,9.72158],[79.85812,9.72208],[79.85865,9.72305],[79.85896,9.72334],[79.859,9.72363],[79.85922,9.72396],[79.85932,9.72426],[79.86094,9.72575],[79.86128,9.72633],[79.86142,9.7269],[79.86122,9.72782],[79.86136,9.72914],[79.86154,9.72959],[79.86155,9.72983],[79.86162,9.73046],[79.86156,9.73097],[79.86148,9.73143],[79.86116,9.73158],[79.8611,9.73226],[79.86099,9.73273],[79.86106,9.73321],[79.86099,9.73351],[79.86123,9.73456],[79.86118,9.73516],[79.86092,9.73597],[79.86074,9.73667],[79.86045,9.73719],[79.86031,9.73737],[79.86007,9.73737],[79.85965,9.738],[79.85942,9.73883],[79.85899,9.74015],[79.85838,9.74132],[79.85801,9.74214],[79.85751,9.74201],[79.85721,9.7421],[79.85715,9.74226],[79.8569,9.74242],[79.85655,9.74271],[79.85625,9.74321],[79.85622,9.74372],[79.85615,9.74411],[79.85589,9.74442],[79.85562,9.74504],[79.85545,9.7457],[79.85524,9.74631],[79.85503,9.7471],[79.85483,9.74805],[79.8548,9.74914],[79.85465,9.7494],[79.85539,9.75152],[79.8559,9.75198],[79.8566,9.75336],[79.85724,9.7541]]]},"properties":{"name":null,"source":"OpenStreetMap + Natural Earth","source_id":"osm_coastline","geometry_quality":"mapped_polygon"}},{"type":"Feature","geometry":{"type":"Polygon","coordinates":[[[79.88539,9.44184],[79.88544,9.44182],[79.88548,9.44178],[79.8855,9.44173],[79.8855,9.44167],[79.88549,9.44161],[79.88552,9.44156],[79.88555,9.44151],[79.88568,9.44143],[79.88576,9.44139],[79.88587,9.44136],[79.88603,9.44136],[79.88617,9.44134],[79.88638,9.44128],[79.88648,9.44128],[79.8867,9.44119],[79.88681,9.44118],[79.88698,9.44115],[79.88706,9.44114],[79.88718,9.4411],[79.88726,9.44106],[79.88734,9.44102],[79.88744,9.44099],[79.88749,9.44099],[79.88755,9.44099],[79.88761,9.44098],[79.88772,9.44095],[79.88782,9.44095],[79.8879,9.44093],[79.88797,9.44089],[79.88804,9.44084],[79.88811,9.44076],[79.88822,9.44064],[79.88828,9.4406],[79.88834,9.44051],[79.88839,9.4404],[79.88846,9.44034],[79.88855,9.44022],[79.88859,9.44016],[79.88861,9.4401],[79.88863,9.44003],[79.88869,9.43989],[79.88882,9.43967],[79.88896,9.43964],[79.88906,9.43964],[79.88913,9.43961],[79.88916,9.43958],[79.88919,9.43953],[79.88918,9.43944],[79.8892,9.43941],[79.88933,9.43929],[79.88938,9.4392],[79.88938,9.43902],[79.88934,9.43891],[79.88926,9.43871],[79.88926,9.43866],[79.88929,9.43862],[79.88928,9.43851],[79.88928,9.43846],[79.88922,9.43835],[79.88913,9.43821],[79.88901,9.4381],[79.88882,9.43797],[79.8888,9.43794],[79.8888,9.43792],[79.88871,9.43786],[79.88858,9.43779],[79.88836,9.4377],[79.88822,9.43766],[79.88814,9.43765],[79.88808,9.43765],[79.88803,9.43765],[79.88798,9.43765],[79.88791,9.43766],[79.88784,9.43766],[79.88778,9.43767],[79.88771,9.43767],[79.8876,9.4377],[79.88739,9.43775],[79.88724,9.43781],[79.88707,9.43791],[79.88693,9.43799],[79.88685,9.43803],[79.88679,9.43808],[79.88674,9.43811],[79.88665,9.43814],[79.8865,9.43825],[79.88633,9.43838],[79.88616,9.43856],[79.88608,9.43864],[79.88592,9.43881],[79.88578,9.43897],[79.8858,9.43898],[79.88583,9.43897],[79.88551,9.43936],[79.88545,9.43945],[79.88541,9.43954],[79.8854,9.43958],[79.8854,9.43963],[79.8854,9.43971],[79.8854,9.4398],[79.88538,9.43987],[79.88536,9.43994],[79.88533,9.44006],[79.88529,9.44014],[79.88524,9.44026],[79.8852,9.44033],[79.88516,9.4404],[79.8851,9.44048],[79.88503,9.44058],[79.88497,9.44064],[79.88492,9.4407],[79.88487,9.44077],[79.88483,9.44083],[79.88482,9.44087],[79.88481,9.44092],[79.8848,9.44098],[79.88477,9.44103],[79.88474,9.44109],[79.88474,9.44116],[79.88476,9.44121],[79.88478,9.44125],[79.88479,9.44129],[79.88481,9.44134],[79.88485,9.44138],[79.8849,9.44144],[79.88493,9.4415],[79.88496,9.44159],[79.885,9.44165],[79.88506,9.44172],[79.88519,9.44179],[79.88531,9.44184],[79.88539,9.44184]]]},"properties":{"name":null,"source":"OpenStreetMap + Natural Earth","source_id":"osm_coastline","geometry_quality":"mapped_polygon"}},{"type":"Feature","geometry":{"type":"Polygon","coordinates":[[[78.20684,8.95452],[78.20694,8.95458],[78.20702,8.95461],[78.20707,8.95461],[78.20707,8.95458],[78.20599,8.95346],[78.20552,8.95291],[78.20509,8.95222],[78.20471,8.9516],[78.20443,8.95132],[78.20411,8.95106],[78.20378,8.95057],[78.20332,8.94991],[78.20318,8.94961],[78.20323,8.94938],[78.20293,8.94888],[78.20095,8.94653],[78.19889,8.94418],[78.19724,8.94236],[78.19708,8.94217],[78.19561,8.93985],[78.19439,8.93803],[78.19335,8.9363],[78.1925,8.93459],[78.19195,8.93355],[78.19171,8.9332],[78.19132,8.93257],[78.19108,8.932],[78.19087,8.93151],[78.19063,8.93107],[78.18952,8.9292],[78.18877,8.92801],[78.18782,8.92622],[78.1871,8.92479],[78.18677,8.92415],[78.18619,8.92286],[78.18577,8.92185],[78.18566,8.92154],[78.18537,8.92083],[78.1848,8.91959],[78.18441,8.91858],[78.18432,8.91833],[78.18383,8.91707],[78.18377,8.9168],[78.18374,8.91657],[78.18365,8.91645],[78.1836,8.91624],[78.18356,8.91599],[78.18345,8.91584],[78.18329,8.91549],[78.18315,8.91506],[78.18312,8.91472],[78.18301,8.91443],[78.1829,8.91423],[78.18279,8.91397],[78.18279,8.91388],[78.1828,8.91368],[78.18263,8.91351],[78.18248,8.91331],[78.18228,8.91312],[78.18214,8.91294],[78.18175,8.91199],[78.18147,8.91132],[78.18121,8.91048],[78.1808,8.90906],[78.18066,8.90883],[78.18054,8.90832],[78.18033,8.90747],[78.17992,8.9058],[78.17975,8.90513],[78.17964,8.90399],[78.17956,8.90284],[78.1796,8.90187],[78.17975,8.90046],[78.17984,8.89989],[78.17996,8.89931],[78.18,8.89852],[78.18,8.89768],[78.18008,8.89662],[78.18017,8.89623],[78.18025,8.89593],[78.18029,8.89575],[78.18027,8.8954],[78.18019,8.8951],[78.18007,8.89492],[78.17989,8.89449],[78.17981,8.89405],[78.17975,8.89338],[78.17974,8.89288],[78.17964,8.89239],[78.17955,8.89221],[78.17934,8.89156],[78.17912,8.89154],[78.17896,8.89162],[78.1787,8.89171],[78.17828,8.89172],[78.17784,8.89171],[78.1776,8.89168],[78.1773,8.89164],[78.17706,8.89165],[78.17682,8.89167],[78.1767,8.89188],[78.17651,8.89209],[78.17622,8.89217],[78.176,8.89206],[78.17569,8.8918],[78.17514,8.8913],[78.17471,8.89074],[78.17338,8.88894],[78.1733,8.88886],[78.1722,8.88718],[78.17149,8.88602],[78.17116,8.88538],[78.17092,8.88506],[78.17021,8.8835],[78.16984,8.88253],[78.16955,8.88147],[78.1693,8.88032],[78.16922,8.87968],[78.1692,8.87925],[78.16928,8.87859],[78.16936,8.87834],[78.16945,8.87812],[78.16941,8.87784],[78.1693,8.87762],[78.16915,8.87732],[78.1687,8.87699],[78.16855,8.87692],[78.16851,8.87682],[78.16846,8.87659],[78.16828,8.87588],[78.16805,8.87502],[78.16796,8.87416],[78.1679,8.87232],[78.16791,8.87161],[78.16799,8.87061],[78.16802,8.86953],[78.16817,8.86859],[78.1685,8.8667],[78.16864,8.86581],[78.16868,8.86525],[78.16874,8.864],[78.16864,8.86323],[78.16837,8.86228],[78.16817,8.86048],[78.16799,8.85926],[78.16781,8.85886],[78.16734,8.85817],[78.16681,8.85713],[78.16638,8.85611],[78.16626,8.85552],[78.16621,8.85466],[78.1662,8.8524],[78.16616,8.84976],[78.16617,8.84909],[78.16627,8.84863],[78.16646,8.84775],[78.16668,8.84727],[78.16686,8.8469],[78.16702,8.84652],[78.16701,8.8462],[78.16706,8.84583],[78.16717,8.84557],[78.16738,8.84522],[78.16742,8.84488],[78.16754,8.84442],[78.16754,8.84426],[78.16746,8.84383],[78.1674,8.84343],[78.16736,8.84323],[78.16716,8.84304],[78.16689,8.84254],[78.16661,8.84185],[78.16558,8.83885],[78.16536,8.83752],[78.16531,8.83698],[78.16529,8.83587],[78.16531,8.83256],[78.16537,8.83142],[78.1657,8.82964],[78.16595,8.82886],[78.16617,8.82873],[78.16635,8.82834],[78.16663,8.82757],[78.16694,8.82706],[78.16721,8.82678],[78.1675,8.82669],[78.16776,8.82635],[78.16764,8.82626],[78.16727,8.8257],[78.16702,8.82535],[78.16696,8.8252],[78.16682,8.82503],[78.16666,8.8248],[78.16664,8.82454],[78.16671,8.82433],[78.16669,8.82417],[78.16646,8.82378],[78.16617,8.82337],[78.16612,8.82329],[78.16608,8.82304],[78.16603,8.8229],[78.16588,8.82271],[78.16569,8.82252],[78.16542,8.82225],[78.16506,8.82167],[78.16503,8.82158],[78.16504,8.82151],[78.16509,8.82143],[78.16508,8.82137],[78.16477,8.82052],[78.16439,8.81925],[78.16435,8.8192],[78.16423,8.81919],[78.16418,8.81914],[78.1639,8.81835],[78.16387,8.81826],[78.16381,8.81812],[78.16366,8.81724],[78.16354,8.8167],[78.16352,8.81662],[78.16343,8.8162],[78.16347,8.81526],[78.16347,8.81518],[78.16355,8.81365],[78.1636,8.81361],[78.16365,8.8135],[78.16349,8.81349],[78.16348,8.8134],[78.16348,8.81332],[78.1635,8.81326],[78.16354,8.81323],[78.1637,8.81318],[78.16374,8.81314],[78.16373,8.81218],[78.16373,8.81213],[78.16367,8.81206],[78.16366,8.812],[78.16373,8.81154],[78.1638,8.81149],[78.16404,8.81149],[78.16411,8.81147],[78.16422,8.81126],[78.1644,8.81124],[78.16458,8.81125],[78.16488,8.81129],[78.16496,8.81129],[78.16502,8.81123],[78.16548,8.8108],[78.16558,8.81061],[78.16566,8.81054],[78.16569,8.81053],[78.16573,8.81051],[78.16574,8.81046],[78.16572,8.81042],[78.16566,8.8104],[78.16562,8.81043],[78.16559,8.81047],[78.16554,8.81046],[78.16527,8.81018],[78.16516,8.81013],[78.16403,8.80974],[78.16325,8.80928],[78.16311,8.80911],[78.163,8.80863],[78.16285,8.80655],[78.16288,8.80629],[78.1629,8.80603],[78.16516,8.80466],[78.16519,8.80466],[78.16528,8.80464],[78.16531,8.80462],[78.16531,8.80458],[78.16518,8.80446],[78.16429,8.80314],[78.164,8.80272],[78.16396,8.80261],[78.16392,8.80256],[78.16382,8.80262],[78.1635,8.80285],[78.16312,8.80298],[78.16283,8.80309],[78.1627,8.80309],[78.16253,8.80304],[78.16239,8.80303],[78.16207,8.80312],[78.1619,8.8033],[78.16178,8.80353],[78.16165,8.80367],[78.16119,8.80394],[78.16036,8.80427],[78.16023,8.8043],[78.16019,8.80428],[78.15933,8.80249],[78.16046,8.80196],[78.16038,8.80178],[78.15925,8.80229],[78.15895,8.80167],[78.15894,8.80155],[78.15896,8.80146],[78.15906,8.80139],[78.15905,8.80136],[78.15807,8.7994],[78.15807,8.79928],[78.15832,8.79858],[78.15829,8.79855],[78.15824,8.79853],[78.15823,8.79844],[78.15825,8.79838],[78.15828,8.79832],[78.15835,8.79826],[78.15861,8.79835],[78.15865,8.79837],[78.15868,8.79837],[78.1587,8.79834],[78.15869,8.7983],[78.15866,8.79828],[78.1586,8.79828],[78.15801,8.79807],[78.15796,8.79794],[78.15797,8.79779],[78.15799,8.79771],[78.15839,8.79782],[78.15842,8.79779],[78.1584,8.79772],[78.1584,8.79764],[78.15844,8.79759],[78.15863,8.79762],[78.15867,8.79758],[78.15878,8.79715],[78.15876,8.79711],[78.15836,8.79705],[78.15825,8.79701],[78.15826,8.79678],[78.15832,8.79669],[78.15884,8.79687],[78.15888,8.79685],[78.15891,8.79678],[78.15893,8.79673],[78.15847,8.79652],[78.15843,8.79648],[78.15846,8.79638],[78.15852,8.79637],[78.15867,8.79644],[78.15892,8.79654],[78.15895,8.79648],[78.15888,8.79636],[78.15891,8.79629],[78.159,8.79619],[78.15962,8.7965],[78.16025,8.7968],[78.16031,8.79686],[78.16033,8.79699],[78.16047,8.79698],[78.16109,8.79745],[78.1611,8.79757],[78.16114,8.79759],[78.16124,8.7975],[78.16133,8.79746],[78.16137,8.79739],[78.16138,8.79732],[78.16153,8.79705],[78.1616,8.79686],[78.16164,8.79665],[78.16148,8.79588],[78.1615,8.79578],[78.1615,8.79567],[78.16147,8.7956],[78.16146,8.79554],[78.16197,8.79432],[78.16206,8.79426],[78.16209,8.79418],[78.16209,8.79407],[78.1626,8.79282],[78.16265,8.79277],[78.16266,8.7927],[78.16256,8.79264],[78.1614,8.79211],[78.16122,8.79191],[78.1611,8.79176],[78.16107,8.79157],[78.1615,8.79006],[78.1615,8.78965],[78.16161,8.78919],[78.16217,8.78782],[78.16282,8.78589],[78.16301,8.7855],[78.16315,8.7853],[78.16319,8.78502],[78.16311,8.78484],[78.16312,8.78455],[78.16318,8.78435],[78.16391,8.78313],[78.16418,8.7826],[78.16435,8.78214],[78.16434,8.78169],[78.16421,8.78144],[78.16399,8.78136],[78.16386,8.7815],[78.16369,8.78184],[78.16297,8.78253],[78.1629,8.78269],[78.16289,8.78288],[78.16303,8.78424],[78.163,8.78474],[78.16285,8.78531],[78.16279,8.78555],[78.16257,8.7858],[78.16224,8.78608],[78.16197,8.78621],[78.16178,8.78646],[78.16159,8.78693],[78.16145,8.78711],[78.16122,8.78719],[78.16094,8.78723],[78.15995,8.78578],[78.15958,8.78454],[78.15959,8.78426],[78.15924,8.78382],[78.15922,8.78377],[78.15917,8.78369],[78.15921,8.78354],[78.15925,8.78345],[78.15942,8.78332],[78.15945,8.78314],[78.1594,8.78263],[78.15964,8.78219],[78.15983,8.78217],[78.15989,8.78208],[78.16004,8.78026],[78.16007,8.77989],[78.16055,8.77867],[78.16119,8.77754],[78.16218,8.77615],[78.16232,8.77572],[78.16234,8.77542],[78.16223,8.77513],[78.16205,8.77519],[78.16133,8.77548],[78.16132,8.77549],[78.16108,8.77589],[78.16108,8.77652],[78.16108,8.77694],[78.16088,8.77751],[78.16045,8.77787],[78.15958,8.77904],[78.15953,8.77904],[78.15952,8.77904],[78.15942,8.77893],[78.15939,8.77885],[78.15962,8.77854],[78.15952,8.77837],[78.15928,8.77809],[78.15895,8.77793],[78.15854,8.77773],[78.1583,8.77758],[78.15819,8.7777],[78.1581,8.7777],[78.15807,8.77762],[78.15809,8.77751],[78.158,8.77736],[78.15794,8.77732],[78.1579,8.77731],[78.15786,8.77731],[78.15785,8.77727],[78.15787,8.77724],[78.15789,8.77721],[78.15789,8.77716],[78.15787,8.77712],[78.15784,8.77711],[78.15778,8.77712],[78.15771,8.77707],[78.15769,8.77702],[78.15766,8.777],[78.15764,8.77694],[78.15761,8.77692],[78.1576,8.77687],[78.15762,8.77685],[78.15769,8.77684],[78.15773,8.77679],[78.15776,8.77677],[78.15786,8.77683],[78.15788,8.77693],[78.15791,8.77695],[78.15796,8.77697],[78.15798,8.77703],[78.15801,8.77713],[78.15803,8.77714],[78.15808,8.77714],[78.15811,8.77712],[78.15812,8.77708],[78.15809,8.77701],[78.15812,8.77699],[78.15811,8.77692],[78.15805,8.77689],[78.15802,8.77685],[78.15797,8.7768],[78.1579,8.7767],[78.15785,8.77663],[78.15781,8.77661],[78.15777,8.77661],[78.15768,8.77651],[78.15761,8.77638],[78.15758,8.7762],[78.15756,8.77592],[78.15749,8.77535],[78.15742,8.77522],[78.15741,8.77506],[78.15732,8.77491],[78.15698,8.77437],[78.15691,8.77413],[78.15699,8.7737],[78.15697,8.77358],[78.15698,8.77334],[78.15693,8.77312],[78.15698,8.77302],[78.15697,8.77296],[78.15686,8.77294],[78.15691,8.77261],[78.15709,8.77181],[78.15729,8.77149],[78.15729,8.7714],[78.15725,8.77135],[78.15729,8.77117],[78.15751,8.7709],[78.15781,8.77076],[78.15823,8.77022],[78.15836,8.77004],[78.15863,8.76995],[78.15897,8.77005],[78.1594,8.77012],[78.15981,8.77005],[78.16039,8.77015],[78.16098,8.77051],[78.16138,8.77078],[78.16163,8.77115],[78.16211,8.77229],[78.16242,8.77249],[78.16262,8.77245],[78.1625,8.77148],[78.16248,8.77038],[78.16233,8.77017],[78.16233,8.76926],[78.16212,8.76839],[78.16192,8.76716],[78.16186,8.76666],[78.16217,8.76658],[78.16256,8.76693],[78.16283,8.76806],[78.16299,8.76925],[78.16295,8.77037],[78.16302,8.77077],[78.16307,8.7711],[78.16305,8.77144],[78.16316,8.7719],[78.16348,8.77209],[78.16417,8.77208],[78.16461,8.77228],[78.16484,8.77224],[78.1649,8.77219],[78.16501,8.77212],[78.16521,8.77213],[78.16546,8.77228],[78.16563,8.77241],[78.16654,8.7722],[78.16719,8.7718],[78.168,8.77091],[78.1686,8.77037],[78.1691,8.77003],[78.17037,8.76929],[78.1707,8.76915],[78.17152,8.76893],[78.17183,8.76887],[78.17202,8.76887],[78.17221,8.76886],[78.17245,8.76877],[78.1727,8.76869],[78.17375,8.76836],[78.17497,8.76798],[78.1761,8.76756],[78.17637,8.76747],[78.17684,8.76744],[78.17726,8.7674],[78.17756,8.76729],[78.17805,8.76705],[78.17831,8.76683],[78.1784,8.76662],[78.1792,8.76641],[78.17984,8.76628],[78.18022,8.76666],[78.18072,8.7694],[78.18128,8.77296],[78.18148,8.77427],[78.18144,8.77435],[78.18144,8.7744],[78.18146,8.77446],[78.18152,8.77448],[78.18177,8.77607],[78.18173,8.77612],[78.18173,8.77617],[78.18175,8.77622],[78.1818,8.77625],[78.18205,8.77787],[78.18202,8.77792],[78.18201,8.77796],[78.18204,8.778],[78.18207,8.77802],[78.18232,8.77962],[78.18228,8.77968],[78.18228,8.77973],[78.18231,8.77977],[78.18235,8.77979],[78.18262,8.78141],[78.18258,8.78147],[78.18257,8.78152],[78.18259,8.78157],[78.18265,8.78158],[78.18289,8.78321],[78.18285,8.78326],[78.18285,8.7833],[78.18288,8.78334],[78.18292,8.78336],[78.18317,8.78498],[78.18313,8.78503],[78.18312,8.78508],[78.18315,8.78512],[78.18319,8.78513],[78.18345,8.78675],[78.18342,8.7868],[78.18341,8.78688],[78.18344,8.78693],[78.18349,8.78696],[78.18394,8.78994],[78.1839,8.79],[78.18393,8.79006],[78.18398,8.79006],[78.18406,8.79002],[78.18527,8.78981],[78.18532,8.78985],[78.18538,8.78986],[78.18543,8.78984],[78.18546,8.78979],[78.18709,8.78952],[78.18711,8.78956],[78.18717,8.78957],[78.18722,8.78955],[78.18724,8.7895],[78.18886,8.78923],[78.18889,8.78927],[78.18894,8.78928],[78.18899,8.78926],[78.189,8.7892],[78.19024,8.78902],[78.1903,8.78905],[78.19036,8.78905],[78.19041,8.78902],[78.19042,8.78897],[78.19196,8.78824],[78.19241,8.78831],[78.19367,8.78856],[78.19402,8.78862],[78.19429,8.78858],[78.19447,8.78851],[78.19454,8.78844],[78.19476,8.7885],[78.19493,8.78855],[78.19508,8.78858],[78.19557,8.78851],[78.19643,8.78827],[78.1972,8.78809],[78.19756,8.78804],[78.19776,8.78795],[78.19797,8.78762],[78.19864,8.78622],[78.19895,8.78586],[78.19903,8.7857],[78.19915,8.78451],[78.19922,8.78407],[78.19926,8.78387],[78.19932,8.78381],[78.19946,8.78369],[78.19952,8.78363],[78.19961,8.78364],[78.19967,8.78366],[78.19973,8.78351],[78.1999,8.78319],[78.19996,8.78321],[78.20001,8.7831],[78.19989,8.78304],[78.19978,8.78298],[78.19973,8.78305],[78.19968,8.78291],[78.19952,8.78204],[78.1994,8.78079],[78.19913,8.77743],[78.19905,8.77503],[78.19888,8.7739],[78.1987,8.77296],[78.19869,8.77275],[78.19871,8.77266],[78.19881,8.77257],[78.19902,8.7725],[78.19942,8.77237],[78.19959,8.77226],[78.19963,8.77217],[78.20017,8.77117],[78.20164,8.76814],[78.20226,8.76646],[78.20375,8.76243],[78.20375,8.76218],[78.2037,8.7616],[78.20368,8.76136],[78.21367,8.75683],[78.21364,8.75677],[78.21347,8.75642],[78.21344,8.75637],[78.21332,8.75643],[78.21314,8.75651],[78.2128,8.75666],[78.21269,8.75672],[78.21241,8.75685],[78.21219,8.75695],[78.21183,8.75711],[78.21171,8.75717],[78.21147,8.75728],[78.21131,8.75736],[78.20333,8.76104],[78.20162,8.76183],[78.20073,8.76115],[78.19992,8.76039],[78.1997,8.75998],[78.19963,8.75981],[78.19947,8.75946],[78.19945,8.75895],[78.20339,8.75706],[78.20168,8.75327],[78.19991,8.75403],[78.19982,8.75387],[78.1997,8.75336],[78.19959,8.75314],[78.19939,8.75297],[78.19919,8.75262],[78.19919,8.75256],[78.19936,8.75246],[78.1996,8.75236],[78.19967,8.75237],[78.19975,8.75261],[78.19985,8.75257],[78.19972,8.75222],[78.1998,8.75219],[78.19983,8.75226],[78.20001,8.75218],[78.19998,8.75211],[78.20006,8.75207],[78.20009,8.75202],[78.20019,8.75198],[78.20029,8.75198],[78.20031,8.75202],[78.20083,8.75179],[78.20079,8.75169],[78.20081,8.75166],[78.20082,8.75158],[78.20427,8.74995],[78.20456,8.7503],[78.2046,8.75033],[78.20477,8.75039],[78.20484,8.75018],[78.20641,8.75077],[78.20662,8.75023],[78.20518,8.74967],[78.20517,8.7496],[78.20661,8.74894],[78.20793,8.74957],[78.20805,8.74933],[78.21014,8.75326],[78.21026,8.7535],[78.21304,8.75222],[78.21586,8.7509],[78.21721,8.74813],[78.21734,8.7479],[78.2137,8.74611],[78.21397,8.74555],[78.2157,8.74468],[78.21608,8.74471],[78.2165,8.74485],[78.22317,8.74811],[78.22332,8.74807],[78.22423,8.74764],[78.2256,8.74831],[78.22568,8.74839],[78.22573,8.74839],[78.2259,8.74826],[78.22591,8.7482],[78.22584,8.74811],[78.22579,8.74815],[78.22567,8.7481],[78.21661,8.74367],[78.21644,8.74363],[78.21626,8.74365],[78.2023,8.75015],[78.20128,8.75063],[78.20087,8.74989],[78.20081,8.74988],[78.20065,8.74994],[78.20055,8.74994],[78.19409,8.75309],[78.19386,8.75297],[78.19377,8.75283],[78.19361,8.75258],[78.19312,8.75156],[78.1926,8.75041],[78.19208,8.74917],[78.19172,8.74859],[78.19137,8.74817],[78.19118,8.74806],[78.19102,8.74802],[78.19089,8.74806],[78.19061,8.74832],[78.19022,8.74864],[78.18988,8.74881],[78.18798,8.74942],[78.18741,8.74951],[78.1863,8.74957],[78.18446,8.7496],[78.18217,8.7492],[78.17699,8.74769],[78.17378,8.74605],[78.17072,8.74364],[78.16977,8.74276],[78.16968,8.74268],[78.1686,8.7417],[78.16749,8.74063],[78.16666,8.73992],[78.16584,8.73907],[78.16446,8.73747],[78.16357,8.7364],[78.16292,8.73541],[78.16215,8.73422],[78.16162,8.73336],[78.16025,8.73082],[78.15898,8.72831],[78.15826,8.72642],[78.15803,8.72566],[78.15788,8.72516],[78.15703,8.72211],[78.15641,8.72],[78.15627,8.71759],[78.15605,8.71627],[78.15555,8.71455],[78.15501,8.71299],[78.15439,8.71176],[78.1538,8.70984],[78.15352,8.70874],[78.15343,8.70806],[78.15321,8.7075],[78.15215,8.70606],[78.15096,8.70445],[78.15028,8.70372],[78.14955,8.70317],[78.14932,8.70301],[78.14875,8.70252],[78.14712,8.7016],[78.14585,8.70086],[78.14406,8.69953],[78.14273,8.69847],[78.14191,8.69764],[78.14103,8.6967],[78.13996,8.69538],[78.13898,8.69402],[78.13815,8.69273],[78.13751,8.69163],[78.13626,8.68874],[78.13528,8.68585],[78.13497,8.68458],[78.13416,8.68165],[78.1333,8.67828],[78.133,8.67687],[78.13293,8.67629],[78.13274,8.67465],[78.13263,8.67282],[78.13257,8.6719],[78.13252,8.67153],[78.13249,8.67117],[78.13236,8.67012],[78.13219,8.66878],[78.13204,8.66768],[78.13169,8.66636],[78.13129,8.66502],[78.13105,8.66427],[78.13072,8.66345],[78.13022,8.66189],[78.12989,8.66092],[78.12923,8.65871],[78.12888,8.65752],[78.12852,8.65634],[78.12806,8.65477],[78.12799,8.65451],[78.12753,8.6531],[78.12723,8.65182],[78.12712,8.65095],[78.12702,8.65045],[78.12689,8.65027],[78.12668,8.65013],[78.12637,8.64861],[78.12627,8.64812],[78.12645,8.64787],[78.12654,8.64748],[78.12659,8.64669],[78.12668,8.64616],[78.12672,8.64547],[78.12669,8.64477],[78.12669,8.64373],[78.12677,8.64257],[78.12689,8.64184],[78.12698,8.64165],[78.12708,8.64156],[78.12718,8.64152],[78.12722,8.64157],[78.12731,8.64163],[78.13,8.64155],[78.13002,8.64156],[78.13006,8.64157],[78.1301,8.64156],[78.13013,8.64153],[78.13013,8.64149],[78.13011,8.64145],[78.13008,8.64143],[78.13004,8.64143],[78.12995,8.64143],[78.12737,8.64145],[78.12732,8.64022],[78.12726,8.63915],[78.12736,8.63904],[78.13043,8.64065],[78.13045,8.64065],[78.13048,8.64065],[78.1305,8.64064],[78.13051,8.64063],[78.13052,8.64061],[78.13053,8.64058],[78.13052,8.64056],[78.13051,8.64054],[78.13049,8.64053],[78.13047,8.64052],[78.13045,8.64052],[78.13044,8.64052],[78.12911,8.63982],[78.12918,8.63901],[78.12875,8.63701],[78.12803,8.63469],[78.12783,8.63256],[78.12756,8.63068],[78.12715,8.6269],[78.12755,8.62689],[78.12755,8.62685],[78.12715,8.62685],[78.1271,8.62661],[78.12707,8.62433],[78.1272,8.6219],[78.1276,8.61863],[78.12794,8.61668],[78.12839,8.61429],[78.12893,8.61176],[78.12949,8.60974],[78.12961,8.60932],[78.12987,8.60862],[78.13003,8.60815],[78.13019,8.60762],[78.13031,8.60728],[78.13068,8.60621],[78.13085,8.60569],[78.13093,8.6055],[78.13132,8.60459],[78.13149,8.60418],[78.13196,8.60304],[78.13219,8.60248],[78.13247,8.6019],[78.13268,8.60152],[78.13296,8.60099],[78.13311,8.60076],[78.13358,8.60002],[78.13381,8.59975],[78.13397,8.59953],[78.13425,8.59914],[78.13444,8.59873],[78.13525,8.59705],[78.13555,8.59654],[78.13612,8.59554],[78.13664,8.59461],[78.13675,8.59442],[78.1375,8.59295],[78.13797,8.59205],[78.13817,8.59152],[78.13897,8.58885],[78.13902,8.58844],[78.13885,8.58745],[78.13856,8.58631],[78.1385,8.58607],[78.13831,8.58506],[78.13811,8.58392],[78.13806,8.58361],[78.13724,8.58019],[78.13695,8.57883],[78.13682,8.57819],[78.13669,8.57759],[78.13647,8.57686],[78.13607,8.57554],[78.13547,8.57289],[78.13501,8.57055],[78.1348,8.5694],[78.13472,8.56893],[78.13454,8.56754],[78.13418,8.56636],[78.13401,8.5656],[78.13377,8.56472],[78.13345,8.5637],[78.13339,8.56331],[78.13326,8.56195],[78.13316,8.56109],[78.13312,8.56074],[78.13312,8.56022],[78.13308,8.5598],[78.13298,8.55916],[78.13292,8.55841],[78.13287,8.55808],[78.13277,8.55775],[78.13253,8.55687],[78.13224,8.556],[78.13194,8.55554],[78.13143,8.55479],[78.13077,8.55359],[78.13061,8.55324],[78.13049,8.55305],[78.13007,8.55238],[78.12993,8.55215],[78.12929,8.55063],[78.12919,8.55037],[78.12902,8.54988],[78.12884,8.54948],[78.12873,8.54923],[78.12865,8.54895],[78.12803,8.54737],[78.12778,8.54672],[78.12759,8.54616],[78.12693,8.54406],[78.12682,8.54366],[78.12652,8.54257],[78.12624,8.54144],[78.12602,8.54053],[78.12576,8.53958],[78.12555,8.53881],[78.12548,8.53843],[78.12528,8.53749],[78.12511,8.53679],[78.12501,8.53626],[78.12492,8.53589],[78.12486,8.53565],[78.12411,8.53129],[78.12406,8.53077],[78.1238,8.52872],[78.12373,8.52788],[78.12358,8.5264],[78.12303,8.52326],[78.12292,8.52254],[78.12297,8.52206],[78.12304,8.52178],[78.12365,8.52177],[78.12368,8.52174],[78.12367,8.52165],[78.12363,8.52162],[78.12346,8.52161],[78.12328,8.52159],[78.1232,8.52071],[78.12387,8.52064],[78.12392,8.52059],[78.12395,8.52053],[78.12426,8.51962],[78.1243,8.51956],[78.12434,8.51952],[78.12455,8.5194],[78.12458,8.51936],[78.12458,8.51932],[78.12455,8.51929],[78.12451,8.51929],[78.1243,8.51938],[78.12426,8.51939],[78.1242,8.51938],[78.12416,8.5194],[78.12413,8.51944],[78.12412,8.51949],[78.12412,8.51956],[78.12383,8.52036],[78.12352,8.52017],[78.12312,8.51978],[78.12296,8.51932],[78.12293,8.51895],[78.12302,8.51866],[78.1235,8.51867],[78.1235,8.51854],[78.12351,8.51854],[78.12377,8.5182],[78.12408,8.51773],[78.12427,8.51724],[78.12421,8.51722],[78.1238,8.51757],[78.12365,8.51759],[78.12335,8.51767],[78.12311,8.51771],[78.12294,8.51757],[78.12299,8.51737],[78.12315,8.51714],[78.12352,8.51676],[78.12372,8.51659],[78.12387,8.51653],[78.12471,8.51698],[78.12484,8.51711],[78.12509,8.51749],[78.12533,8.51809],[78.12532,8.51813],[78.12537,8.51822],[78.12541,8.51824],[78.12546,8.51824],[78.12551,8.51822],[78.12554,8.51818],[78.12553,8.51812],[78.12552,8.51807],[78.12549,8.51805],[78.12525,8.5175],[78.12505,8.51715],[78.12476,8.51641],[78.12454,8.51556],[78.12441,8.51453],[78.12447,8.51254],[78.12479,8.51095],[78.12527,8.51008],[78.12639,8.508],[78.12681,8.50733],[78.12703,8.50602],[78.12687,8.50556],[78.1267,8.5041],[78.12666,8.50372],[78.12666,8.50349],[78.12668,8.50165],[78.1266,8.50081],[78.12676,8.50032],[78.1269,8.50006],[78.12707,8.49988],[78.1276,8.49973],[78.12783,8.49967],[78.12794,8.49959],[78.12831,8.49923],[78.12914,8.49875],[78.12935,8.49831],[78.12943,8.49816],[78.12952,8.49807],[78.13012,8.49754],[78.1302,8.4974],[78.1302,8.49731],[78.13018,8.49725],[78.1301,8.49707],[78.13,8.49688],[78.12994,8.49657],[78.12996,8.49636],[78.12998,8.49629],[78.13011,8.4962],[78.13013,8.49615],[78.13012,8.49605],[78.13006,8.49587],[78.12975,8.49549],[78.12925,8.49496],[78.12856,8.49411],[78.12814,8.49364],[78.12808,8.49348],[78.12795,8.49322],[78.12781,8.49296],[78.12759,8.49265],[78.12721,8.49202],[78.12688,8.49162],[78.12662,8.49124],[78.12555,8.49007],[78.12527,8.4898],[78.1246,8.48898],[78.12383,8.48812],[78.12335,8.48752],[78.12318,8.48732],[78.12289,8.48705],[78.12265,8.48681],[78.12233,8.48653],[78.12211,8.48627],[78.12148,8.48554],[78.12137,8.48538],[78.12117,8.48504],[78.1209,8.48463],[78.1199,8.48363],[78.11957,8.48329],[78.11899,8.48264],[78.11836,8.48196],[78.11686,8.48038],[78.11586,8.47927],[78.11531,8.47877],[78.11453,8.47805],[78.11423,8.4778],[78.11406,8.47765],[78.11381,8.47728],[78.11341,8.47682],[78.11287,8.47621],[78.11265,8.47597],[78.11177,8.47511],[78.11147,8.47482],[78.11044,8.47376],[78.11001,8.47321],[78.10963,8.47276],[78.10917,8.47227],[78.10868,8.47176],[78.10793,8.47106],[78.10724,8.47028],[78.1069,8.46996],[78.10641,8.46948],[78.10514,8.46838],[78.10468,8.46799],[78.10408,8.46748],[78.10337,8.46687],[78.10315,8.4667],[78.1031,8.46666],[78.10297,8.46656],[78.10261,8.46627],[78.1022,8.46588],[78.10184,8.46551],[78.10147,8.46516],[78.10129,8.465],[78.10095,8.46467],[78.10087,8.46459],[78.10041,8.46418],[78.09953,8.46334],[78.09939,8.46319],[78.09869,8.46246],[78.09759,8.46132],[78.09747,8.46119],[78.09679,8.46048],[78.09583,8.45943],[78.09494,8.45836],[78.09396,8.45709],[78.09292,8.45577],[78.09227,8.45491],[78.09163,8.45415],[78.09119,8.45367],[78.09059,8.45298],[78.09035,8.45267],[78.08991,8.45207],[78.08892,8.45066],[78.08859,8.45021],[78.08759,8.44913],[78.08746,8.44899],[78.08729,8.44868],[78.08674,8.44817],[78.08653,8.44797],[78.08576,8.44718],[78.08504,8.44651],[78.08472,8.4463],[78.0844,8.44593],[78.08434,8.44578],[78.08434,8.44563],[78.08438,8.44551],[78.08441,8.44547],[78.08455,8.44545],[78.08464,8.44534],[78.08466,8.44523],[78.08462,8.44509],[78.08465,8.44502],[78.08469,8.44494],[78.08479,8.44474],[78.08442,8.4446],[78.08418,8.44444],[78.08399,8.44424],[78.08385,8.44399],[78.08376,8.4435],[78.0838,8.44325],[78.08391,8.44303],[78.08361,8.44305],[78.08349,8.44306],[78.08349,8.44295],[78.0835,8.44288],[78.08338,8.44263],[78.08329,8.44251],[78.08214,8.44142],[78.08146,8.4408],[78.0813,8.44061],[78.08099,8.44025],[78.0808,8.43999],[78.08048,8.4394],[78.0803,8.439],[78.0801,8.43826],[78.08004,8.43799],[78.08005,8.43781],[78.08104,8.43704],[78.08109,8.43709],[78.08196,8.4364],[78.08196,8.43633],[78.08202,8.43629],[78.08206,8.4363],[78.08226,8.4366],[78.08227,8.43664],[78.08228,8.43668],[78.08234,8.4367],[78.0824,8.43667],[78.08242,8.43661],[78.08241,8.43655],[78.08214,8.43617],[78.08216,8.43611],[78.08216,8.43604],[78.08212,8.43597],[78.08206,8.43596],[78.08188,8.43607],[78.08154,8.43639],[78.08138,8.43643],[78.08131,8.43647],[78.08081,8.43687],[78.08059,8.4371],[78.08056,8.43717],[78.08052,8.4372],[78.08007,8.4371],[78.07944,8.43674],[78.0785,8.43604],[78.07824,8.43577],[78.07837,8.43551],[78.07838,8.43544],[78.07832,8.43538],[78.07822,8.43527],[78.07808,8.43511],[78.07803,8.43506],[78.07792,8.43515],[78.07781,8.43527],[78.07693,8.43438],[78.075,8.43211],[78.07268,8.42892],[78.07045,8.42496],[78.0677,8.42104],[78.06513,8.41647],[78.06411,8.41436],[78.06399,8.41397],[78.06382,8.41344],[78.06366,8.4128],[78.06346,8.41214],[78.0634,8.41178],[78.06319,8.41053],[78.06316,8.41003],[78.06315,8.40991],[78.06316,8.40974],[78.06315,8.40957],[78.06303,8.40883],[78.06297,8.40842],[78.06276,8.40765],[78.06267,8.40745],[78.06233,8.40672],[78.06223,8.40647],[78.06212,8.40623],[78.06197,8.40586],[78.06182,8.4054],[78.06171,8.40502],[78.06159,8.40462],[78.06154,8.40425],[78.06151,8.40384],[78.06152,8.40301],[78.0615,8.40203],[78.0615,8.40158],[78.06146,8.40141],[78.0614,8.40116],[78.06136,8.40086],[78.06135,8.40036],[78.06131,8.40007],[78.06127,8.39991],[78.06116,8.39969],[78.06076,8.39904],[78.06029,8.39832],[78.06022,8.39814],[78.06017,8.39789],[78.06009,8.39727],[78.06004,8.39709],[78.05992,8.39692],[78.05952,8.39634],[78.05917,8.39576],[78.05896,8.39538],[78.05882,8.39514],[78.05841,8.39453],[78.05833,8.39431],[78.05831,8.39414],[78.05826,8.39385],[78.05817,8.39357],[78.05785,8.39251],[78.0578,8.39217],[78.05765,8.39132],[78.05735,8.39049],[78.05726,8.39008],[78.05721,8.38982],[78.05718,8.38928],[78.05719,8.38889],[78.05716,8.38854],[78.05714,8.38844],[78.05707,8.38814],[78.05701,8.38754],[78.0569,8.38712],[78.05683,8.38661],[78.05678,8.38593],[78.05676,8.3856],[78.05664,8.38502],[78.0567,8.38425],[78.05678,8.38348],[78.05689,8.38302],[78.05707,8.38257],[78.05752,8.38181],[78.05768,8.38163],[78.05784,8.38141],[78.05799,8.3811],[78.05837,8.38082],[78.05914,8.38046],[78.05989,8.37938],[78.06022,8.37884],[78.06035,8.3787],[78.06048,8.37863],[78.06079,8.37848],[78.06109,8.37819],[78.06143,8.37771],[78.06182,8.37753],[78.06217,8.37736],[78.06235,8.37724],[78.06264,8.3771],[78.063,8.37689],[78.06409,8.37636],[78.0644,8.37593],[78.06465,8.37574],[78.06477,8.37555],[78.06489,8.37538],[78.06505,8.37517],[78.06555,8.37498],[78.06627,8.37458],[78.06669,8.37444],[78.06682,8.37439],[78.06697,8.37428],[78.06711,8.37421],[78.06721,8.37417],[78.06736,8.37414],[78.06751,8.37411],[78.06754,8.37409],[78.06757,8.37404],[78.06761,8.374],[78.06768,8.374],[78.06774,8.37398],[78.06778,8.37399],[78.06783,8.37399],[78.06785,8.37398],[78.06785,8.37394],[78.06785,8.37387],[78.06788,8.37382],[78.06789,8.37373],[78.06787,8.37367],[78.06784,8.37365],[78.0678,8.37362],[78.06775,8.37358],[78.06774,8.37354],[78.0677,8.37346],[78.06766,8.3734],[78.06763,8.37335],[78.06759,8.37329],[78.06756,8.37319],[78.06754,8.37315],[78.0675,8.37313],[78.06747,8.37312],[78.06745,8.3731],[78.06744,8.37305],[78.06743,8.373],[78.06742,8.37297],[78.06737,8.37283],[78.06662,8.37221],[78.06637,8.37206],[78.06466,8.37143],[78.06431,8.37127],[78.06289,8.37069],[78.06271,8.37063],[78.06212,8.37048],[78.062,8.37044],[78.06132,8.37013],[78.0607,8.36998],[78.05837,8.36915],[78.0581,8.36904],[78.05665,8.36853],[78.05562,8.36816],[78.05468,8.36783],[78.05363,8.36747],[78.05348,8.36741],[78.05248,8.36702],[78.05138,8.36662],[78.05,8.36619],[78.04671,8.36513],[78.04068,8.36288],[78.03991,8.3626],[78.03873,8.36222],[78.038,8.36195],[78.03479,8.36092],[78.03346,8.36044],[78.02926,8.35906],[78.02544,8.35772],[78.02317,8.35692],[78.02276,8.35675],[78.02095,8.35599],[78.01977,8.35555],[78.01879,8.3552],[78.01805,8.35498],[78.01749,8.35486],[78.01593,8.35429],[78.01566,8.35417],[78.01337,8.35314],[78.00899,8.35133],[78.00714,8.35058],[78.00611,8.35019],[78.00527,8.34982],[78.00443,8.34935],[78.00385,8.34909],[78.00334,8.34876],[78.00278,8.34856],[78.00206,8.34832],[78.00142,8.34815],[78.00109,8.348],[78.00047,8.34771],[78.00001,8.34745],[77.99969,8.34727],[77.9991,8.34703],[77.99876,8.34693],[77.99809,8.34671],[77.99762,8.34651],[77.99704,8.34627],[77.99657,8.34605],[77.99567,8.3456],[77.99424,8.34482],[77.99356,8.34449],[77.99279,8.34415],[77.99211,8.34392],[77.9906,8.34344],[77.98956,8.3428],[77.9878,8.34203],[77.98411,8.34002],[77.98243,8.33915],[77.98091,8.33855],[77.98027,8.3383],[77.97972,8.33794],[77.9794,8.33776],[77.9792,8.33757],[77.97905,8.3374],[77.97926,8.33699],[77.9797,8.33603],[77.97976,8.336],[77.97979,8.33594],[77.9798,8.33587],[77.97981,8.33576],[77.97979,8.33564],[77.97975,8.33548],[77.97931,8.33453],[77.9793,8.33451],[77.97929,8.3345],[77.97927,8.33449],[77.97924,8.33449],[77.97922,8.3345],[77.97921,8.33451],[77.97919,8.33452],[77.97918,8.33454],[77.97918,8.33456],[77.97918,8.33458],[77.97965,8.33564],[77.97964,8.3357],[77.97962,8.33575],[77.97956,8.33578],[77.97954,8.33583],[77.97954,8.3359],[77.97954,8.33595],[77.97912,8.33693],[77.97901,8.33709],[77.97887,8.3371],[77.9783,8.33696],[77.97773,8.33682],[77.97734,8.33671],[77.97721,8.33662],[77.97717,8.33657],[77.97707,8.33648],[77.97658,8.33626],[77.97615,8.33595],[77.97592,8.33581],[77.97555,8.33558],[77.97496,8.33528],[77.97475,8.33512],[77.9747,8.33506],[77.97456,8.33495],[77.97308,8.3342],[77.97296,8.33408],[77.97289,8.33406],[77.97281,8.33404],[77.97274,8.33405],[77.97267,8.3341],[77.97256,8.33404],[77.97254,8.33394],[77.97235,8.33377],[77.97201,8.33327],[77.97139,8.33187],[77.9712,8.33095],[77.97127,8.3309],[77.97163,8.33068],[77.97248,8.33033],[77.97293,8.3302],[77.97326,8.33017],[77.97374,8.33019],[77.9742,8.33023],[77.9748,8.33034],[77.97534,8.33046],[77.976,8.33065],[77.97602,8.33068],[77.97606,8.33072],[77.97615,8.33076],[77.97624,8.33076],[77.97634,8.33075],[77.9764,8.33075],[77.9766,8.33084],[77.97828,8.33185],[77.97832,8.33187],[77.97836,8.33186],[77.97842,8.3318],[77.97842,8.33176],[77.97839,8.3317],[77.97685,8.33081],[77.97637,8.33054],[77.97631,8.33048],[77.97625,8.33042],[77.97615,8.3304],[77.97601,8.33043],[77.97587,8.33038],[77.9754,8.33025],[77.97485,8.33012],[77.97425,8.33003],[77.97375,8.32998],[77.97326,8.32997],[77.97289,8.33002],[77.97243,8.33015],[77.97158,8.33051],[77.97115,8.33076],[77.97082,8.33099],[77.97053,8.33125],[77.9674,8.32932],[77.96605,8.32876],[77.96461,8.32798],[77.96283,8.32706],[77.96216,8.32678],[77.96132,8.32621],[77.96093,8.32592],[77.96056,8.32552],[77.95931,8.32473],[77.95872,8.32429],[77.95845,8.32406],[77.95786,8.32355],[77.9576,8.32331],[77.95741,8.32309],[77.95697,8.32255],[77.95669,8.32212],[77.9565,8.3219],[77.95643,8.32168],[77.95642,8.3214],[77.95646,8.32136],[77.95661,8.32134],[77.95676,8.32124],[77.95706,8.32102],[77.95707,8.32099],[77.95706,8.32091],[77.957,8.32075],[77.95696,8.32065],[77.95673,8.32025],[77.9566,8.32001],[77.95656,8.31986],[77.95654,8.31946],[77.95643,8.3187],[77.95639,8.31835],[77.95641,8.31755],[77.95663,8.31689],[77.95694,8.31623],[77.95712,8.31598],[77.95758,8.31534],[77.95766,8.3152],[77.95765,8.3151],[77.95753,8.31502],[77.95715,8.3149],[77.95671,8.31477],[77.95622,8.31458],[77.9547,8.31385],[77.95288,8.31308],[77.9516,8.31255],[77.95052,8.31208],[77.95003,8.31184],[77.94971,8.31166],[77.94891,8.31103],[77.94874,8.31095],[77.94857,8.31089],[77.94765,8.31069],[77.94723,8.31053],[77.94696,8.31042],[77.94675,8.31033],[77.94566,8.30985],[77.94474,8.30948],[77.94408,8.30918],[77.94326,8.30873],[77.94303,8.30859],[77.94281,8.30834],[77.94263,8.3081],[77.94258,8.30797],[77.94245,8.30749],[77.94229,8.30728],[77.94205,8.30715],[77.94135,8.30688],[77.94118,8.30679],[77.94105,8.30663],[77.94089,8.3065],[77.94069,8.3064],[77.94034,8.30626],[77.93998,8.30609],[77.93964,8.30586],[77.93945,8.30568],[77.93929,8.30557],[77.93842,8.30517],[77.9377,8.30487],[77.93748,8.30477],[77.93733,8.3047],[77.93645,8.30426],[77.93493,8.30357],[77.93448,8.30325],[77.9341,8.30298],[77.93267,8.30204],[77.93163,8.30146],[77.93112,8.30115],[77.93064,8.30085],[77.93041,8.3007],[77.92993,8.30025],[77.92942,8.29981],[77.92858,8.29901],[77.92835,8.29878],[77.92808,8.29845],[77.92795,8.29835],[77.92734,8.29808],[77.92672,8.29788],[77.92647,8.2978],[77.9248,8.29728],[77.92387,8.29698],[77.92316,8.29671],[77.92217,8.29628],[77.92092,8.29579],[77.9198,8.2952],[77.91902,8.29489],[77.91859,8.29463],[77.91812,8.29435],[77.91763,8.2941],[77.91724,8.29395],[77.91662,8.2937],[77.91449,8.29265],[77.91375,8.29233],[77.91284,8.29184],[77.91169,8.29112],[77.9113,8.29087],[77.91108,8.29076],[77.91094,8.2907],[77.91026,8.29037],[77.91013,8.29031],[77.9099,8.29019],[77.90944,8.29004],[77.9093,8.28999],[77.9086,8.28975],[77.90852,8.28972],[77.9084,8.28967],[77.90813,8.28956],[77.90771,8.2894],[77.90757,8.28936],[77.90702,8.28915],[77.90642,8.28892],[77.90602,8.28868],[77.90597,8.28866],[77.90591,8.28862],[77.90528,8.2882],[77.9052,8.28815],[77.90516,8.28813],[77.90476,8.2879],[77.90451,8.28776],[77.90438,8.28769],[77.90424,8.28761],[77.90408,8.28749],[77.90383,8.28724],[77.9038,8.28721],[77.9037,8.28714],[77.90306,8.28673],[77.903,8.28669],[77.90295,8.28665],[77.90262,8.28645],[77.90254,8.2864],[77.90239,8.28626],[77.90231,8.2862],[77.9022,8.28609],[77.90207,8.28598],[77.90184,8.28584],[77.90133,8.28541],[77.90122,8.28533],[77.90111,8.28528],[77.90099,8.28523],[77.9009,8.28519],[77.90001,8.2848],[77.89979,8.28464],[77.89964,8.28455],[77.89953,8.28449],[77.89945,8.28444],[77.89919,8.28425],[77.89898,8.28397],[77.89889,8.28385],[77.89887,8.28382],[77.89871,8.28363],[77.89848,8.28337],[77.89829,8.28311],[77.89805,8.28289],[77.89749,8.28239],[77.89608,8.28091],[77.89584,8.28063],[77.89556,8.28028],[77.89532,8.28001],[77.89524,8.27989],[77.89518,8.2797],[77.89515,8.27961],[77.89511,8.27951],[77.89505,8.27943],[77.8946,8.27923],[77.89412,8.27894],[77.89388,8.27876],[77.89367,8.27862],[77.89352,8.27841],[77.8936,8.27831],[77.89374,8.27816],[77.89297,8.27749],[77.89132,8.27601],[77.89122,8.27592],[77.89124,8.27586],[77.89118,8.27575],[77.8906,8.27504],[77.89057,8.27508],[77.88996,8.27449],[77.88981,8.27435],[77.88751,8.27284],[77.88741,8.27269],[77.88739,8.27258],[77.88745,8.27235],[77.8875,8.27213],[77.88744,8.27209],[77.88728,8.27201],[77.88686,8.27191],[77.88647,8.27179],[77.88533,8.27125],[77.88515,8.27115],[77.88458,8.27078],[77.88437,8.27065],[77.88332,8.27022],[77.88235,8.26966],[77.88177,8.26934],[77.88113,8.26905],[77.88061,8.26892],[77.8804,8.26885],[77.87972,8.26842],[77.87943,8.26824],[77.87895,8.26805],[77.87816,8.26763],[77.8775,8.26734],[77.87696,8.26711],[77.87612,8.26676],[77.87481,8.26625],[77.87357,8.26578],[77.87242,8.26533],[77.87118,8.26486],[77.87088,8.26478],[77.87083,8.26476],[77.87023,8.2644],[77.86941,8.26398],[77.86832,8.26358],[77.86693,8.26299],[77.86535,8.26233],[77.86346,8.26156],[77.86203,8.26093],[77.86141,8.2606],[77.86083,8.26026],[77.86053,8.26011],[77.86037,8.26008],[77.8603,8.26011],[77.86015,8.26018],[77.85998,8.26015],[77.85885,8.25966],[77.85778,8.25917],[77.8574,8.25901],[77.85611,8.25845],[77.85248,8.25696],[77.85118,8.25648],[77.84848,8.25536],[77.8464,8.25463],[77.84567,8.25431],[77.84424,8.25384],[77.84175,8.25307],[77.84147,8.25298],[77.83918,8.25234],[77.83633,8.25147],[77.83418,8.25075],[77.83153,8.25],[77.83035,8.2497],[77.82694,8.2488],[77.82633,8.24866],[77.82517,8.24839],[77.82503,8.24836],[77.82264,8.24785],[77.82169,8.24756],[77.81993,8.24706],[77.81872,8.24666],[77.81734,8.24609],[77.8153,8.24537],[77.81457,8.24511],[77.81217,8.24427],[77.80915,8.24321],[77.80856,8.24295],[77.80748,8.24236],[77.80563,8.24139],[77.80453,8.24065],[77.80322,8.2399],[77.80227,8.23941],[77.80169,8.239],[77.80121,8.23866],[77.80088,8.23843],[77.80047,8.23811],[77.80014,8.23763],[77.79996,8.23729],[77.79977,8.23694],[77.79966,8.23665],[77.79961,8.2362],[77.79948,8.23599],[77.79941,8.23585],[77.79929,8.23562],[77.79921,8.23538],[77.79912,8.2352],[77.79887,8.23498],[77.7987,8.23472],[77.79814,8.23403],[77.798,8.2338],[77.79694,8.23293],[77.79659,8.23255],[77.79635,8.23212],[77.79611,8.23188],[77.7955,8.23152],[77.79472,8.23091],[77.79421,8.23048],[77.79412,8.23034],[77.79395,8.23004],[77.79379,8.22989],[77.79335,8.22962],[77.79295,8.22942],[77.79243,8.22885],[77.79181,8.22836],[77.7913,8.22793],[77.79101,8.22772],[77.79026,8.22714],[77.78974,8.22679],[77.78912,8.22639],[77.78853,8.22611],[77.78817,8.22592],[77.78743,8.22548],[77.78721,8.22535],[77.78605,8.22437],[77.78538,8.22355],[77.78494,8.22291],[77.7848,8.22271],[77.78476,8.22259],[77.78476,8.22252],[77.78474,8.22234],[77.78495,8.22199],[77.78482,8.22189],[77.78471,8.22186],[77.78449,8.2218],[77.7842,8.22158],[77.78393,8.22131],[77.78373,8.22086],[77.78346,8.22028],[77.78324,8.21974],[77.78294,8.21889],[77.78287,8.21873],[77.78283,8.21856],[77.78272,8.21815],[77.78266,8.21776],[77.78261,8.21739],[77.78247,8.2169],[77.78242,8.21663],[77.78232,8.21611],[77.78224,8.21577],[77.78214,8.21518],[77.78215,8.21475],[77.78225,8.2142],[77.78238,8.21399],[77.78263,8.21366],[77.78322,8.21301],[77.78338,8.2126],[77.78345,8.21235],[77.78378,8.21203],[77.78388,8.21197],[77.78409,8.21208],[77.78417,8.21196],[77.78425,8.21178],[77.78424,8.21154],[77.78418,8.21085],[77.78416,8.21066],[77.78425,8.2102],[77.78425,8.21015],[77.78413,8.20981],[77.78412,8.20957],[77.78413,8.20952],[77.78424,8.20928],[77.78428,8.20902],[77.7843,8.20881],[77.78412,8.20828],[77.78409,8.20815],[77.78409,8.20802],[77.78436,8.20734],[77.78435,8.20722],[77.78434,8.20713],[77.78376,8.20626],[77.78348,8.20553],[77.78328,8.20487],[77.78283,8.20405],[77.78278,8.20386],[77.7828,8.2037],[77.7829,8.20349],[77.78295,8.20322],[77.78295,8.20297],[77.7829,8.2029],[77.78254,8.20259],[77.78211,8.20207],[77.78155,8.20113],[77.78144,8.20095],[77.78054,8.2005],[77.78034,8.20037],[77.78022,8.20026],[77.77928,8.19918],[77.77883,8.19868],[77.77794,8.19779],[77.77739,8.19739],[77.77713,8.19718],[77.77648,8.19686],[77.77615,8.19669],[77.77556,8.19611],[77.77546,8.19602],[77.77407,8.19536],[77.77371,8.19524],[77.77324,8.19513],[77.77306,8.1951],[77.77266,8.19507],[77.77251,8.19505],[77.77161,8.19476],[77.77086,8.19456],[77.76953,8.19436],[77.76916,8.19427],[77.76884,8.19416],[77.76751,8.19361],[77.76661,8.1932],[77.76584,8.19276],[77.76463,8.19208],[77.76358,8.19144],[77.76296,8.19112],[77.76252,8.19085],[77.76039,8.18963],[77.75997,8.18937],[77.75942,8.18894],[77.75838,8.18837],[77.7575,8.18786],[77.75692,8.18751],[77.75669,8.18737],[77.75609,8.18701],[77.7556,8.18661],[77.7554,8.18641],[77.75511,8.18607],[77.75496,8.18585],[77.75484,8.18555],[77.7548,8.1853],[77.75473,8.18483],[77.75472,8.18443],[77.75477,8.18413],[77.75498,8.18375],[77.75506,8.18355],[77.75508,8.18346],[77.75502,8.18331],[77.75486,8.18315],[77.75448,8.18307],[77.75389,8.1829],[77.75309,8.18271],[77.75294,8.18264],[77.75282,8.1825],[77.75263,8.18237],[77.75255,8.18228],[77.75224,8.18202],[77.75187,8.18172],[77.75185,8.18163],[77.75183,8.18147],[77.75178,8.18142],[77.75169,8.1814],[77.75144,8.18143],[77.75131,8.18138],[77.75119,8.18132],[77.75077,8.18107],[77.7506,8.18097],[77.75,8.18052],[77.74983,8.18039],[77.74957,8.18029],[77.74946,8.18028],[77.74893,8.18029],[77.74854,8.18021],[77.7484,8.18013],[77.74816,8.17988],[77.74803,8.17983],[77.74785,8.17975],[77.74754,8.17958],[77.7473,8.17944],[77.74693,8.17909],[77.74676,8.17885],[77.74672,8.17866],[77.74672,8.1784],[77.74679,8.17812],[77.7468,8.17798],[77.74674,8.17787],[77.74652,8.17781],[77.74641,8.17778],[77.74594,8.17767],[77.74582,8.1776],[77.74573,8.17755],[77.74564,8.1774],[77.74554,8.17726],[77.74545,8.17723],[77.74523,8.17718],[77.74479,8.17703],[77.74459,8.17701],[77.7444,8.17696],[77.7439,8.17674],[77.7434,8.17654],[77.74332,8.17648],[77.74326,8.17624],[77.74318,8.1762],[77.74312,8.17615],[77.74296,8.1761],[77.7426,8.17604],[77.74162,8.17568],[77.74119,8.17553],[77.74079,8.17534],[77.74073,8.17525],[77.74081,8.17496],[77.74067,8.17493],[77.74032,8.17496],[77.73988,8.1749],[77.73951,8.17483],[77.73941,8.1748],[77.73898,8.17458],[77.7389,8.17455],[77.73878,8.17453],[77.73822,8.17453],[77.73795,8.1745],[77.7376,8.17436],[77.73715,8.17417],[77.73701,8.17382],[77.73689,8.17378],[77.73643,8.17375],[77.73625,8.17372],[77.73578,8.17362],[77.73551,8.17356],[77.73508,8.17354],[77.73459,8.17357],[77.73419,8.1736],[77.73402,8.17358],[77.73381,8.17355],[77.73315,8.17346],[77.73256,8.17343],[77.73207,8.17339],[77.73178,8.17334],[77.73136,8.17329],[77.73114,8.17321],[77.73069,8.173],[77.73057,8.1729],[77.73039,8.1729],[77.73005,8.17298],[77.72979,8.17298],[77.72956,8.17294],[77.72892,8.17279],[77.72825,8.17268],[77.72788,8.17266],[77.72749,8.17259],[77.72711,8.17243],[77.72639,8.17203],[77.72612,8.1719],[77.72487,8.17138],[77.72436,8.17114],[77.72416,8.17106],[77.72375,8.17099],[77.72327,8.17086],[77.72307,8.17077],[77.72279,8.17061],[77.72239,8.17029],[77.72228,8.17011],[77.72213,8.16973],[77.72204,8.1696],[77.72194,8.16955],[77.72178,8.16953],[77.72152,8.16933],[77.7214,8.16913],[77.72138,8.16903],[77.72138,8.16877],[77.72131,8.16866],[77.72101,8.1685],[77.72064,8.16836],[77.72015,8.16832],[77.71965,8.16822],[77.7195,8.16814],[77.71948,8.16805],[77.71961,8.16746],[77.71958,8.16739],[77.71948,8.16735],[77.71487,8.16632],[77.71451,8.16624],[77.71291,8.16591],[77.71284,8.1659],[77.71278,8.16588],[77.71268,8.16586],[77.71235,8.16578],[77.70651,8.16442],[77.70682,8.16206],[77.70695,8.16209],[77.70985,8.16364],[77.71063,8.16401],[77.71124,8.16419],[77.71167,8.16428],[77.71168,8.16436],[77.7149,8.16506],[77.71548,8.1651],[77.71564,8.165],[77.71663,8.1649],[77.71759,8.16476],[77.71892,8.16445],[77.72029,8.16404],[77.72103,8.16381],[77.72109,8.16398],[77.72168,8.16373],[77.72164,8.16354],[77.72209,8.16339],[77.72333,8.16274],[77.72474,8.16177],[77.7261,8.16072],[77.72603,8.16059],[77.7243,8.16184],[77.7228,8.16279],[77.72143,8.16346],[77.72025,8.16393],[77.71889,8.16434],[77.71753,8.16465],[77.71662,8.16479],[77.71566,8.16486],[77.71489,8.16475],[77.71092,8.16394],[77.71043,8.16375],[77.70687,8.16183],[77.70691,8.16153],[77.70691,8.16125],[77.70676,8.16075],[77.70717,8.16062],[77.70711,8.16046],[77.70671,8.16059],[77.70656,8.16012],[77.7068,8.16002],[77.70693,8.16007],[77.70715,8.16002],[77.70688,8.15933],[77.70692,8.15909],[77.70826,8.15858],[77.7082,8.15847],[77.70667,8.15898],[77.70669,8.15942],[77.70634,8.15948],[77.70612,8.15897],[77.70587,8.15871],[77.70548,8.15854],[77.70478,8.1554],[77.70456,8.15545],[77.70515,8.15844],[77.69921,8.15712],[77.70099,8.15474],[77.70078,8.15455],[77.69887,8.15702],[77.69861,8.15702],[77.69831,8.15709],[77.69804,8.15729],[77.6968,8.15938],[77.69639,8.15922],[77.69562,8.15884],[77.69477,8.15834],[77.69456,8.15867],[77.69554,8.15929],[77.6965,8.15975],[77.69504,8.16192],[77.69385,8.16166],[77.69356,8.16296],[77.69326,8.16304],[77.69252,8.16268],[77.69216,8.16264],[77.69194,8.16259],[77.69175,8.16251],[77.69166,8.1625],[77.69146,8.16255],[77.69132,8.16254],[77.69109,8.16243],[77.691,8.16243],[77.69067,8.16247],[77.69057,8.16245],[77.69041,8.16241],[77.69035,8.16235],[77.6903,8.16234],[77.69025,8.16236],[77.69006,8.16247],[77.68996,8.16249],[77.68974,8.16251],[77.68918,8.16248],[77.68875,8.16219],[77.6892,8.16022],[77.68913,8.16014],[77.68904,8.16016],[77.68847,8.16264],[77.68815,8.16285],[77.6875,8.16271],[77.68785,8.16125],[77.68675,8.16101],[77.68645,8.16226],[77.68557,8.16203],[77.68594,8.1603],[77.68604,8.16005],[77.68626,8.15968],[77.68656,8.15938],[77.68701,8.15914],[77.68765,8.15899],[77.68822,8.15894],[77.6889,8.15898],[77.69008,8.15927],[77.69018,8.15926],[77.69023,8.1592],[77.69019,8.15911],[77.6892,8.1589],[77.68859,8.15881],[77.68797,8.15882],[77.68737,8.15889],[77.68691,8.15902],[77.68655,8.15921],[77.68618,8.15952],[77.68597,8.15982],[77.68583,8.16017],[77.6855,8.16157],[77.68514,8.16167],[77.68456,8.16168],[77.68323,8.16155],[77.68282,8.16149],[77.6825,8.1614],[77.68209,8.16127],[77.68189,8.16114],[77.68174,8.16097],[77.68149,8.16076],[77.68131,8.16072],[77.68122,8.16071],[77.68073,8.16093],[77.6805,8.16098],[77.68011,8.16099],[77.67898,8.16092],[77.67843,8.16092],[77.67781,8.16092],[77.6771,8.16088],[77.67691,8.16083],[77.67657,8.16074],[77.67629,8.16062],[77.67609,8.16048],[77.676,8.16033],[77.67591,8.1603],[77.67565,8.16025],[77.67501,8.16009],[77.6743,8.15998],[77.67414,8.15994],[77.67387,8.15986],[77.67376,8.15984],[77.67331,8.15984],[77.67283,8.15979],[77.6717,8.15962],[77.67152,8.15956],[77.67129,8.15951],[77.67107,8.15949],[77.67026,8.15943],[77.66986,8.15938],[77.66962,8.15937],[77.6695,8.15934],[77.66914,8.15926],[77.66895,8.15925],[77.66791,8.1592],[77.66741,8.15924],[77.66689,8.15926],[77.66658,8.15926],[77.66616,8.15925],[77.66525,8.15925],[77.66423,8.15923],[77.66369,8.15918],[77.66333,8.15911],[77.66317,8.15908],[77.66292,8.15902],[77.66279,8.15901],[77.6623,8.15897],[77.66194,8.1589],[77.66153,8.15879],[77.66102,8.15864],[77.66074,8.15856],[77.66052,8.15852],[77.66017,8.15849],[77.66006,8.15848],[77.65997,8.15846],[77.65955,8.15838],[77.65935,8.15838],[77.65898,8.15844],[77.65854,8.15852],[77.6582,8.15857],[77.65802,8.15858],[77.65762,8.15862],[77.65754,8.15862],[77.65727,8.1586],[77.65718,8.15861],[77.6569,8.15867],[77.65656,8.15865],[77.65593,8.15856],[77.65544,8.15852],[77.65499,8.15849],[77.65483,8.15848],[77.65452,8.1585],[77.6541,8.15854],[77.65379,8.15856],[77.65335,8.15872],[77.65263,8.15887],[77.65235,8.1589],[77.65205,8.15897],[77.65167,8.15904],[77.65088,8.1592],[77.65035,8.15927],[77.65,8.15928],[77.65,10.65],[79.85399,10.65],[79.85399,10.64973],[79.854,10.64848],[79.854,10.6482],[79.85407,10.64725],[79.85417,10.64521],[79.85413,10.64482],[79.85412,10.64458],[79.85414,10.64376],[79.85421,10.64231],[79.85425,10.64181],[79.85427,10.64149],[79.85432,10.64113],[79.85433,10.64094],[79.85435,10.64075],[79.85436,10.64035],[79.85439,10.63996],[79.85439,10.6398],[79.85433,10.63934],[79.85436,10.6388],[79.8544,10.63796],[79.85439,10.63756],[79.85433,10.63715],[79.8543,10.63654],[79.85457,10.63057],[79.85461,10.62904],[79.85468,10.62718],[79.85471,10.6264],[79.85488,10.62197],[79.85496,10.62079],[79.85498,10.62043],[79.85511,10.61726],[79.85528,10.6148],[79.85532,10.61444],[79.85537,10.61375],[79.85538,10.61269],[79.8554,10.61187],[79.85542,10.61152],[79.8555,10.61103],[79.85559,10.61025],[79.85574,10.60807],[79.85577,10.60662],[79.85578,10.60611],[79.85587,10.60508],[79.85592,10.60413],[79.85591,10.60363],[79.85591,10.60319],[79.85603,10.60219],[79.85614,10.60137],[79.85616,10.60109],[79.85635,10.59844],[79.85636,10.59684],[79.85638,10.59659],[79.85645,10.5962],[79.85648,10.59573],[79.85662,10.59418],[79.85672,10.5936],[79.85677,10.59224],[79.85673,10.5917],[79.85677,10.59094],[79.85693,10.58925],[79.85697,10.5886],[79.85703,10.58767],[79.85704,10.5875],[79.85716,10.58583],[79.85724,10.58509],[79.85734,10.58391],[79.85737,10.5835],[79.85748,10.58257],[79.85758,10.5819],[79.85758,10.58172],[79.85754,10.58127],[79.85752,10.58111],[79.85758,10.58065],[79.85773,10.57976],[79.85781,10.57905],[79.85789,10.57816],[79.85798,10.57726],[79.85802,10.57687],[79.8581,10.57634],[79.8581,10.57617],[79.8581,10.5757],[79.85808,10.57508],[79.85813,10.57421],[79.85841,10.57043],[79.85859,10.56847],[79.85869,10.56755],[79.85881,10.56479],[79.85893,10.56283],[79.859,10.56138],[79.85907,10.56006],[79.85918,10.55836],[79.85925,10.55731],[79.85939,10.55548],[79.85945,10.55475],[79.85949,10.5543],[79.8595,10.55406],[79.85938,10.55352],[79.85927,10.55311],[79.85927,10.55254],[79.85924,10.55194],[79.85922,10.55155],[79.85928,10.55101],[79.85936,10.5505],[79.85948,10.54962],[79.85952,10.54926],[79.85965,10.54808],[79.85969,10.54696],[79.85976,10.54622],[79.85993,10.54452],[79.86014,10.54177],[79.86027,10.54026],[79.86031,10.54],[79.86041,10.53947],[79.86046,10.53876],[79.8605,10.53751],[79.86056,10.53631],[79.86062,10.53579],[79.8607,10.53534],[79.86083,10.53458],[79.86087,10.53416],[79.86091,10.53332],[79.86103,10.53117],[79.86109,10.53007],[79.86127,10.52755],[79.86131,10.52689],[79.86141,10.52531],[79.86151,10.52421],[79.86166,10.52312],[79.86168,10.52294],[79.8617,10.52282],[79.86178,10.52059],[79.86167,10.51932],[79.86168,10.51876],[79.86185,10.5168],[79.86189,10.51632],[79.86201,10.51436],[79.86204,10.51197],[79.86206,10.5104],[79.86218,10.50744],[79.86225,10.50673],[79.86222,10.5059],[79.86221,10.50548],[79.86227,10.50338],[79.8622,10.50282],[79.8622,10.50255],[79.86229,10.50121],[79.86238,10.49886],[79.86258,10.49612],[79.8626,10.49502],[79.86277,10.49338],[79.86278,10.49284],[79.86267,10.49234],[79.86268,10.49178],[79.86268,10.49087],[79.86255,10.48976],[79.86255,10.48922],[79.86256,10.48787],[79.8626,10.48685],[79.86264,10.48653],[79.86274,10.48606],[79.86276,10.48565],[79.86278,10.48454],[79.86281,10.48354],[79.86284,10.48217],[79.86288,10.48079],[79.86293,10.48018],[79.863,10.47834],[79.863,10.47643],[79.86303,10.47498],[79.86305,10.47308],[79.86308,10.47278],[79.86321,10.47018],[79.86318,10.46889],[79.86325,10.46787],[79.86331,10.46538],[79.86341,10.46448],[79.86353,10.46253],[79.86349,10.46153],[79.8635,10.46118],[79.86366,10.4588],[79.86381,10.45625],[79.86386,10.45535],[79.86387,10.45516],[79.86402,10.45248],[79.86406,10.45113],[79.86408,10.45068],[79.86413,10.4495],[79.86415,10.44884],[79.86419,10.44784],[79.86426,10.44711],[79.8643,10.44627],[79.86437,10.44504],[79.8644,10.44429],[79.86445,10.44374],[79.86451,10.44284],[79.86453,10.4422],[79.86458,10.44152],[79.86464,10.44052],[79.86472,10.43965],[79.8648,10.43821],[79.86485,10.43766],[79.86492,10.43625],[79.86495,10.43557],[79.86501,10.43463],[79.8651,10.4336],[79.86515,10.43271],[79.86524,10.43192],[79.8653,10.43123],[79.86535,10.43043],[79.86539,10.42973],[79.86544,10.42924],[79.8655,10.42842],[79.86554,10.42748],[79.86564,10.4267],[79.8657,10.42606],[79.86575,10.42551],[79.8658,10.42492],[79.86588,10.42402],[79.866,10.42295],[79.8661,10.42171],[79.86615,10.42058],[79.86619,10.41983],[79.86628,10.41904],[79.86639,10.41803],[79.86648,10.41726],[79.86656,10.41649],[79.8667,10.41545],[79.86701,10.41253],[79.86726,10.41041],[79.86738,10.40923],[79.86755,10.40751],[79.86761,10.40677],[79.86765,10.40596],[79.86769,10.40442],[79.86768,10.40314],[79.86769,10.40281],[79.86768,10.40239],[79.86775,10.40208],[79.86797,10.40062],[79.86808,10.40028],[79.86838,10.39947],[79.86846,10.39898],[79.86855,10.39841],[79.86864,10.39672],[79.86873,10.39593],[79.86875,10.3958],[79.86884,10.39515],[79.86911,10.39266],[79.86927,10.39157],[79.86938,10.39095],[79.86963,10.38907],[79.86973,10.38809],[79.86988,10.38718],[79.87015,10.38491],[79.87023,10.38447],[79.87032,10.38389],[79.87042,10.38341],[79.87054,10.38269],[79.87069,10.38158],[79.87074,10.38079],[79.87082,10.38023],[79.87101,10.37895],[79.87106,10.3781],[79.87113,10.37737],[79.87124,10.37647],[79.87134,10.37587],[79.87147,10.3752],[79.87185,10.37257],[79.87275,10.36786],[79.87278,10.36768],[79.87354,10.36379],[79.87436,10.35937],[79.87558,10.35341],[79.87588,10.35124],[79.87614,10.34959],[79.87642,10.34822],[79.87655,10.34754],[79.87675,10.34668],[79.87701,10.34544],[79.87733,10.34351],[79.87816,10.33906],[79.87866,10.3364],[79.87925,10.33352],[79.8795,10.33172],[79.87958,10.33112],[79.87962,10.33055],[79.87969,10.33028],[79.8799,10.32922],[79.88029,10.32747],[79.88051,10.32593],[79.8806,10.32518],[79.88121,10.32086],[79.88167,10.31687],[79.88202,10.31352],[79.88204,10.3105],[79.88218,10.30778],[79.88213,10.30635],[79.88198,10.3049],[79.88198,10.30424],[79.88182,10.30288],[79.88177,10.30229],[79.88163,10.30142],[79.88143,10.30044],[79.88119,10.29914],[79.88093,10.29826],[79.88052,10.29706],[79.87886,10.29503],[79.87688,10.2933],[79.875,10.29168],[79.87391,10.29094],[79.87314,10.29046],[79.87023,10.28879],[79.86854,10.28792],[79.86673,10.28719],[79.86157,10.28432],[79.85695,10.28177],[79.85052,10.27918],[79.84725,10.27817],[79.84458,10.27735],[79.83728,10.27607],[79.83245,10.27562],[79.83099,10.27546],[79.82896,10.27519],[79.82389,10.27469],[79.82186,10.27459],[79.82026,10.2745],[79.81945,10.27449],[79.81529,10.27452],[79.81215,10.27443],[79.81095,10.27452],[79.8101,10.2745],[79.8086,10.27431],[79.80797,10.27425],[79.80671,10.27407],[79.80544,10.27393],[79.80359,10.27406],[79.80147,10.27416],[79.79996,10.27415],[79.79465,10.27394],[79.78856,10.27387],[79.78657,10.2741],[79.7813,10.27392],[79.77792,10.27399],[79.77687,10.27396],[79.77581,10.27385],[79.77504,10.27383],[79.77432,10.27376],[79.77342,10.27372],[79.77263,10.27381],[79.77147,10.27381],[79.77062,10.2737],[79.76632,10.2736],[79.76465,10.27361],[79.76296,10.27386],[79.76133,10.27395],[79.75852,10.27408],[79.75593,10.27425],[79.7507,10.27458],[79.74619,10.27475],[79.74302,10.275],[79.74096,10.27591],[79.73397,10.27748],[79.73297,10.27709],[79.73157,10.27636],[79.73012,10.27573],[79.72823,10.27541],[79.72642,10.27552],[79.72496,10.27576],[79.72243,10.2762],[79.719,10.27668],[79.71498,10.27698],[79.7116,10.27736],[79.70525,10.27859],[79.6945,10.2796],[79.68641,10.28032],[79.67885,10.28095],[79.67494,10.28172],[79.67188,10.2824],[79.66828,10.28302],[79.66472,10.28379],[79.65928,10.28484],[79.65251,10.28609],[79.6431,10.28785],[79.63758,10.28881],[79.63378,10.28929],[79.62738,10.29015],[79.62377,10.29082],[79.61955,10.29173],[79.61241,10.29274],[79.60218,10.29451],[79.58988,10.29632],[79.57529,10.2985],[79.56616,10.3001],[79.55807,10.3009],[79.55603,10.30119],[79.55522,10.30167],[79.55437,10.30162],[79.54968,10.30221],[79.54239,10.30374],[79.53694,10.30446],[79.53419,10.30483],[79.53046,10.30566],[79.52703,10.30672],[79.5256,10.30709],[79.52448,10.30736],[79.52343,10.30801],[79.51141,10.30892],[79.51117,10.30889],[79.51028,10.30878],[79.50496,10.30938],[79.50081,10.30986],[79.49804,10.31012],[79.49408,10.31035],[79.49067,10.31037],[79.4873,10.31066],[79.48325,10.3109],[79.47851,10.31137],[79.47564,10.31172],[79.47148,10.3123],[79.47077,10.31239],[79.46667,10.31288],[79.46367,10.31306],[79.45902,10.31345],[79.45233,10.31397],[79.44951,10.31418],[79.44417,10.31459],[79.44206,10.31486],[79.43993,10.31514],[79.43626,10.31545],[79.41603,10.31695],[79.41288,10.3174],[79.40547,10.3178],[79.40238,10.31775],[79.3972,10.31799],[79.39576,10.31797],[79.39282,10.31758],[79.38846,10.31688],[79.38724,10.31666],[79.38668,10.31658],[79.38506,10.31619],[79.38436,10.316],[79.38373,10.31569],[79.38312,10.31539],[79.38288,10.31528],[79.38252,10.31515],[79.38208,10.31488],[79.38164,10.31461],[79.38102,10.31424],[79.38057,10.31391],[79.38019,10.31361],[79.38003,10.31337],[79.3795,10.31288],[79.37932,10.31263],[79.37915,10.31253],[79.37887,10.31132],[79.37863,10.3106],[79.37847,10.31028],[79.37831,10.30995],[79.37807,10.30877],[79.37789,10.30789],[79.37784,10.30744],[79.37779,10.30729],[79.37769,10.30719],[79.37766,10.3071],[79.37765,10.30697],[79.37767,10.30688],[79.37765,10.30678],[79.3775,10.30653],[79.37734,10.3063],[79.37724,10.30608],[79.37723,10.30597],[79.37728,10.30579],[79.37726,10.30563],[79.37723,10.30553],[79.37703,10.30536],[79.37681,10.30504],[79.37672,10.3049],[79.3765,10.30436],[79.37649,10.30423],[79.37649,10.30412],[79.37649,10.3041],[79.37643,10.30402],[79.37624,10.30378],[79.37609,10.30364],[79.37588,10.30343],[79.37563,10.30314],[79.37519,10.30243],[79.37485,10.30184],[79.37474,10.30153],[79.37461,10.3012],[79.37456,10.30107],[79.374,10.30057],[79.37383,10.3002],[79.37376,10.30013],[79.37344,10.29971],[79.37322,10.29937],[79.37298,10.29921],[79.37273,10.29911],[79.37261,10.299],[79.37162,10.29787],[79.37118,10.2974],[79.37076,10.29699],[79.37062,10.29682],[79.37047,10.29654],[79.37046,10.29636],[79.37048,10.29604],[79.37047,10.29591],[79.37037,10.29566],[79.37033,10.29543],[79.37034,10.29525],[79.37035,10.29511],[79.37031,10.295],[79.3703,10.29483],[79.36949,10.2944],[79.36894,10.29388],[79.36764,10.29363],[79.36749,10.29348],[79.36744,10.2933],[79.36729,10.29299],[79.3666,10.29266],[79.36599,10.29259],[79.36528,10.29247],[79.36463,10.29234],[79.36403,10.29216],[79.36309,10.29183],[79.3619,10.29138],[79.36043,10.29084],[79.35933,10.29037],[79.35883,10.29012],[79.35812,10.28965],[79.35789,10.28943],[79.35769,10.28937],[79.35712,10.28913],[79.3566,10.28911],[79.3564,10.28912],[79.35604,10.28909],[79.35578,10.28905],[79.35516,10.2889],[79.35459,10.28875],[79.35445,10.2887],[79.3541,10.28857],[79.35363,10.28833],[79.35335,10.28822],[79.35317,10.28808],[79.35305,10.28784],[79.35297,10.28769],[79.35286,10.28758],[79.35267,10.2875],[79.35235,10.28739],[79.35208,10.28728],[79.35162,10.28705],[79.35135,10.28687],[79.35123,10.28692],[79.35101,10.28704],[79.35084,10.28679],[79.35071,10.28668],[79.35061,10.28657],[79.35048,10.28644],[79.35009,10.28594],[79.34994,10.28566],[79.34961,10.28564],[79.34957,10.28583],[79.34962,10.28596],[79.34954,10.28602],[79.34947,10.28604],[79.34929,10.28601],[79.349,10.28599],[79.34884,10.28604],[79.3486,10.28622],[79.34835,10.28635],[79.34812,10.28644],[79.34801,10.28639],[79.34792,10.2864],[79.34775,10.28648],[79.34765,10.28649],[79.34719,10.28645],[79.34701,10.28647],[79.34672,10.28645],[79.34654,10.28644],[79.34622,10.28636],[79.34615,10.28635],[79.3461,10.28636],[79.34587,10.28634],[79.34544,10.2865],[79.34521,10.28653],[79.34482,10.28655],[79.34369,10.28638],[79.34361,10.2864],[79.34354,10.28646],[79.3434,10.28652],[79.34301,10.28658],[79.34289,10.2866],[79.3426,10.28678],[79.34233,10.28684],[79.34215,10.28687],[79.34147,10.28703],[79.34121,10.28701],[79.34056,10.28695],[79.34016,10.28704],[79.33969,10.28725],[79.33896,10.28707],[79.33856,10.28684],[79.33821,10.28691],[79.33724,10.28661],[79.3368,10.28656],[79.33612,10.28626],[79.33439,10.28556],[79.33331,10.28526],[79.33271,10.28509],[79.33158,10.28475],[79.33116,10.28459],[79.32991,10.28402],[79.32817,10.28313],[79.32748,10.28287],[79.32666,10.28241],[79.32578,10.28195],[79.32421,10.28091],[79.32354,10.28036],[79.32275,10.27987],[79.32242,10.27974],[79.32227,10.27967],[79.32197,10.27947],[79.32102,10.27898],[79.32003,10.2784],[79.31973,10.27816],[79.3191,10.27758],[79.31897,10.27748],[79.31883,10.27743],[79.31879,10.27741],[79.31876,10.2774],[79.31847,10.27724],[79.31794,10.27688],[79.31687,10.27606],[79.31662,10.27584],[79.31591,10.27513],[79.31572,10.27494],[79.31524,10.27434],[79.31477,10.27383],[79.31429,10.27334],[79.31342,10.27238],[79.31298,10.27187],[79.31266,10.27153],[79.31245,10.27136],[79.31223,10.27112],[79.31169,10.27054],[79.311,10.26966],[79.31086,10.26937],[79.31052,10.26861],[79.31041,10.26844],[79.31012,10.2682],[79.3099,10.26791],[79.30969,10.2676],[79.30958,10.26733],[79.3094,10.26707],[79.30937,10.26696],[79.3094,10.26687],[79.30948,10.2668],[79.30956,10.2667],[79.30955,10.26665],[79.30951,10.26659],[79.30946,10.26655],[79.30922,10.26622],[79.30914,10.2661],[79.30886,10.26564],[79.30856,10.26547],[79.3083,10.26535],[79.308,10.26527],[79.3077,10.26523],[79.30725,10.26518],[79.30714,10.26518],[79.30668,10.26518],[79.30649,10.26522],[79.3061,10.26533],[79.30533,10.26558],[79.30503,10.26551],[79.30479,10.26558],[79.30454,10.26564],[79.30425,10.26571],[79.30365,10.26562],[79.30317,10.26557],[79.3028,10.26545],[79.30232,10.26532],[79.30195,10.26523],[79.3015,10.26505],[79.30101,10.26485],[79.30062,10.26461],[79.30013,10.26426],[79.29989,10.26414],[79.29935,10.26386],[79.29899,10.26361],[79.29879,10.26338],[79.29848,10.26322],[79.2983,10.26308],[79.29809,10.26288],[79.29766,10.26246],[79.29755,10.26236],[79.29719,10.2621],[79.29699,10.26197],[79.29675,10.26171],[79.29672,10.26172],[79.29667,10.26173],[79.29665,10.26173],[79.29619,10.26135],[79.29545,10.26082],[79.29509,10.26057],[79.29467,10.26023],[79.29379,10.25944],[79.29333,10.25897],[79.29282,10.25837],[79.29253,10.25803],[79.29209,10.25768],[79.29148,10.25721],[79.29117,10.25692],[79.2906,10.25614],[79.29028,10.25573],[79.29006,10.2555],[79.2897,10.25515],[79.28874,10.25425],[79.28838,10.25399],[79.28823,10.2539],[79.28813,10.25388],[79.288,10.25379],[79.2877,10.25355],[79.28728,10.25321],[79.28721,10.25315],[79.28701,10.25301],[79.28658,10.25261],[79.28646,10.2524],[79.28602,10.25179],[79.28584,10.25146],[79.28561,10.25088],[79.2855,10.25067],[79.28527,10.25049],[79.28499,10.25016],[79.28473,10.25002],[79.28437,10.24989],[79.28392,10.2497],[79.28352,10.24945],[79.28327,10.24932],[79.2826,10.24882],[79.28228,10.24852],[79.28184,10.24802],[79.2812,10.2475],[79.28117,10.24745],[79.28036,10.24661],[79.28003,10.24643],[79.27986,10.24634],[79.27968,10.24622],[79.2791,10.24572],[79.27883,10.24552],[79.27852,10.24524],[79.27824,10.24493],[79.27802,10.2447],[79.27771,10.24431],[79.27662,10.24325],[79.27633,10.24289],[79.27621,10.24269],[79.27587,10.24213],[79.27574,10.24203],[79.2753,10.24188],[79.27498,10.24172],[79.27475,10.24156],[79.27435,10.24124],[79.27389,10.24078],[79.27328,10.24019],[79.27319,10.24002],[79.27299,10.23958],[79.27281,10.23931],[79.27246,10.23897],[79.27203,10.23861],[79.27173,10.23833],[79.27152,10.23803],[79.27038,10.23629],[79.27014,10.2357],[79.27009,10.23544],[79.27003,10.23533],[79.26997,10.23528],[79.26971,10.23522],[79.26961,10.23512],[79.26936,10.23488],[79.26897,10.2344],[79.26876,10.23403],[79.26862,10.23353],[79.2682,10.23286],[79.26793,10.2324],[79.26767,10.23149],[79.2676,10.23091],[79.26774,10.2293],[79.26769,10.22833],[79.26784,10.22808],[79.26806,10.22777],[79.2686,10.22718],[79.26872,10.22684],[79.26913,10.2263],[79.26953,10.22598],[79.26981,10.22568],[79.27083,10.22475],[79.27144,10.22415],[79.27217,10.22376],[79.27424,10.22305],[79.27465,10.22286],[79.27561,10.22205],[79.27689,10.22105],[79.27821,10.22039],[79.27893,10.22006],[79.27926,10.22004],[79.27961,10.22014],[79.27978,10.22006],[79.27996,10.21968],[79.28016,10.21881],[79.28021,10.21842],[79.28026,10.21798],[79.28032,10.21781],[79.28044,10.21761],[79.2809,10.21742],[79.28101,10.21723],[79.28093,10.21683],[79.28093,10.21667],[79.28102,10.21624],[79.2812,10.21525],[79.2813,10.21397],[79.28122,10.21374],[79.28099,10.21344],[79.28059,10.21294],[79.28038,10.21278],[79.27976,10.21246],[79.27949,10.21226],[79.27886,10.21167],[79.27829,10.21108],[79.27806,10.21084],[79.27792,10.21081],[79.2775,10.2108],[79.27716,10.21059],[79.27627,10.20988],[79.27544,10.20923],[79.27406,10.20823],[79.27219,10.20703],[79.27174,10.20675],[79.27135,10.20656],[79.27116,10.20645],[79.27054,10.20581],[79.27023,10.20569],[79.2696,10.2056],[79.26945,10.20549],[79.26877,10.20457],[79.26824,10.20423],[79.26797,10.2039],[79.26782,10.20359],[79.26738,10.20266],[79.26678,10.20186],[79.26607,10.20106],[79.26586,10.20071],[79.26526,10.19933],[79.26477,10.19832],[79.26447,10.19772],[79.26434,10.19758],[79.26348,10.19696],[79.26315,10.19658],[79.26248,10.19584],[79.26224,10.19567],[79.26194,10.19547],[79.26168,10.19525],[79.26135,10.19494],[79.2606,10.19442],[79.25988,10.1939],[79.25951,10.19356],[79.25851,10.19262],[79.25762,10.19182],[79.25717,10.1914],[79.25691,10.19116],[79.25632,10.19077],[79.25566,10.19024],[79.25523,10.18985],[79.25457,10.18934],[79.25363,10.1887],[79.25304,10.18842],[79.25154,10.18781],[79.25053,10.18735],[79.25015,10.18718],[79.24998,10.18712],[79.24958,10.18706],[79.2492,10.18687],[79.24837,10.18662],[79.24793,10.1864],[79.24753,10.18631],[79.24702,10.18616],[79.24679,10.18603],[79.24537,10.18521],[79.24423,10.18457],[79.24353,10.1841],[79.24256,10.18325],[79.24227,10.18296],[79.24173,10.18213],[79.24148,10.18163],[79.24136,10.18126],[79.24108,10.1804],[79.24096,10.18016],[79.24069,10.1796],[79.2406,10.17933],[79.24063,10.17899],[79.24066,10.17868],[79.24124,10.17626],[79.24136,10.17568],[79.24144,10.17489],[79.24145,10.17456],[79.24152,10.17444],[79.24183,10.17422],[79.24187,10.174],[79.24181,10.17335],[79.24176,10.17327],[79.24166,10.17316],[79.24113,10.17294],[79.24087,10.1728],[79.24056,10.17251],[79.24016,10.17205],[79.24005,10.17193],[79.23978,10.17177],[79.23889,10.17125],[79.23833,10.17072],[79.23801,10.17029],[79.23792,10.16978],[79.23798,10.16926],[79.23812,10.16858],[79.23817,10.16809],[79.23826,10.16791],[79.23858,10.16765],[79.23869,10.16741],[79.23885,10.16645],[79.23903,10.16594],[79.23927,10.16563],[79.2397,10.16489],[79.24007,10.16461],[79.24062,10.16424],[79.24088,10.1639],[79.24096,10.16364],[79.24091,10.16272],[79.24078,10.16225],[79.24068,10.16178],[79.24053,10.15957],[79.24037,10.15847],[79.24035,10.15772],[79.24029,10.15723],[79.24014,10.15631],[79.24014,10.15576],[79.24022,10.15534],[79.24033,10.15515],[79.24067,10.15487],[79.24073,10.15471],[79.24069,10.15433],[79.24063,10.15409],[79.2404,10.15385],[79.2398,10.15363],[79.23959,10.15332],[79.2395,10.15312],[79.23944,10.15308],[79.23933,10.15306],[79.23928,10.15308],[79.23922,10.15314],[79.23915,10.15318],[79.23899,10.15318],[79.23864,10.15315],[79.23844,10.15314],[79.23829,10.15308],[79.23816,10.15298],[79.23809,10.15287],[79.23766,10.15264],[79.23657,10.15228],[79.23571,10.15219],[79.2355,10.15213],[79.23521,10.15196],[79.2344,10.15152],[79.23201,10.15057],[79.2316,10.15041],[79.23091,10.15005],[79.23062,10.14974],[79.23024,10.14944],[79.23016,10.14933],[79.2302,10.14921],[79.23035,10.14906],[79.23084,10.14855],[79.23085,10.14838],[79.23079,10.14798],[79.23049,10.1471],[79.23022,10.14679],[79.23001,10.14662],[79.2296,10.14582],[79.22909,10.14477],[79.22908,10.14457],[79.22917,10.14415],[79.22929,10.14371],[79.22945,10.14342],[79.22965,10.14339],[79.22991,10.14343],[79.23024,10.14346],[79.23032,10.14337],[79.23036,10.14317],[79.2303,10.14289],[79.23029,10.14274],[79.23039,10.14257],[79.23054,10.14247],[79.23069,10.14214],[79.23067,10.14188],[79.23057,10.14157],[79.22999,10.14104],[79.22991,10.14089],[79.22991,10.14066],[79.23,10.14048],[79.2303,10.14026],[79.23056,10.13997],[79.23064,10.13972],[79.23066,10.13937],[79.23064,10.1392],[79.23036,10.13877],[79.2301,10.13846],[79.22973,10.13823],[79.22907,10.13797],[79.2289,10.13784],[79.22879,10.13758],[79.22867,10.13708],[79.22869,10.13641],[79.2289,10.1356],[79.229,10.13511],[79.22914,10.13443],[79.22961,10.13355],[79.23155,10.13387],[79.23206,10.1336],[79.23216,10.13325],[79.23194,10.13288],[79.23108,10.13223],[79.22995,10.13141],[79.22939,10.13098],[79.22954,10.13061],[79.23066,10.13158],[79.23194,10.13248],[79.2323,10.13286],[79.23234,10.13274],[79.23185,10.13223],[79.23092,10.13159],[79.23,10.1309],[79.22976,10.13053],[79.23023,10.13066],[79.23059,10.13071],[79.23104,10.13075],[79.23171,10.13041],[79.23231,10.12983],[79.23282,10.12956],[79.23358,10.12932],[79.23438,10.12916],[79.23515,10.1291],[79.23579,10.12909],[79.23639,10.1289],[79.23675,10.1287],[79.23702,10.12847],[79.23716,10.12825],[79.23719,10.12799],[79.23709,10.12766],[79.23693,10.12748],[79.23666,10.12733],[79.23535,10.12676],[79.23446,10.12629],[79.23413,10.12606],[79.2337,10.12546],[79.23349,10.12528],[79.23295,10.12492],[79.23264,10.12474],[79.23232,10.12443],[79.23204,10.12414],[79.23195,10.12394],[79.23182,10.12349],[79.23168,10.12279],[79.23167,10.12227],[79.23166,10.1221],[79.23159,10.12181],[79.23141,10.12126],[79.23122,10.1203],[79.23112,10.11941],[79.23105,10.11899],[79.23097,10.11881],[79.23065,10.11823],[79.23058,10.11801],[79.23056,10.11772],[79.23052,10.11716],[79.23046,10.1171],[79.23024,10.11703],[79.22996,10.11678],[79.22969,10.1163],[79.22839,10.11329],[79.22784,10.11113],[79.22785,10.11015],[79.22808,10.10926],[79.22814,10.1091],[79.22887,10.10753],[79.22903,10.10721],[79.22907,10.10703],[79.22908,10.10674],[79.22916,10.10626],[79.22922,10.10569],[79.22932,10.10474],[79.22934,10.10448],[79.22928,10.10415],[79.22872,10.10301],[79.22862,10.10288],[79.22851,10.10279],[79.22799,10.10262],[79.22735,10.10213],[79.22659,10.10109],[79.22649,10.10077],[79.22644,10.10039],[79.22649,10.09989],[79.22646,10.09964],[79.22644,10.0992],[79.22647,10.09898],[79.22657,10.09875],[79.22665,10.09844],[79.22672,10.09794],[79.22685,10.09744],[79.22704,10.09679],[79.22729,10.09624],[79.22771,10.09564],[79.22776,10.09554],[79.22777,10.09542],[79.22777,10.09532],[79.22773,10.09515],[79.22775,10.095],[79.22802,10.09445],[79.22817,10.09399],[79.22829,10.0933],[79.22836,10.09302],[79.22853,10.09256],[79.22858,10.09245],[79.22868,10.09212],[79.22878,10.09148],[79.22888,10.09091],[79.22899,10.09059],[79.22914,10.09038],[79.22926,10.09026],[79.22929,10.09017],[79.22928,10.09003],[79.22925,10.08987],[79.22929,10.08968],[79.22943,10.08889],[79.2295,10.08867],[79.22966,10.08826],[79.22987,10.08784],[79.22991,10.08772],[79.22994,10.08738],[79.22995,10.08731],[79.23007,10.08713],[79.23026,10.08695],[79.23039,10.08679],[79.23068,10.08618],[79.23075,10.08606],[79.23094,10.08586],[79.23101,10.08579],[79.23133,10.08514],[79.23144,10.08494],[79.23158,10.08483],[79.23162,10.08475],[79.23168,10.08439],[79.23171,10.0843],[79.23181,10.08409],[79.23198,10.08385],[79.23218,10.0836],[79.2324,10.08315],[79.23273,10.0824],[79.2331,10.08151],[79.2334,10.08077],[79.23356,10.08011],[79.23371,10.0796],[79.23387,10.07923],[79.23436,10.07808],[79.23439,10.07801],[79.23476,10.07732],[79.23478,10.07727],[79.23494,10.07691],[79.23553,10.07603],[79.23568,10.07577],[79.23583,10.07544],[79.23663,10.07439],[79.23706,10.07403],[79.23741,10.07375],[79.23759,10.0737],[79.23797,10.07361],[79.23859,10.07386],[79.2388,10.07382],[79.23911,10.07333],[79.23951,10.07292],[79.23966,10.07285],[79.23984,10.07291],[79.24027,10.07318],[79.24078,10.0736],[79.24158,10.07383],[79.24194,10.07386],[79.24251,10.07375],[79.24395,10.07334],[79.24482,10.07269],[79.24953,10.06878],[79.2509,10.06738],[79.25266,10.06549],[79.25318,10.06445],[79.25414,10.06243],[79.25426,10.06083],[79.25364,10.05634],[79.25312,10.05373],[79.25301,10.05234],[79.25301,10.04941],[79.25462,10.04696],[79.25516,10.04633],[79.25728,10.04411],[79.25836,10.04334],[79.25966,10.0426],[79.26158,10.04119],[79.26245,10.04067],[79.26333,10.04026],[79.26463,10.03929],[79.26636,10.03844],[79.26659,10.03828],[79.26662,10.03818],[79.26659,10.03806],[79.2665,10.03798],[79.26606,10.03784],[79.26518,10.03773],[79.26428,10.03735],[79.26344,10.03695],[79.26244,10.0366],[79.26234,10.03655],[79.26063,10.03582],[79.2591,10.03521],[79.25859,10.03498],[79.25814,10.03456],[79.25746,10.03408],[79.25673,10.03371],[79.25469,10.03277],[79.25394,10.03237],[79.25274,10.03173],[79.25156,10.031],[79.25041,10.03017],[79.24956,10.02969],[79.24857,10.02917],[79.2473,10.02838],[79.24704,10.02829],[79.24437,10.02634],[79.24324,10.02553],[79.24227,10.02465],[79.24141,10.02375],[79.24072,10.0228],[79.24068,10.0227],[79.24063,10.0226],[79.24057,10.02252],[79.24044,10.02225],[79.24033,10.02207],[79.24027,10.02194],[79.24022,10.02173],[79.24012,10.02135],[79.24,10.02109],[79.24006,10.02089],[79.24005,10.0208],[79.23979,10.02045],[79.23945,10.02021],[79.23911,10.02005],[79.23893,10.01997],[79.23862,10.01985],[79.23837,10.01979],[79.23819,10.01964],[79.23808,10.01951],[79.23802,10.01948],[79.23793,10.01946],[79.2377,10.0193],[79.2376,10.01923],[79.23751,10.01918],[79.23742,10.01916],[79.23726,10.01906],[79.23718,10.01899],[79.23714,10.01894],[79.23707,10.01892],[79.23702,10.0189],[79.23693,10.01883],[79.23682,10.01871],[79.23608,10.01802],[79.23501,10.01684],[79.23458,10.01646],[79.23285,10.01465],[79.23211,10.01381],[79.23135,10.01293],[79.23105,10.01252],[79.22857,10.01005],[79.22786,10.009],[79.22734,10.00799],[79.22682,10.00734],[79.22563,10.00665],[79.22515,10.00621],[79.22379,10.00443],[79.22295,10.00391],[79.22227,10.00329],[79.22137,10.00206],[79.22055,10.00099],[79.21959,9.99971],[79.21899,9.99888],[79.21871,9.99861],[79.21849,9.99822],[79.21811,9.99767],[79.21735,9.997],[79.21675,9.99619],[79.21642,9.99558],[79.21583,9.99499],[79.21566,9.99487],[79.21553,9.99478],[79.21524,9.99465],[79.21441,9.99414],[79.21425,9.99394],[79.21341,9.99295],[79.21234,9.99189],[79.21139,9.99069],[79.20869,9.98786],[79.20789,9.98688],[79.20742,9.98642],[79.20682,9.98578],[79.20623,9.98515],[79.20444,9.98294],[79.20329,9.98167],[79.20305,9.98101],[79.20301,9.98096],[79.20238,9.98062],[79.2016,9.9797],[79.20122,9.97912],[79.20088,9.97848],[79.20069,9.97804],[79.20048,9.97709],[79.20006,9.97648],[79.19913,9.9742],[79.19904,9.97353],[79.19921,9.97295],[79.19914,9.97205],[79.19901,9.97171],[79.19893,9.97165],[79.19863,9.97168],[79.1985,9.97166],[79.19825,9.9716],[79.19796,9.97146],[79.19731,9.97119],[79.19703,9.97099],[79.19678,9.97072],[79.19652,9.97044],[79.19613,9.97021],[79.19516,9.96985],[79.19448,9.96941],[79.19361,9.96894],[79.19266,9.96822],[79.19181,9.96765],[79.1895,9.9658],[79.1876,9.96416],[79.18601,9.96257],[79.18601,9.96242],[79.18325,9.96019],[79.1825,9.95916],[79.18215,9.95855],[79.1816,9.95807],[79.1801,9.95662],[79.17984,9.95633],[79.17904,9.95547],[79.1778,9.9543],[79.17649,9.95302],[79.17584,9.95258],[79.17505,9.95191],[79.17486,9.95165],[79.17459,9.95133],[79.17422,9.95102],[79.17362,9.95052],[79.17332,9.95007],[79.17213,9.94816],[79.17169,9.94745],[79.17009,9.94553],[79.16901,9.94441],[79.16796,9.94337],[79.16717,9.94278],[79.16685,9.9426],[79.16639,9.94219],[79.16605,9.9417],[79.16551,9.94089],[79.16532,9.94066],[79.16471,9.94017],[79.16405,9.93948],[79.16266,9.93799],[79.1625,9.93783],[79.16226,9.93774],[79.16191,9.93768],[79.16112,9.93745],[79.16065,9.93718],[79.15977,9.93662],[79.15909,9.93608],[79.15726,9.93458],[79.15683,9.93416],[79.15589,9.93314],[79.15474,9.93189],[79.15428,9.9312],[79.15384,9.93035],[79.15338,9.92958],[79.15263,9.92842],[79.15222,9.9266],[79.15253,9.92508],[79.15274,9.92453],[79.15316,9.92385],[79.15321,9.92333],[79.15327,9.9219],[79.15314,9.92075],[79.15241,9.91867],[79.15116,9.9168],[79.1503,9.91591],[79.14916,9.91437],[79.14876,9.91344],[79.14782,9.91214],[79.14656,9.91091],[79.14589,9.91027],[79.14509,9.90997],[79.14437,9.90975],[79.14286,9.90852],[79.14243,9.9079],[79.14184,9.90719],[79.14159,9.9069],[79.13902,9.90382],[79.13675,9.90155],[79.1336,9.89862],[79.13142,9.89728],[79.13019,9.89639],[79.12771,9.89407],[79.12604,9.89161],[79.12587,9.89119],[79.12572,9.89094],[79.12566,9.89081],[79.12555,9.89048],[79.12554,9.89046],[79.12541,9.89008],[79.12532,9.88974],[79.1252,9.8893],[79.12515,9.88881],[79.12505,9.88782],[79.12506,9.88757],[79.12514,9.88733],[79.12514,9.88716],[79.12477,9.88589],[79.12432,9.88434],[79.12427,9.8843],[79.12358,9.88364],[79.12325,9.88298],[79.12283,9.88227],[79.12266,9.88196],[79.12234,9.88141],[79.12223,9.88122],[79.12175,9.88071],[79.12153,9.88045],[79.12142,9.88033],[79.11983,9.87798],[79.11979,9.87787],[79.11974,9.87776],[79.11971,9.87769],[79.11955,9.87732],[79.11943,9.87685],[79.11934,9.87663],[79.11925,9.87663],[79.11907,9.87643],[79.11898,9.87635],[79.11899,9.87619],[79.11912,9.87606],[79.11907,9.87591],[79.11892,9.87557],[79.11879,9.87527],[79.1187,9.8748],[79.11866,9.87415],[79.11862,9.87333],[79.11841,9.87236],[79.11833,9.87223],[79.11826,9.87216],[79.11824,9.87214],[79.11823,9.87208],[79.11847,9.87179],[79.1185,9.87075],[79.11846,9.8701],[79.1185,9.86986],[79.1187,9.86895],[79.1188,9.86879],[79.1189,9.86874],[79.119,9.86869],[79.12048,9.86848],[79.12184,9.86763],[79.12258,9.86699],[79.12334,9.86577],[79.12402,9.86394],[79.12403,9.86265],[79.12421,9.86217],[79.12402,9.86074],[79.12378,9.85959],[79.1236,9.8591],[79.12331,9.85877],[79.12236,9.85694],[79.12157,9.85541],[79.1214,9.85509],[79.12092,9.85446],[79.11858,9.85171],[79.11739,9.85071],[79.11692,9.85045],[79.11679,9.85031],[79.11628,9.84946],[79.11534,9.84848],[79.11385,9.84687],[79.11074,9.84447],[79.1093,9.84333],[79.10851,9.84237],[79.10794,9.84116],[79.10759,9.83956],[79.10751,9.83933],[79.10752,9.83923],[79.10766,9.83917],[79.10775,9.83906],[79.10783,9.83832],[79.10777,9.83811],[79.10761,9.83784],[79.10658,9.83678],[79.10581,9.8363],[79.10426,9.83567],[79.10392,9.83562],[79.10215,9.83553],[79.10178,9.83534],[79.10135,9.83503],[79.10015,9.8344],[79.09875,9.8335],[79.09858,9.8334],[79.09642,9.83209],[79.09567,9.83158],[79.0941,9.83056],[79.09367,9.83023],[79.09212,9.82885],[79.08897,9.82503],[79.08804,9.8238],[79.08729,9.82292],[79.08696,9.82245],[79.08562,9.82035],[79.08512,9.81964],[79.0844,9.81854],[79.08336,9.81672],[79.08256,9.81509],[79.08185,9.81373],[79.08068,9.81073],[79.08017,9.80943],[79.08001,9.80896],[79.07944,9.80627],[79.07911,9.80382],[79.07902,9.80255],[79.07904,9.80197],[79.07914,9.8013],[79.07911,9.80081],[79.07905,9.80056],[79.07882,9.80024],[79.07873,9.80021],[79.07831,9.80017],[79.07789,9.79994],[79.07751,9.79945],[79.07716,9.79916],[79.0761,9.79864],[79.07581,9.79846],[79.07559,9.79818],[79.07524,9.79789],[79.07506,9.79779],[79.07405,9.7972],[79.07327,9.79657],[79.07101,9.79439],[79.06978,9.79322],[79.06927,9.79265],[79.0688,9.79209],[79.06828,9.79135],[79.06698,9.78893],[79.06662,9.78832],[79.06619,9.78778],[79.06561,9.78689],[79.0653,9.78644],[79.06514,9.78624],[79.06474,9.78587],[79.06442,9.78556],[79.06367,9.7846],[79.06322,9.78406],[79.06279,9.78357],[79.06235,9.78285],[79.06159,9.78157],[79.06121,9.78082],[79.06091,9.7802],[79.06069,9.77972],[79.06043,9.77872],[79.06035,9.77813],[79.0603,9.77728],[79.06027,9.77699],[79.06019,9.77667],[79.06007,9.77651],[79.05961,9.7762],[79.05933,9.77565],[79.05893,9.77482],[79.05868,9.77457],[79.0584,9.77429],[79.0578,9.77331],[79.05766,9.77306],[79.05751,9.77295],[79.05732,9.77286],[79.05665,9.77238],[79.0563,9.77225],[79.05515,9.77192],[79.05466,9.77173],[79.05413,9.77155],[79.05373,9.7713],[79.05264,9.77073],[79.05185,9.7702],[79.05102,9.76949],[79.05063,9.76902],[79.05045,9.76886],[79.05019,9.76885],[79.04997,9.76883],[79.04898,9.7686],[79.04755,9.76838],[79.04707,9.76826],[79.04468,9.76749],[79.04395,9.76725],[79.04389,9.76723],[79.04356,9.76713],[79.04315,9.76692],[79.04177,9.76612],[79.04049,9.76533],[79.04007,9.76507],[79.03951,9.7646],[79.03834,9.76364],[79.0382,9.7635],[79.03793,9.76325],[79.03709,9.76245],[79.03679,9.76214],[79.03657,9.76191],[79.03597,9.76124],[79.03567,9.76082],[79.0348,9.75967],[79.03341,9.75745],[79.0324,9.75591],[79.03174,9.75472],[79.03131,9.75398],[79.03109,9.7538],[79.03016,9.75323],[79.0297,9.75284],[79.02886,9.75141],[79.028,9.74971],[79.02786,9.74941],[79.02767,9.74912],[79.02729,9.74872],[79.0269,9.74815],[79.02609,9.7467],[79.02587,9.7464],[79.02512,9.74574],[79.0243,9.74513],[79.0233,9.74426],[79.02258,9.7436],[79.02176,9.74268],[79.02124,9.74206],[79.02011,9.74051],[79.01908,9.73914],[79.01873,9.73843],[79.01811,9.73722],[79.01808,9.73715],[79.01793,9.73675],[79.01743,9.73533],[79.01697,9.73404],[79.01677,9.73343],[79.01656,9.73275],[79.01646,9.73194],[79.01637,9.73176],[79.01598,9.73133],[79.01522,9.73065],[79.0147,9.7301],[79.01433,9.72986],[79.01371,9.72949],[79.01327,9.72913],[79.01222,9.72807],[79.01191,9.72785],[79.0115,9.72773],[79.01103,9.72747],[79.01073,9.72721],[79.00953,9.72617],[79.00863,9.72519],[79.00786,9.72418],[79.00721,9.72339],[79.00695,9.72289],[79.00681,9.7224],[79.00661,9.72157],[79.00653,9.72125],[79.00582,9.72012],[79.00556,9.7198],[79.00516,9.71949],[79.00494,9.71919],[79.00476,9.71873],[79.00457,9.71811],[79.00442,9.71788],[79.00433,9.71771],[79.0042,9.71748],[79.00401,9.71728],[79.00358,9.71705],[79.00316,9.71681],[79.00237,9.71616],[79.00189,9.7157],[79.00116,9.71504],[79.00085,9.71478],[79.00019,9.71425],[78.99925,9.71357],[78.99778,9.71253],[78.99715,9.71199],[78.99637,9.7112],[78.99552,9.71031],[78.99494,9.70954],[78.99408,9.70849],[78.99404,9.70844],[78.99392,9.70829],[78.99322,9.70747],[78.99271,9.70675],[78.992,9.70548],[78.9915,9.70464],[78.99092,9.70371],[78.99073,9.70324],[78.99043,9.70181],[78.99041,9.70082],[78.99041,9.70072],[78.99038,9.70067],[78.99018,9.70058],[78.98992,9.70028],[78.9892,9.69925],[78.98858,9.69803],[78.98834,9.69731],[78.98816,9.69696],[78.98787,9.69662],[78.98762,9.69636],[78.98649,9.69548],[78.98532,9.69467],[78.98466,9.6941],[78.98424,9.69365],[78.98315,9.69252],[78.98238,9.69168],[78.98062,9.68912],[78.98024,9.68833],[78.97936,9.68647],[78.97882,9.68489],[78.97846,9.68413],[78.97775,9.68281],[78.9772,9.6818],[78.97706,9.68147],[78.97688,9.68082],[78.97663,9.68044],[78.97601,9.67971],[78.97546,9.67856],[78.97509,9.67739],[78.97506,9.67698],[78.97488,9.6757],[78.9747,9.67521],[78.97418,9.67352],[78.97323,9.67121],[78.97311,9.67063],[78.9728,9.66997],[78.97235,9.66946],[78.97217,9.66914],[78.97183,9.66847],[78.97162,9.66787],[78.97145,9.66703],[78.97119,9.66593],[78.97104,9.66505],[78.97083,9.66413],[78.97075,9.66335],[78.97075,9.66215],[78.97088,9.66016],[78.97101,9.65813],[78.97102,9.65761],[78.97087,9.65722],[78.97074,9.65689],[78.97056,9.65628],[78.97049,9.6556],[78.97021,9.65451],[78.97011,9.65413],[78.96985,9.65334],[78.96949,9.6525],[78.96898,9.65131],[78.96863,9.65079],[78.96777,9.64985],[78.96716,9.64911],[78.96704,9.64895],[78.96694,9.64879],[78.96632,9.64773],[78.96613,9.64726],[78.96577,9.64619],[78.96563,9.64576],[78.96552,9.64564],[78.96534,9.64548],[78.96513,9.64528],[78.96494,9.6451],[78.96476,9.64492],[78.96462,9.64434],[78.96462,9.6439],[78.96439,9.6429],[78.96421,9.64251],[78.96388,9.64177],[78.96336,9.64053],[78.96285,9.64005],[78.96283,9.64003],[78.96234,9.63929],[78.962,9.63862],[78.96157,9.63776],[78.96119,9.63693],[78.96086,9.63571],[78.96085,9.63487],[78.96055,9.63368],[78.96018,9.63317],[78.96,9.63267],[78.96005,9.63248],[78.96009,9.63231],[78.96,9.63209],[78.95968,9.63181],[78.95957,9.63165],[78.95963,9.63142],[78.95938,9.63049],[78.95905,9.62982],[78.95874,9.62961],[78.95863,9.62951],[78.95849,9.62911],[78.95824,9.62897],[78.95775,9.62878],[78.95726,9.62858],[78.95697,9.62831],[78.95681,9.62789],[78.95659,9.62722],[78.9561,9.62606],[78.95579,9.62562],[78.95523,9.6251],[78.95468,9.62481],[78.95426,9.62457],[78.95389,9.62436],[78.95335,9.62392],[78.95171,9.6227],[78.95051,9.6221],[78.95005,9.62176],[78.94942,9.62154],[78.94899,9.62116],[78.94806,9.6208],[78.94734,9.62046],[78.94676,9.62014],[78.94623,9.61962],[78.94452,9.61827],[78.94411,9.61801],[78.94326,9.61709],[78.94208,9.6157],[78.9414,9.61488],[78.94112,9.61466],[78.94094,9.61442],[78.94049,9.6137],[78.93931,9.61221],[78.93837,9.61111],[78.9374,9.61043],[78.93663,9.61008],[78.93593,9.60977],[78.93529,9.6091],[78.93483,9.60845],[78.93452,9.60771],[78.93416,9.60729],[78.93405,9.60676],[78.93404,9.60667],[78.934,9.60615],[78.93398,9.60599],[78.93398,9.60504],[78.93419,9.60407],[78.93411,9.60343],[78.93367,9.60162],[78.93356,9.60141],[78.93336,9.60122],[78.93302,9.60095],[78.93282,9.60068],[78.93202,9.59955],[78.9317,9.59847],[78.93132,9.59771],[78.93093,9.59669],[78.93075,9.59639],[78.92993,9.59586],[78.92958,9.59553],[78.92934,9.59513],[78.92912,9.59405],[78.92905,9.59312],[78.92907,9.59151],[78.92917,9.59043],[78.92914,9.59027],[78.92905,9.59004],[78.92879,9.58972],[78.92868,9.58947],[78.9283,9.58872],[78.92745,9.58749],[78.92727,9.58712],[78.92715,9.58673],[78.92696,9.58578],[78.92688,9.58455],[78.92685,9.58392],[78.92705,9.58346],[78.92729,9.58319],[78.92737,9.58292],[78.92737,9.58263],[78.92724,9.58103],[78.92713,9.58005],[78.92707,9.57972],[78.92691,9.57949],[78.92627,9.57944],[78.92607,9.57931],[78.92608,9.57905],[78.92637,9.5785],[78.92636,9.57818],[78.92627,9.57786],[78.92609,9.57715],[78.92549,9.57611],[78.92468,9.57509],[78.92442,9.57465],[78.92435,9.57438],[78.92397,9.57213],[78.92386,9.57059],[78.92376,9.56949],[78.92377,9.56873],[78.9236,9.56798],[78.92354,9.56719],[78.92335,9.5669],[78.92307,9.56648],[78.92252,9.56547],[78.92222,9.56482],[78.92214,9.56441],[78.92195,9.56375],[78.92187,9.56319],[78.92196,9.56258],[78.92205,9.56241],[78.92227,9.56228],[78.92229,9.5618],[78.92218,9.56156],[78.92194,9.56034],[78.92196,9.55992],[78.92203,9.5591],[78.92199,9.55851],[78.92191,9.55805],[78.92194,9.55761],[78.92181,9.55697],[78.9215,9.55622],[78.92143,9.55612],[78.92112,9.55606],[78.92103,9.5559],[78.92103,9.55562],[78.92106,9.55478],[78.92107,9.55426],[78.92092,9.55378],[78.92087,9.55341],[78.92065,9.55299],[78.92041,9.55255],[78.92014,9.55087],[78.91962,9.54813],[78.91932,9.54621],[78.91868,9.54318],[78.91851,9.54209],[78.91848,9.5414],[78.9185,9.54034],[78.91847,9.53791],[78.91851,9.53705],[78.91864,9.53648],[78.91894,9.53559],[78.91914,9.53516],[78.9193,9.53479],[78.91944,9.53451],[78.91983,9.53412],[78.92088,9.5332],[78.92176,9.53208],[78.92189,9.53162],[78.92183,9.53123],[78.92179,9.53099],[78.92184,9.53081],[78.92191,9.53063],[78.92238,9.53041],[78.92242,9.52979],[78.92229,9.5291],[78.9222,9.52838],[78.92214,9.52806],[78.922,9.52735],[78.92167,9.52605],[78.92124,9.52474],[78.92028,9.52264],[78.92014,9.52242],[78.91986,9.52223],[78.91948,9.52171],[78.91918,9.52115],[78.91905,9.52071],[78.91841,9.51955],[78.91832,9.51926],[78.91814,9.51846],[78.9178,9.51818],[78.91768,9.51783],[78.91757,9.51718],[78.91751,9.51707],[78.91719,9.51666],[78.91704,9.51642],[78.91699,9.51607],[78.91681,9.51553],[78.91651,9.51483],[78.91643,9.51448],[78.91633,9.51392],[78.91624,9.51363],[78.91564,9.51236],[78.91555,9.51203],[78.91552,9.51162],[78.91548,9.51101],[78.91556,9.51058],[78.91567,9.51032],[78.91566,9.5102],[78.91546,9.50993],[78.91533,9.50947],[78.91513,9.50929],[78.91502,9.50911],[78.91505,9.50893],[78.91514,9.50861],[78.91523,9.50819],[78.91524,9.50752],[78.91519,9.50722],[78.91493,9.50683],[78.91484,9.5066],[78.91431,9.50617],[78.91421,9.50597],[78.91425,9.50569],[78.91442,9.50549],[78.9148,9.50504],[78.91507,9.50485],[78.91545,9.50473],[78.91548,9.50463],[78.91543,9.50452],[78.91518,9.50429],[78.91461,9.50379],[78.91447,9.50363],[78.91445,9.50349],[78.9147,9.50331],[78.91474,9.50317],[78.91473,9.50271],[78.91449,9.50193],[78.91437,9.50168],[78.91437,9.50153],[78.91441,9.50125],[78.91478,9.49946],[78.91479,9.49843],[78.91473,9.49767],[78.91474,9.49723],[78.91476,9.4962],[78.91468,9.49529],[78.91468,9.49528],[78.91461,9.4949],[78.91447,9.49404],[78.91422,9.49361],[78.91405,9.49325],[78.91389,9.49289],[78.91338,9.49238],[78.91204,9.49183],[78.91117,9.49149],[78.91027,9.49127],[78.90923,9.4913],[78.90828,9.49146],[78.90666,9.49205],[78.9055,9.49259],[78.90506,9.49265],[78.90483,9.49282],[78.90477,9.49301],[78.90491,9.49323],[78.90436,9.49361],[78.9037,9.49344],[78.90236,9.49292],[78.90148,9.49257],[78.90036,9.49174],[78.90016,9.49149],[78.89995,9.49118],[78.89961,9.49086],[78.89917,9.49055],[78.89911,9.4905],[78.89883,9.49037],[78.89875,9.49027],[78.89869,9.4902],[78.89853,9.48985],[78.89818,9.48886],[78.89796,9.48751],[78.89782,9.4863],[78.89781,9.48492],[78.89788,9.48364],[78.89792,9.48294],[78.89797,9.48235],[78.89806,9.48235],[78.89814,9.48109],[78.89814,9.48089],[78.89804,9.48088],[78.89804,9.48048],[78.8981,9.47984],[78.89817,9.47943],[78.89826,9.47866],[78.89843,9.47787],[78.89852,9.47774],[78.89874,9.47634],[78.89892,9.47538],[78.89946,9.47285],[78.8997,9.4717],[78.89986,9.47114],[78.90026,9.46995],[78.90068,9.46865],[78.90082,9.46833],[78.90142,9.46702],[78.9019,9.46604],[78.9027,9.46437],[78.9041,9.46176],[78.90526,9.45952],[78.90791,9.45417],[78.90898,9.45235],[78.91098,9.44907],[78.91284,9.44617],[78.91319,9.44553],[78.91367,9.44455],[78.9142,9.44342],[78.91433,9.44321],[78.91545,9.44127],[78.91944,9.43429],[78.92012,9.43312],[78.92122,9.43144],[78.92313,9.42851],[78.9233,9.42825],[78.92471,9.42611],[78.92633,9.42372],[78.92693,9.42284],[78.92889,9.42009],[78.93059,9.41778],[78.93161,9.41648],[78.93344,9.4142],[78.93434,9.41306],[78.93546,9.41164],[78.93655,9.41026],[78.93802,9.40846],[78.93906,9.40721],[78.94159,9.4044],[78.9433,9.40247],[78.94655,9.3987],[78.94707,9.39808],[78.95061,9.39421],[78.95354,9.39101],[78.95689,9.38729],[78.95729,9.38693],[78.95989,9.38424],[78.96138,9.38265],[78.96773,9.37604],[78.96851,9.37521],[78.97836,9.36478],[78.98192,9.36115],[78.98449,9.35858],[78.98861,9.3547],[78.99143,9.35216],[78.99397,9.3502],[78.99748,9.34804],[78.99805,9.34752],[78.99858,9.34695],[78.99912,9.34646],[79.00008,9.34567],[79.00049,9.34536],[79.00064,9.34518],[79.00104,9.34473],[79.00125,9.34451],[79.00145,9.34443],[79.00161,9.34446],[79.00181,9.34451],[79.00196,9.34446],[79.00213,9.34436],[79.00508,9.34164],[79.00613,9.34064],[79.00813,9.33887],[79.01075,9.33668],[79.01186,9.33571],[79.01652,9.33189],[79.01711,9.33151],[79.01879,9.33012],[79.02133,9.32813],[79.02526,9.32512],[79.02611,9.32447],[79.02746,9.32346],[79.02971,9.32183],[79.03168,9.32041],[79.03283,9.31958],[79.03486,9.31813],[79.03653,9.31692],[79.03845,9.31564],[79.04192,9.31334],[79.04368,9.31232],[79.04402,9.31212],[79.04461,9.31166],[79.04538,9.3112],[79.04908,9.30879],[79.05254,9.30673],[79.0543,9.30573],[79.05463,9.30555],[79.05513,9.30522],[79.05579,9.30489],[79.05899,9.30316],[79.06142,9.30201],[79.06329,9.30096],[79.06379,9.30073],[79.06569,9.29998],[79.06685,9.29958],[79.06801,9.29917],[79.06874,9.29901],[79.06993,9.29881],[79.0717,9.29849],[79.07407,9.29801],[79.07651,9.29732],[79.07713,9.29708],[79.07811,9.29679],[79.07844,9.29671],[79.07943,9.2965],[79.08192,9.29576],[79.08252,9.29557],[79.08285,9.29557],[79.08311,9.29558],[79.08329,9.29555],[79.08436,9.29511],[79.08478,9.29494],[79.08532,9.29483],[79.0858,9.29476],[79.08727,9.29419],[79.08776,9.29398],[79.08928,9.29359],[79.08992,9.29333],[79.09121,9.29303],[79.09207,9.2929],[79.09259,9.29278],[79.09505,9.29191],[79.09648,9.29143],[79.09837,9.29082],[79.0987,9.29066],[79.09975,9.29018],[79.10052,9.29003],[79.10249,9.28958],[79.10421,9.28923],[79.10464,9.28906],[79.10504,9.28895],[79.10666,9.28859],[79.1083,9.28823],[79.10968,9.28793],[79.11022,9.28786],[79.11132,9.28775],[79.11218,9.28771],[79.1129,9.28765],[79.11325,9.28761],[79.11375,9.28773],[79.1143,9.28778],[79.11528,9.28779],[79.11565,9.28788],[79.11589,9.28802],[79.11627,9.28805],[79.1165,9.28808],[79.11697,9.28825],[79.11807,9.28873],[79.11877,9.28882],[79.11935,9.28898],[79.11991,9.28905],[79.12075,9.28902],[79.1227,9.28898],[79.12339,9.28869],[79.12453,9.28801],[79.12585,9.2875],[79.1267,9.2872],[79.12725,9.2869],[79.13005,9.28683],[79.13025,9.28685],[79.13056,9.28683],[79.13099,9.28676],[79.1313,9.28671],[79.13218,9.28688],[79.13243,9.28698],[79.13254,9.28707],[79.13267,9.28736],[79.1328,9.28743],[79.13306,9.28752],[79.1334,9.28764],[79.13374,9.28785],[79.13388,9.288],[79.1343,9.28822],[79.13446,9.28844],[79.13452,9.28846],[79.1347,9.28844],[79.13495,9.28848],[79.13536,9.28877],[79.13559,9.28914],[79.13589,9.28943],[79.13606,9.2896],[79.13654,9.28982],[79.13677,9.28998],[79.13714,9.2905],[79.13719,9.29061],[79.13762,9.29078],[79.13784,9.29094],[79.13813,9.29113],[79.13892,9.29144],[79.13928,9.29166],[79.13969,9.29201],[79.13985,9.29207],[79.14019,9.29206],[79.14099,9.29193],[79.14164,9.2918],[79.14243,9.29156],[79.14286,9.29146],[79.14358,9.29144],[79.14397,9.29142],[79.14473,9.2913],[79.14537,9.29102],[79.14681,9.29027],[79.1484,9.2896],[79.15126,9.2884],[79.15233,9.2878],[79.15465,9.28663],[79.15685,9.28537],[79.15708,9.28528],[79.15728,9.28527],[79.15741,9.28533],[79.15755,9.28534],[79.15848,9.28489],[79.15851,9.28488],[79.15852,9.28488],[79.15892,9.28475],[79.1596,9.28455],[79.15986,9.28451],[79.15999,9.28451],[79.16053,9.2844],[79.16108,9.28432],[79.16147,9.28429],[79.16202,9.28429],[79.16272,9.2842],[79.16352,9.28417],[79.16684,9.28429],[79.16703,9.28427],[79.16855,9.28415],[79.16948,9.28408],[79.17006,9.28414],[79.17111,9.28433],[79.17191,9.28443],[79.17268,9.28442],[79.17354,9.2843],[79.1742,9.28435],[79.17529,9.28459],[79.17585,9.2846],[79.17633,9.28453],[79.17817,9.28408],[79.17942,9.28382],[79.18022,9.28353],[79.18104,9.28322],[79.18202,9.2828],[79.18229,9.28277],[79.1828,9.28279],[79.18348,9.28283],[79.18418,9.28277],[79.18481,9.28277],[79.18637,9.28291],[79.18856,9.28293],[79.19077,9.28298],[79.19082,9.28301],[79.19092,9.28296],[79.19095,9.28286],[79.19086,9.28278],[79.19083,9.28259],[79.19082,9.28242],[79.19079,9.28228],[79.19071,9.28218],[79.19061,9.28217],[79.19048,9.28214],[79.19021,9.28211],[79.19001,9.28206],[79.1897,9.28186],[79.18955,9.28177],[79.18938,9.28171],[79.1891,9.28167],[79.18895,9.28167],[79.18861,9.28174],[79.18846,9.28176],[79.18824,9.28177],[79.18791,9.28171],[79.18748,9.28168],[79.18721,9.28167],[79.18688,9.2818],[79.18673,9.28181],[79.18654,9.28169],[79.1864,9.28153],[79.18624,9.28152],[79.18588,9.2815],[79.18541,9.28147],[79.18487,9.2816],[79.18455,9.28158],[79.18438,9.28158],[79.18407,9.28164],[79.18358,9.28173],[79.18327,9.28183],[79.18316,9.28184],[79.18302,9.28181],[79.18296,9.28177],[79.1829,9.28164],[79.18261,9.28155],[79.1822,9.28157],[79.1821,9.28148],[79.18206,9.28139],[79.182,9.28131],[79.18189,9.28129],[79.18162,9.28137],[79.18134,9.28146],[79.18114,9.28149],[79.18095,9.28147],[79.18066,9.28145],[79.18031,9.28149],[79.17999,9.28142],[79.17964,9.28141],[79.17942,9.28115],[79.17937,9.28102],[79.17934,9.28096],[79.179,9.28085],[79.17867,9.2809],[79.17839,9.28099],[79.17815,9.2811],[79.17798,9.28113],[79.17777,9.28109],[79.17766,9.2809],[79.1776,9.28087],[79.17747,9.28085],[79.17741,9.28092],[79.17701,9.28088],[79.17686,9.28076],[79.17674,9.28055],[79.17652,9.28045],[79.17618,9.28036],[79.17547,9.28026],[79.17454,9.2802],[79.17433,9.28014],[79.17411,9.28003],[79.17372,9.27999],[79.17339,9.28003],[79.17298,9.28007],[79.17254,9.28003],[79.17203,9.27997],[79.17184,9.27985],[79.17172,9.27976],[79.1714,9.27972],[79.1712,9.27983],[79.1709,9.27987],[79.16988,9.2798],[79.16955,9.2797],[79.16926,9.27966],[79.16904,9.2797],[79.16859,9.27967],[79.16835,9.27956],[79.16819,9.2794],[79.16798,9.27933],[79.16613,9.27915],[79.16429,9.27889],[79.16349,9.27883],[79.16319,9.27873],[79.16279,9.27864],[79.16243,9.27867],[79.16223,9.27865],[79.16191,9.27853],[79.16177,9.27852],[79.16144,9.27856],[79.16092,9.27842],[79.16027,9.27829],[79.15892,9.27814],[79.15866,9.27813],[79.15852,9.27809],[79.158,9.27795],[79.15722,9.27777],[79.15708,9.27777],[79.15709,9.27773],[79.15706,9.27772],[79.157,9.27776],[79.1568,9.27774],[79.15669,9.2776],[79.155,9.27738],[79.15497,9.2774],[79.15492,9.2774],[79.1549,9.27755],[79.15479,9.27754],[79.15478,9.27758],[79.15464,9.27756],[79.15462,9.27756],[79.15465,9.27735],[79.1546,9.27735],[79.15454,9.27734],[79.15453,9.27718],[79.15439,9.27699],[79.15478,9.27649],[79.15501,9.27611],[79.15505,9.27606],[79.1551,9.27603],[79.15515,9.27603],[79.1563,9.27613],[79.15633,9.27613],[79.15634,9.27614],[79.15636,9.27614],[79.15637,9.27613],[79.15638,9.27612],[79.15639,9.27611],[79.15639,9.2761],[79.15639,9.27608],[79.15639,9.27607],[79.15638,9.27606],[79.15637,9.27606],[79.15636,9.27605],[79.15635,9.27605],[79.15633,9.27605],[79.15631,9.27605],[79.15514,9.27595],[79.15507,9.27596],[79.15501,9.276],[79.15494,9.27606],[79.15471,9.27644],[79.1544,9.27679],[79.15423,9.27684],[79.15383,9.27689],[79.15288,9.2769],[79.15128,9.27683],[79.15127,9.27683],[79.15121,9.27683],[79.15041,9.2768],[79.14871,9.2767],[79.14758,9.27656],[79.14654,9.27626],[79.14551,9.27582],[79.14483,9.2755],[79.14415,9.27515],[79.1432,9.27453],[79.14281,9.27426],[79.14266,9.2741],[79.14254,9.27377],[79.14231,9.27316],[79.14222,9.2731],[79.14134,9.27291],[79.14098,9.27292],[79.14075,9.27288],[79.14043,9.27273],[79.1403,9.27265],[79.13767,9.27245],[79.1373,9.27235],[79.13719,9.27231],[79.13713,9.2723],[79.13694,9.27226],[79.13674,9.27228],[79.13526,9.27222],[79.1335,9.27212],[79.1333,9.2721],[79.13311,9.27204],[79.13293,9.27197],[79.13279,9.27189],[79.13258,9.27176],[79.13235,9.27167],[79.13223,9.27168],[79.13218,9.27168],[79.1321,9.27169],[79.13191,9.27172],[79.13151,9.27174],[79.12921,9.27166],[79.12885,9.27158],[79.12866,9.27146],[79.12843,9.2713],[79.12822,9.27121],[79.1263,9.27065],[79.1261,9.2706],[79.12583,9.27044],[79.12512,9.27027],[79.12367,9.27004],[79.12303,9.2699],[79.12287,9.26984],[79.12274,9.26973],[79.12268,9.2697],[79.12259,9.26969],[79.12238,9.26974],[79.1221,9.26974],[79.12127,9.26961],[79.11967,9.2693],[79.11912,9.26918],[79.11844,9.2689],[79.11718,9.26811],[79.11659,9.26779],[79.11537,9.2672],[79.11391,9.26637],[79.11344,9.26617],[79.11263,9.26588],[79.11238,9.2658],[79.11128,9.26566],[79.10882,9.26509],[79.10748,9.26479],[79.10588,9.2644],[79.10534,9.2642],[79.10428,9.26384],[79.10372,9.26365],[79.10164,9.26295],[79.09996,9.26235],[79.09859,9.26184],[79.09795,9.26165],[79.09729,9.26142],[79.09605,9.261],[79.09473,9.26065],[79.09379,9.26048],[79.09284,9.26034],[79.09206,9.26035],[79.09154,9.26031],[79.08967,9.26036],[79.08808,9.26051],[79.08619,9.26069],[79.08492,9.26069],[79.08395,9.26055],[79.08334,9.26041],[79.0826,9.26032],[79.08184,9.26029],[79.08107,9.26034],[79.08042,9.2604],[79.07995,9.26031],[79.07908,9.26022],[79.07795,9.26016],[79.0772,9.26028],[79.07608,9.26038],[79.07547,9.26045],[79.07465,9.26057],[79.07401,9.26071],[79.07378,9.26068],[79.07368,9.26065],[79.07357,9.26046],[79.07346,9.26043],[79.07313,9.26045],[79.07297,9.26041],[79.0727,9.26035],[79.07253,9.26039],[79.07215,9.26062],[79.07151,9.26093],[79.07108,9.2611],[79.07041,9.26112],[79.0699,9.26125],[79.06942,9.26132],[79.06893,9.26151],[79.06845,9.2615],[79.06798,9.26134],[79.06775,9.26105],[79.06765,9.26091],[79.06752,9.2609],[79.06713,9.26102],[79.06682,9.261],[79.06507,9.26126],[79.06461,9.26136],[79.06432,9.26134],[79.06418,9.26121],[79.06416,9.26106],[79.06414,9.26099],[79.06408,9.26096],[79.064,9.26098],[79.06395,9.26104],[79.06317,9.26183],[79.06266,9.26233],[79.06233,9.26249],[79.06209,9.26253],[79.06161,9.26265],[79.06114,9.26285],[79.06074,9.26304],[79.06042,9.26304],[79.06021,9.26298],[79.05999,9.26291],[79.05976,9.26287],[79.05959,9.26296],[79.05938,9.26298],[79.05929,9.26295],[79.05918,9.26288],[79.05843,9.26293],[79.05752,9.26305],[79.0571,9.26309],[79.05683,9.26308],[79.05664,9.26298],[79.0564,9.26297],[79.05613,9.26302],[79.05583,9.26298],[79.0555,9.26289],[79.05464,9.26294],[79.05247,9.2633],[79.05017,9.26378],[79.04983,9.26386],[79.04938,9.26413],[79.04873,9.26451],[79.04829,9.26474],[79.0477,9.26499],[79.04731,9.26508],[79.04646,9.26512],[79.04599,9.26504],[79.04575,9.2649],[79.04555,9.26491],[79.04517,9.26508],[79.04481,9.26517],[79.04447,9.26521],[79.04364,9.2652],[79.04259,9.26544],[79.04223,9.26556],[79.04182,9.26561],[79.04108,9.26572],[79.04034,9.26583],[79.04026,9.26584],[79.03856,9.26615],[79.03533,9.26678],[79.03416,9.26698],[79.03178,9.26739],[79.02962,9.26775],[79.02634,9.26837],[79.02579,9.2686],[79.02553,9.26865],[79.02518,9.26865],[79.02466,9.26877],[79.02426,9.2689],[79.02384,9.26897],[79.02325,9.26888],[79.02235,9.26905],[79.01896,9.2697],[79.01524,9.27014],[79.011,9.27085],[79.01046,9.27087],[79.00944,9.27087],[79.00894,9.27093],[79.00673,9.27138],[79.00525,9.27154],[79.00228,9.27176],[78.99826,9.27221],[78.99689,9.27239],[78.99451,9.27265],[78.99268,9.27281],[78.9916,9.27293],[78.99009,9.27306],[78.98736,9.27329],[78.98691,9.27335],[78.98344,9.27359],[78.98238,9.27368],[78.982,9.2737],[78.98158,9.27361],[78.98088,9.27358],[78.98022,9.27358],[78.97975,9.27357],[78.97859,9.27344],[78.97831,9.27343],[78.97719,9.27356],[78.97678,9.27361],[78.97623,9.27353],[78.97552,9.27326],[78.97528,9.27324],[78.97327,9.27336],[78.97173,9.2734],[78.9711,9.27334],[78.97048,9.27321],[78.97011,9.27307],[78.96917,9.27298],[78.9678,9.27294],[78.96609,9.27302],[78.9648,9.27301],[78.96393,9.27299],[78.96376,9.27294],[78.96344,9.27268],[78.96321,9.2726],[78.96269,9.2725],[78.96228,9.27242],[78.96187,9.27245],[78.96084,9.27247],[78.95989,9.27248],[78.95773,9.27244],[78.95704,9.27242],[78.95603,9.27234],[78.9551,9.27226],[78.95458,9.27216],[78.95305,9.27187],[78.95231,9.2717],[78.95125,9.27151],[78.94955,9.27128],[78.94815,9.27112],[78.94688,9.27102],[78.94543,9.27071],[78.94207,9.26991],[78.94093,9.26959],[78.94046,9.26942],[78.93987,9.26922],[78.93817,9.2689],[78.93484,9.26838],[78.93375,9.26817],[78.93245,9.26782],[78.92964,9.26705],[78.92829,9.26672],[78.92689,9.26638],[78.92628,9.26617],[78.92556,9.26591],[78.92426,9.26529],[78.92361,9.2649],[78.92256,9.26414],[78.92143,9.26319],[78.9208,9.26261],[78.92008,9.26202],[78.91932,9.26132],[78.91865,9.26059],[78.91809,9.26005],[78.91757,9.25942],[78.91733,9.25913],[78.91719,9.25896],[78.91677,9.2585],[78.9164,9.25815],[78.91587,9.25766],[78.91551,9.2573],[78.91517,9.25688],[78.91495,9.25647],[78.91452,9.25554],[78.91404,9.25468],[78.91358,9.25404],[78.91285,9.25328],[78.91226,9.25273],[78.91158,9.25226],[78.91012,9.25127],[78.90942,9.25091],[78.90852,9.2506],[78.90792,9.25046],[78.90739,9.25032],[78.90676,9.25009],[78.90631,9.24993],[78.90595,9.24987],[78.90548,9.24991],[78.90491,9.25003],[78.9043,9.25019],[78.90241,9.25072],[78.9013,9.25105],[78.90043,9.25132],[78.89989,9.25147],[78.89936,9.2516],[78.89791,9.25205],[78.8955,9.25273],[78.8937,9.2533],[78.89268,9.25357],[78.89103,9.254],[78.89025,9.25423],[78.88946,9.25438],[78.88869,9.25451],[78.88761,9.25477],[78.88659,9.25495],[78.88464,9.25538],[78.88239,9.25578],[78.88207,9.25584],[78.88168,9.25588],[78.88112,9.25602],[78.88069,9.25613],[78.87941,9.25633],[78.87831,9.25644],[78.87713,9.25655],[78.8761,9.25656],[78.87513,9.25656],[78.87466,9.25653],[78.87426,9.25645],[78.87355,9.25634],[78.87261,9.25616],[78.87206,9.25603],[78.87177,9.2559],[78.8713,9.25555],[78.87101,9.25522],[78.87073,9.25492],[78.8704,9.25469],[78.87002,9.25434],[78.86971,9.25408],[78.86956,9.25399],[78.86922,9.25398],[78.86856,9.25403],[78.8666,9.25407],[78.86544,9.25408],[78.8644,9.25406],[78.86274,9.25404],[78.86167,9.25392],[78.86085,9.25376],[78.86057,9.25365],[78.8602,9.25351],[78.85934,9.25319],[78.85896,9.253],[78.85874,9.25283],[78.85857,9.25261],[78.85824,9.25236],[78.85789,9.2522],[78.8575,9.25202],[78.85721,9.25184],[78.85693,9.25156],[78.85683,9.25135],[78.85684,9.25121],[78.85682,9.25091],[78.85672,9.25065],[78.85635,9.25035],[78.85573,9.25013],[78.85542,9.25006],[78.85509,9.25004],[78.85482,9.24996],[78.85465,9.24988],[78.85442,9.24979],[78.85414,9.24958],[78.85396,9.24939],[78.85355,9.24901],[78.8532,9.2488],[78.85288,9.24869],[78.85263,9.24868],[78.85213,9.24872],[78.85156,9.24876],[78.85123,9.2487],[78.85049,9.24863],[78.84941,9.24858],[78.84891,9.24859],[78.84788,9.2486],[78.84739,9.24861],[78.8468,9.24856],[78.84544,9.24847],[78.84423,9.24837],[78.84416,9.24836],[78.84374,9.2483],[78.84342,9.24824],[78.84302,9.24816],[78.84275,9.24812],[78.84243,9.24805],[78.84188,9.24791],[78.84058,9.24746],[78.84012,9.24722],[78.83988,9.24708],[78.83933,9.24677],[78.83902,9.24661],[78.83868,9.24648],[78.83836,9.24631],[78.83812,9.24616],[78.83767,9.246],[78.83709,9.24582],[78.83615,9.24554],[78.83555,9.2454],[78.83458,9.24501],[78.83322,9.24424],[78.83304,9.24414],[78.83246,9.24386],[78.83193,9.24363],[78.83142,9.24343],[78.83068,9.24319],[78.82994,9.24293],[78.82914,9.24278],[78.82848,9.24264],[78.82783,9.24248],[78.82731,9.24231],[78.82684,9.24214],[78.82616,9.24183],[78.82557,9.24161],[78.82525,9.24154],[78.82471,9.24142],[78.8243,9.24132],[78.82386,9.24118],[78.82344,9.24096],[78.82274,9.24054],[78.82251,9.24031],[78.82244,9.24018],[78.82244,9.24004],[78.82246,9.23991],[78.82234,9.23968],[78.82213,9.23956],[78.82137,9.23941],[78.82097,9.23931],[78.82076,9.23922],[78.82065,9.23909],[78.8204,9.23899],[78.81998,9.23889],[78.81971,9.23886],[78.8194,9.23874],[78.81907,9.23862],[78.81865,9.23847],[78.8183,9.2383],[78.81811,9.23817],[78.81803,9.23803],[78.81795,9.23785],[78.81775,9.23772],[78.81756,9.23765],[78.81709,9.23755],[78.81599,9.23731],[78.81545,9.23723],[78.8151,9.23717],[78.81457,9.23714],[78.81196,9.23717],[78.80986,9.23714],[78.8093,9.23711],[78.80888,9.23701],[78.80836,9.23682],[78.80794,9.23671],[78.80754,9.23672],[78.80653,9.2367],[78.8058,9.23667],[78.80518,9.23652],[78.8048,9.2364],[78.80445,9.23625],[78.80423,9.23608],[78.80412,9.23598],[78.80395,9.23601],[78.80362,9.23584],[78.80304,9.23554],[78.80288,9.23535],[78.80274,9.23517],[78.80268,9.23498],[78.80176,9.23459],[78.80127,9.23446],[78.80047,9.23421],[78.79991,9.23394],[78.79943,9.2337],[78.79905,9.2335],[78.79882,9.23326],[78.79846,9.23303],[78.79818,9.23283],[78.79807,9.23271],[78.79763,9.23228],[78.7973,9.23206],[78.79596,9.23128],[78.79544,9.23096],[78.79511,9.23067],[78.79482,9.23037],[78.79466,9.23013],[78.79432,9.22954],[78.79419,9.22935],[78.79398,9.22922],[78.79357,9.22918],[78.79302,9.22921],[78.79259,9.22928],[78.79186,9.22943],[78.79108,9.22954],[78.79065,9.22953],[78.79043,9.22952],[78.7903,9.22946],[78.79024,9.22935],[78.78969,9.22935],[78.78881,9.22925],[78.78844,9.22917],[78.78765,9.22879],[78.7875,9.22872],[78.78743,9.22862],[78.787,9.22844],[78.78696,9.2284],[78.78697,9.22833],[78.78697,9.22827],[78.78696,9.22825],[78.78688,9.22819],[78.78686,9.22818],[78.78683,9.22816],[78.78679,9.22813],[78.78678,9.2281],[78.78676,9.22809],[78.7867,9.22811],[78.78661,9.22811],[78.78655,9.22809],[78.7861,9.22772],[78.78615,9.22763],[78.786,9.22752],[78.78589,9.22744],[78.78587,9.22743],[78.78585,9.22741],[78.78559,9.22723],[78.78531,9.227],[78.78524,9.22681],[78.78505,9.22669],[78.7848,9.22657],[78.78453,9.22648],[78.7842,9.22638],[78.78402,9.22633],[78.7838,9.22625],[78.78352,9.22618],[78.78324,9.22618],[78.78222,9.22615],[78.78192,9.22614],[78.78149,9.22618],[78.78102,9.22617],[78.78004,9.22604],[78.7799,9.22602],[78.77927,9.22585],[78.77872,9.22564],[78.77783,9.22525],[78.77677,9.2248],[78.77573,9.22422],[78.77496,9.22373],[78.77454,9.22344],[78.77427,9.22319],[78.774,9.22291],[78.77335,9.22254],[78.77291,9.22236],[78.77231,9.22208],[78.77194,9.22199],[78.77158,9.22187],[78.77103,9.22178],[78.77018,9.22167],[78.76941,9.22158],[78.76909,9.22149],[78.76886,9.22138],[78.76853,9.22134],[78.7678,9.22135],[78.76696,9.22133],[78.76634,9.22126],[78.7658,9.22116],[78.76547,9.22105],[78.7647,9.2207],[78.76424,9.22039],[78.76366,9.22004],[78.7629,9.21957],[78.76237,9.21924],[78.76216,9.21914],[78.76184,9.21912],[78.76146,9.2191],[78.76121,9.21902],[78.76084,9.21882],[78.76064,9.21866],[78.7605,9.21855],[78.76016,9.21835],[78.75989,9.21821],[78.7596,9.21812],[78.75928,9.21796],[78.7591,9.21791],[78.75886,9.21777],[78.75852,9.21771],[78.75815,9.21761],[78.75791,9.21752],[78.75771,9.21741],[78.75754,9.21726],[78.75733,9.21692],[78.75719,9.21667],[78.7569,9.21638],[78.75649,9.21605],[78.75634,9.21594],[78.75609,9.21588],[78.75582,9.21587],[78.75554,9.2158],[78.75522,9.21568],[78.75483,9.21559],[78.75394,9.2155],[78.75364,9.21543],[78.7533,9.21534],[78.75273,9.21528],[78.75194,9.21521],[78.75141,9.21512],[78.75108,9.21507],[78.75095,9.21505],[78.75047,9.21497],[78.75002,9.21488],[78.7492,9.21482],[78.74864,9.21472],[78.7483,9.21462],[78.748,9.21452],[78.74765,9.21434],[78.74738,9.21427],[78.74679,9.2143],[78.74624,9.21428],[78.74562,9.21418],[78.74503,9.21407],[78.74451,9.21384],[78.74389,9.21348],[78.74329,9.21313],[78.74281,9.21291],[78.74235,9.21271],[78.742,9.21254],[78.74164,9.21231],[78.7413,9.21214],[78.74103,9.21207],[78.74084,9.21202],[78.74053,9.21207],[78.73985,9.21218],[78.73908,9.21225],[78.73831,9.21224],[78.73767,9.21221],[78.7372,9.21218],[78.73659,9.21205],[78.73601,9.21191],[78.73574,9.21182],[78.73518,9.21164],[78.73448,9.21139],[78.73397,9.21122],[78.7336,9.21112],[78.73215,9.21084],[78.73169,9.21069],[78.7311,9.21048],[78.73072,9.2103],[78.73015,9.21],[78.72975,9.20983],[78.72942,9.2098],[78.72872,9.20967],[78.72771,9.20944],[78.72715,9.2091],[78.72662,9.20864],[78.72641,9.20825],[78.72624,9.20802],[78.72607,9.20762],[78.72575,9.20721],[78.72544,9.20695],[78.72506,9.20671],[78.7244,9.20646],[78.72383,9.20637],[78.72342,9.2063],[78.72305,9.20617],[78.72243,9.20582],[78.72172,9.20527],[78.72091,9.20467],[78.72009,9.20399],[78.71964,9.20352],[78.71937,9.2027],[78.71901,9.20266],[78.71891,9.20243],[78.71885,9.20216],[78.71885,9.20192],[78.71888,9.20176],[78.71894,9.20157],[78.71908,9.20158],[78.71943,9.20157],[78.71972,9.2016],[78.71983,9.2018],[78.71963,9.20209],[78.71975,9.20245],[78.72013,9.20267],[78.72037,9.20256],[78.72069,9.20259],[78.72099,9.20231],[78.72133,9.20178],[78.72156,9.20127],[78.72154,9.20065],[78.72136,9.20016],[78.72083,9.19947],[78.72059,9.19895],[78.72057,9.19839],[78.72079,9.19772],[78.72075,9.19679],[78.7204,9.19596],[78.72037,9.19591],[78.72011,9.19556],[78.71976,9.1951],[78.71952,9.19461],[78.71948,9.19413],[78.71925,9.19237],[78.71917,9.19201],[78.71909,9.19184],[78.71906,9.19153],[78.71892,9.19097],[78.71881,9.19077],[78.7186,9.19052],[78.71826,9.1904],[78.71785,9.19027],[78.71754,9.19026],[78.71725,9.19032],[78.71697,9.1904],[78.71661,9.19046],[78.71612,9.19046],[78.71567,9.19052],[78.71509,9.19059],[78.71469,9.19064],[78.71444,9.19062],[78.71401,9.19056],[78.71372,9.19051],[78.7134,9.19056],[78.71278,9.19069],[78.71161,9.19094],[78.71076,9.19104],[78.70995,9.19112],[78.70877,9.19108],[78.70786,9.19101],[78.70742,9.19095],[78.70699,9.19087],[78.70625,9.19076],[78.70575,9.19074],[78.70545,9.19077],[78.70518,9.19081],[78.70475,9.19093],[78.70403,9.19117],[78.70324,9.1915],[78.70244,9.19182],[78.70162,9.19222],[78.70061,9.19261],[78.69986,9.1929],[78.69927,9.19306],[78.69873,9.1932],[78.69819,9.19332],[78.69764,9.19343],[78.69601,9.19382],[78.6954,9.19395],[78.69469,9.1941],[78.69409,9.19421],[78.69298,9.19443],[78.69208,9.19462],[78.68998,9.19508],[78.689,9.19526],[78.68838,9.19537],[78.68715,9.19554],[78.68641,9.19569],[78.68572,9.19577],[78.68516,9.19584],[78.68469,9.19588],[78.68422,9.1959],[78.68341,9.19598],[78.68263,9.19612],[78.68203,9.19621],[78.68097,9.19631],[78.6802,9.19637],[78.67956,9.1964],[78.67905,9.19638],[78.67859,9.19635],[78.67835,9.19632],[78.67767,9.19614],[78.67736,9.196],[78.6771,9.19593],[78.67686,9.19589],[78.67667,9.19587],[78.67649,9.19584],[78.67629,9.19578],[78.67593,9.19567],[78.67563,9.19559],[78.67537,9.19548],[78.67516,9.19544],[78.67479,9.19543],[78.67448,9.19544],[78.67415,9.1955],[78.67371,9.1956],[78.67344,9.1956],[78.67303,9.19559],[78.67257,9.19558],[78.67196,9.19556],[78.67133,9.19553],[78.67061,9.19549],[78.67025,9.19545],[78.66967,9.19538],[78.66916,9.19528],[78.6688,9.19522],[78.66846,9.19515],[78.66784,9.19505],[78.66722,9.19496],[78.66641,9.19485],[78.66594,9.19478],[78.66552,9.19468],[78.66502,9.19458],[78.66461,9.19448],[78.66435,9.1944],[78.6642,9.19431],[78.66371,9.19413],[78.66317,9.194],[78.6626,9.1939],[78.66204,9.19378],[78.66112,9.19343],[78.6605,9.19316],[78.65986,9.19284],[78.65943,9.19257],[78.65917,9.19236],[78.65887,9.19199],[78.65876,9.19174],[78.65875,9.19152],[78.65882,9.19136],[78.65877,9.1913],[78.65859,9.19118],[78.65809,9.19094],[78.65764,9.19067],[78.65717,9.1904],[78.65679,9.1902],[78.65626,9.18996],[78.65585,9.18973],[78.65462,9.18885],[78.65377,9.18839],[78.65212,9.18744],[78.65113,9.18677],[78.65001,9.18593],[78.64904,9.18512],[78.64854,9.18467],[78.64803,9.18416],[78.64795,9.18397],[78.64792,9.18385],[78.64774,9.18373],[78.64752,9.18362],[78.6469,9.18318],[78.64631,9.18264],[78.64593,9.18223],[78.64558,9.18185],[78.64529,9.18154],[78.64514,9.18125],[78.64475,9.18052],[78.64424,9.17965],[78.64381,9.17888],[78.64326,9.17763],[78.64307,9.17688],[78.64302,9.17606],[78.643,9.17561],[78.64292,9.175],[78.64296,9.17473],[78.643,9.17428],[78.64298,9.17377],[78.64298,9.17349],[78.64303,9.1732],[78.64316,9.17288],[78.64316,9.17196],[78.64318,9.17162],[78.64327,9.17136],[78.64325,9.17106],[78.6433,9.17094],[78.64354,9.1707],[78.64389,9.17047],[78.64439,9.17025],[78.6447,9.17008],[78.64491,9.17005],[78.64546,9.16976],[78.64613,9.1694],[78.64664,9.16899],[78.64688,9.16878],[78.64717,9.16842],[78.64756,9.1681],[78.64793,9.16784],[78.64834,9.16742],[78.64863,9.16676],[78.64878,9.1666],[78.64898,9.16653],[78.64904,9.16662],[78.6491,9.16672],[78.64924,9.16675],[78.64928,9.16667],[78.64925,9.16652],[78.64915,9.16567],[78.64913,9.16369],[78.6494,9.16194],[78.64954,9.16128],[78.6498,9.16059],[78.65017,9.1599],[78.65085,9.1589],[78.6512,9.15845],[78.65138,9.15837],[78.65156,9.1584],[78.65186,9.15845],[78.65198,9.15841],[78.65214,9.15823],[78.65229,9.1582],[78.6525,9.15813],[78.65267,9.15797],[78.65283,9.15791],[78.65304,9.15791],[78.6534,9.15803],[78.65375,9.15811],[78.65396,9.1581],[78.65437,9.1581],[78.65479,9.15804],[78.65504,9.15805],[78.65541,9.1582],[78.65573,9.15828],[78.65601,9.15854],[78.65614,9.15871],[78.65635,9.15885],[78.6565,9.15885],[78.65662,9.15876],[78.65691,9.15863],[78.65718,9.15866],[78.65729,9.15872],[78.65739,9.15877],[78.65754,9.1585],[78.65765,9.15817],[78.65762,9.15806],[78.65739,9.158],[78.6573,9.15789],[78.65687,9.1578],[78.65636,9.15775],[78.65588,9.15764],[78.65559,9.15751],[78.65526,9.15741],[78.65474,9.15734],[78.65435,9.15733],[78.65387,9.15722],[78.65334,9.15712],[78.65208,9.15694],[78.6512,9.15683],[78.65052,9.15677],[78.64966,9.1567],[78.64926,9.15669],[78.64857,9.1566],[78.64793,9.15652],[78.6475,9.1565],[78.64714,9.1564],[78.6463,9.15626],[78.64582,9.15625],[78.64473,9.15616],[78.64356,9.15597],[78.64298,9.15591],[78.64277,9.15583],[78.64163,9.15569],[78.63986,9.1555],[78.63784,9.15528],[78.63642,9.15513],[78.63569,9.15505],[78.63461,9.15492],[78.63362,9.15481],[78.63294,9.15473],[78.63239,9.15463],[78.63189,9.15459],[78.63139,9.15455],[78.631,9.1544],[78.62899,9.15398],[78.62742,9.1537],[78.62471,9.15323],[78.6232,9.1529],[78.6217,9.15256],[78.62079,9.15232],[78.61965,9.15203],[78.61792,9.15163],[78.61703,9.15148],[78.61532,9.15115],[78.6141,9.15086],[78.61313,9.15055],[78.61172,9.15014],[78.61076,9.14983],[78.61005,9.14964],[78.60904,9.14935],[78.6081,9.14903],[78.60718,9.14863],[78.60563,9.1481],[78.60414,9.14757],[78.60298,9.14715],[78.60171,9.14662],[78.60097,9.14637],[78.60046,9.14621],[78.59977,9.14588],[78.59849,9.1453],[78.59733,9.1448],[78.59612,9.14415],[78.59475,9.14342],[78.59412,9.1431],[78.59335,9.14274],[78.59276,9.14237],[78.59204,9.1418],[78.59152,9.14142],[78.59031,9.14065],[78.58946,9.13992],[78.58903,9.1396],[78.58839,9.13908],[78.58797,9.13887],[78.5876,9.13872],[78.58696,9.1384],[78.58615,9.13782],[78.58529,9.13715],[78.58399,9.1361],[78.58341,9.13561],[78.58273,9.13485],[78.58217,9.13427],[78.58172,9.13392],[78.58075,9.13323],[78.5803,9.13283],[78.57979,9.13232],[78.57938,9.13183],[78.57914,9.13154],[78.57846,9.13117],[78.57774,9.13085],[78.57697,9.13058],[78.57631,9.13043],[78.57589,9.13045],[78.57528,9.13064],[78.57436,9.13111],[78.57354,9.13162],[78.57267,9.13216],[78.57157,9.13279],[78.57093,9.13312],[78.57045,9.1333],[78.56926,9.13379],[78.56879,9.13395],[78.56815,9.13419],[78.56647,9.13475],[78.56517,9.13514],[78.5638,9.1355],[78.5624,9.13578],[78.56134,9.136],[78.56023,9.13615],[78.55907,9.13629],[78.55756,9.1365],[78.55673,9.13664],[78.55565,9.13676],[78.5549,9.13683],[78.55412,9.13691],[78.55292,9.13699],[78.55192,9.13702],[78.55077,9.13709],[78.54953,9.13715],[78.54816,9.13717],[78.54696,9.13717],[78.54572,9.13715],[78.54488,9.1371],[78.54386,9.13701],[78.54288,9.13694],[78.54223,9.13687],[78.54143,9.13683],[78.54051,9.13673],[78.53981,9.13666],[78.53897,9.13664],[78.53842,9.13662],[78.53762,9.13652],[78.53703,9.13646],[78.53654,9.1364],[78.53576,9.13632],[78.53536,9.13634],[78.53507,9.13637],[78.53463,9.13635],[78.5341,9.1363],[78.53357,9.13623],[78.53322,9.13615],[78.53232,9.13605],[78.53163,9.13599],[78.53108,9.13595],[78.53041,9.13586],[78.52981,9.1358],[78.52899,9.13566],[78.52786,9.13552],[78.52723,9.13546],[78.52624,9.13535],[78.52561,9.13531],[78.52509,9.13532],[78.5245,9.13548],[78.52383,9.13567],[78.52316,9.13579],[78.52283,9.13584],[78.52219,9.13588],[78.52161,9.13587],[78.52095,9.13581],[78.52002,9.1357],[78.51819,9.13558],[78.51754,9.13552],[78.51684,9.13545],[78.51604,9.13534],[78.51497,9.13517],[78.51429,9.13507],[78.5136,9.13496],[78.51192,9.13464],[78.5097,9.13413],[78.50856,9.13384],[78.50618,9.13335],[78.50499,9.13311],[78.50458,9.13306],[78.50427,9.13298],[78.50387,9.1329],[78.50349,9.1328],[78.50241,9.13259],[78.50212,9.13254],[78.50182,9.13246],[78.50148,9.13235],[78.50109,9.13223],[78.49937,9.1318],[78.49722,9.13122],[78.49573,9.13075],[78.49468,9.13047],[78.49429,9.13037],[78.49401,9.13027],[78.49375,9.1302],[78.49358,9.13014],[78.49342,9.13009],[78.49309,9.12994],[78.49102,9.12931],[78.48964,9.12894],[78.4888,9.12874],[78.48827,9.12864],[78.48807,9.1286],[78.48772,9.12851],[78.48646,9.12824],[78.48616,9.12818],[78.4855,9.12806],[78.48476,9.12793],[78.48406,9.1278],[78.48349,9.12768],[78.48293,9.12759],[78.48219,9.12752],[78.48199,9.12749],[78.48189,9.12754],[78.48178,9.12751],[78.48199,9.12671],[78.48021,9.12729],[78.47941,9.12748],[78.47877,9.12762],[78.47824,9.12772],[78.47719,9.12766],[78.47655,9.12763],[78.47585,9.12757],[78.47481,9.12755],[78.47417,9.12751],[78.47352,9.12747],[78.47282,9.12743],[78.4723,9.12734],[78.47127,9.12723],[78.47054,9.12713],[78.46942,9.12702],[78.469,9.127],[78.46857,9.12702],[78.46831,9.12702],[78.46654,9.12693],[78.46507,9.12686],[78.46467,9.12685],[78.46418,9.1268],[78.46358,9.12674],[78.46316,9.12671],[78.46176,9.12656],[78.46106,9.12651],[78.46014,9.12635],[78.45921,9.1262],[78.45749,9.12596],[78.45673,9.12582],[78.45616,9.12566],[78.45585,9.12556],[78.45564,9.12543],[78.45558,9.1253],[78.45543,9.1252],[78.45497,9.12503],[78.45458,9.12493],[78.45417,9.12489],[78.45282,9.12459],[78.45084,9.12403],[78.44898,9.1235],[78.44824,9.1233],[78.44694,9.12301],[78.44588,9.12274],[78.44446,9.12237],[78.44265,9.12186],[78.44012,9.12121],[78.4383,9.12072],[78.43676,9.12028],[78.43552,9.11994],[78.43397,9.11947],[78.43204,9.11887],[78.43153,9.11868],[78.42992,9.11808],[78.42661,9.11684],[78.42346,9.11562],[78.42141,9.11487],[78.41855,9.11383],[78.41659,9.1131],[78.41509,9.11246],[78.41419,9.11211],[78.41343,9.11181],[78.41176,9.11124],[78.41118,9.11097],[78.40993,9.11024],[78.40859,9.10942],[78.40759,9.10875],[78.40649,9.10801],[78.40556,9.10736],[78.40478,9.10678],[78.40447,9.10661],[78.40329,9.10586],[78.40187,9.10496],[78.39992,9.1036],[78.3973,9.10186],[78.39639,9.10122],[78.39537,9.10046],[78.3946,9.09984],[78.39224,9.09814],[78.39159,9.09767],[78.39106,9.0973],[78.39032,9.09675],[78.38981,9.09638],[78.3894,9.09607],[78.38851,9.09543],[78.38834,9.09531],[78.38825,9.09519],[78.38818,9.09504],[78.38799,9.09486],[78.38787,9.09474],[78.38786,9.09468],[78.38769,9.09451],[78.3874,9.09432],[78.38722,9.09424],[78.38672,9.09394],[78.38658,9.09385],[78.38646,9.09378],[78.3862,9.09365],[78.38577,9.09334],[78.38563,9.09324],[78.38525,9.09294],[78.3844,9.09232],[78.38383,9.09193],[78.38262,9.09111],[78.38165,9.09043],[78.38099,9.08993],[78.38026,9.08938],[78.3796,9.08888],[78.37895,9.08839],[78.37862,9.08816],[78.37824,9.08785],[78.378,9.08763],[78.37768,9.08738],[78.37687,9.08676],[78.37652,9.08645],[78.37604,9.08603],[78.37546,9.08553],[78.37509,9.0853],[78.37475,9.08503],[78.37428,9.08465],[78.37389,9.08436],[78.37335,9.08387],[78.37281,9.08336],[78.37198,9.08267],[78.37159,9.08233],[78.37129,9.08198],[78.37094,9.08132],[78.37079,9.08091],[78.37044,9.08122],[78.37036,9.08115],[78.36993,9.08083],[78.36952,9.0804],[78.36881,9.07962],[78.36834,9.07913],[78.36812,9.07882],[78.36804,9.07861],[78.36802,9.07833],[78.36772,9.07859],[78.3676,9.0785],[78.36753,9.07854],[78.36735,9.07861],[78.36708,9.07855],[78.36687,9.07832],[78.36662,9.07801],[78.36641,9.07769],[78.36619,9.07733],[78.36616,9.07728],[78.36613,9.07723],[78.36611,9.07721],[78.36594,9.07703],[78.36574,9.0767],[78.36558,9.07636],[78.3655,9.07612],[78.3655,9.07594],[78.36526,9.07605],[78.3649,9.07621],[78.36481,9.07616],[78.36402,9.07534],[78.3636,9.07489],[78.36275,9.07396],[78.36223,9.07344],[78.36151,9.07256],[78.36116,9.07213],[78.36021,9.07106],[78.35957,9.07036],[78.35885,9.06963],[78.35856,9.06934],[78.35791,9.06877],[78.35726,9.06828],[78.35557,9.06699],[78.35513,9.06662],[78.3544,9.06589],[78.35375,9.06526],[78.35341,9.06497],[78.35215,9.06381],[78.35165,9.06341],[78.35075,9.06271],[78.34999,9.06201],[78.34885,9.06084],[78.34858,9.06056],[78.34791,9.05986],[78.34727,9.05927],[78.34672,9.05887],[78.34614,9.05844],[78.34516,9.05772],[78.34446,9.05722],[78.34348,9.05655],[78.3426,9.05601],[78.34189,9.05557],[78.34125,9.0552],[78.34086,9.05494],[78.34066,9.05474],[78.34022,9.05438],[78.34004,9.05441],[78.33978,9.05429],[78.33938,9.05387],[78.33932,9.05367],[78.33847,9.05289],[78.33771,9.05237],[78.33706,9.05191],[78.33612,9.05133],[78.33489,9.05053],[78.33307,9.04932],[78.33205,9.04862],[78.33154,9.04828],[78.33116,9.04799],[78.3297,9.04672],[78.32808,9.04545],[78.32718,9.04483],[78.32576,9.0439],[78.32285,9.04191],[78.32121,9.04094],[78.31993,9.04017],[78.31864,9.03936],[78.31582,9.03733],[78.31375,9.03581],[78.31303,9.03514],[78.31105,9.03303],[78.30909,9.03146],[78.30801,9.03067],[78.30605,9.02946],[78.30502,9.02882],[78.30434,9.02825],[78.30346,9.0275],[78.30211,9.02658],[78.30062,9.02492],[78.3001,9.02446],[78.2996,9.0241],[78.29887,9.02383],[78.29708,9.0228],[78.29704,9.02277],[78.29701,9.02276],[78.29699,9.02274],[78.29323,9.02049],[78.29113,9.01924],[78.2886,9.01757],[78.28744,9.01659],[78.28473,9.01469],[78.28371,9.01413],[78.28314,9.01383],[78.28275,9.01362],[78.28165,9.01288],[78.27984,9.0116],[78.27867,9.01088],[78.27699,9.00973],[78.27549,9.00884],[78.27353,9.0077],[78.27184,9.00651],[78.27145,9.00615],[78.27023,9.00513],[78.27,9.00489],[78.26972,9.00457],[78.26925,9.00415],[78.26912,9.00423],[78.26907,9.00438],[78.26908,9.00461],[78.26892,9.00483],[78.26886,9.00484],[78.2686,9.00489],[78.26837,9.00482],[78.26819,9.00461],[78.26833,9.00455],[78.26836,9.00468],[78.26851,9.00476],[78.26861,9.00474],[78.26869,9.00467],[78.26871,9.00458],[78.2687,9.00449],[78.26861,9.00429],[78.26853,9.0042],[78.26839,9.00408],[78.2683,9.00396],[78.26824,9.00391],[78.26818,9.0038],[78.26796,9.00368],[78.26733,9.0033],[78.26661,9.00299],[78.26392,9.00173],[78.26306,9.00128],[78.26187,9.00058],[78.26036,8.99958],[78.25831,8.99818],[78.25768,8.99767],[78.25731,8.99729],[78.25701,8.99687],[78.25683,8.99658],[78.25658,8.99691],[78.25651,8.99685],[78.25622,8.99663],[78.25587,8.99621],[78.25561,8.99619],[78.25533,8.99611],[78.25501,8.99596],[78.25432,8.99551],[78.25376,8.995],[78.25281,8.9939],[78.25253,8.99338],[78.25245,8.99314],[78.25233,8.99325],[78.2518,8.99369],[78.25169,8.9936],[78.24947,8.99206],[78.24796,8.9911],[78.24721,8.99051],[78.24629,8.98982],[78.24593,8.9895],[78.2452,8.98891],[78.24438,8.98827],[78.24378,8.98788],[78.2429,8.98728],[78.24266,8.98708],[78.2426,8.98703],[78.24236,8.98696],[78.2421,8.98678],[78.24064,8.98571],[78.23831,8.98389],[78.23663,8.98254],[78.23541,8.98171],[78.23139,8.97869],[78.23034,8.97784],[78.22993,8.97747],[78.2294,8.97711],[78.22908,8.97695],[78.22879,8.97675],[78.2284,8.9764],[78.2271,8.9753],[78.22609,8.97442],[78.22516,8.97383],[78.22444,8.97353],[78.22394,8.97325],[78.22341,8.97285],[78.22254,8.97219],[78.2218,8.97162],[78.22076,8.97075],[78.22031,8.97037],[78.21997,8.97001],[78.21969,8.96968],[78.21931,8.96935],[78.21867,8.96865],[78.21814,8.96797],[78.21779,8.96761],[78.21737,8.96731],[78.21702,8.96697],[78.21652,8.96669],[78.21591,8.96621],[78.21436,8.96463],[78.21345,8.96371],[78.21232,8.96259],[78.21155,8.96174],[78.21069,8.9609],[78.21013,8.96032],[78.2097,8.95985],[78.20917,8.95902],[78.20881,8.95852],[78.20849,8.95802],[78.2083,8.95768],[78.20774,8.95704],[78.20751,8.95687],[78.20719,8.95662],[78.20683,8.95627],[78.20664,8.95599],[78.20643,8.95562],[78.20616,8.95522],[78.20604,8.95478],[78.20628,8.95483],[78.20642,8.95487],[78.20648,8.95486],[78.20654,8.95479],[78.20656,8.95466],[78.20664,8.95453],[78.20675,8.95447],[78.20684,8.95452]]]},"properties":{"name":null,"source":"OpenStreetMap + Natural Earth","source_id":"osm_coastline","geometry_quality":"mapped_polygon"}},{"type":"Feature","geometry":{"type":"Polygon","coordinates":[[[79.82324,9.6104],[79.82373,9.61089],[79.8238,9.61104],[79.82382,9.61137],[79.8237,9.61174],[79.82372,9.61192],[79.82382,9.61213],[79.82398,9.61241],[79.82425,9.61276],[79.82427,9.61282],[79.82423,9.61288],[79.82415,9.61293],[79.82413,9.61298],[79.82414,9.61304],[79.82418,9.61308],[79.82448,9.61315],[79.82455,9.61321],[79.8246,9.61328],[79.8246,9.61341],[79.82463,9.61346],[79.82472,9.61348],[79.82493,9.61362],[79.82505,9.61365],[79.82509,9.61363],[79.82517,9.61352],[79.82522,9.61349],[79.82552,9.61347],[79.82553,9.61343],[79.82551,9.6134],[79.82539,9.61332],[79.82543,9.61328],[79.82567,9.61328],[79.82597,9.61338],[79.82602,9.61337],[79.82613,9.61324],[79.82619,9.61321],[79.82859,9.61236],[79.82878,9.61225],[79.82887,9.61212],[79.82888,9.61205],[79.82887,9.61192],[79.82879,9.61185],[79.82871,9.61183],[79.82866,9.61179],[79.82863,9.61168],[79.82866,9.61147],[79.82867,9.61126],[79.82899,9.61098],[79.8291,9.61093],[79.82917,9.61093],[79.82924,9.61097],[79.82924,9.61104],[79.8292,9.6112],[79.82913,9.61135],[79.82913,9.61147],[79.82918,9.61159],[79.82946,9.61178],[79.82956,9.6118],[79.82965,9.61179],[79.82978,9.61166],[79.82988,9.61163],[79.82999,9.61162],[79.83012,9.61167],[79.83016,9.61173],[79.83018,9.61191],[79.83021,9.61196],[79.8303,9.61201],[79.83088,9.61195],[79.83113,9.61185],[79.83119,9.61186],[79.83135,9.61193],[79.83146,9.61193],[79.83155,9.61189],[79.83192,9.61156],[79.83211,9.61146],[79.83211,9.61125],[79.83217,9.61108],[79.83227,9.61091],[79.83236,9.61082],[79.8325,9.61076],[79.83304,9.61077],[79.83322,9.61073],[79.83342,9.61063],[79.83396,9.61014],[79.83421,9.61006],[79.83432,9.60995],[79.83442,9.60991],[79.83594,9.60976],[79.83599,9.60974],[79.83604,9.6097],[79.83605,9.60947],[79.83612,9.60943],[79.83626,9.6094],[79.8369,9.60938],[79.83696,9.60932],[79.83696,9.60927],[79.83674,9.60873],[79.83675,9.60867],[79.8368,9.60862],[79.83757,9.60842],[79.83771,9.60842],[79.83787,9.60848],[79.83795,9.60846],[79.83834,9.60818],[79.83874,9.60811],[79.8391,9.60801],[79.83914,9.60797],[79.83928,9.60776],[79.83935,9.60773],[79.83941,9.60776],[79.83946,9.60778],[79.8396,9.60777],[79.83972,9.6078],[79.83987,9.60777],[79.84025,9.60778],[79.84159,9.6079],[79.84165,9.60794],[79.84159,9.60804],[79.8413,9.60834],[79.84126,9.60847],[79.84128,9.60867],[79.84125,9.60879],[79.84117,9.60901],[79.84108,9.60918],[79.84091,9.60933],[79.8406,9.6095],[79.84047,9.60962],[79.84025,9.60997],[79.84017,9.61026],[79.84014,9.61047],[79.84021,9.61066],[79.84034,9.61083],[79.84073,9.61111],[79.84281,9.61272],[79.84259,9.61466],[79.84259,9.61589],[79.84363,9.61761],[79.84363,9.61944],[79.84744,9.61793],[79.85185,9.61364],[79.85784,9.6095],[79.86237,9.60687],[79.86318,9.60488],[79.8642,9.60308],[79.8628,9.60161],[79.85897,9.59574],[79.85857,9.59279],[79.8611,9.58662],[79.86213,9.58531],[79.86059,9.58351],[79.85955,9.58083],[79.85926,9.57728],[79.86002,9.57293],[79.86139,9.5711],[79.85945,9.56968],[79.85704,9.568],[79.85191,9.56715],[79.84304,9.56755],[79.83236,9.57051],[79.82854,9.57132],[79.82304,9.57164],[79.8097,9.57497],[79.80316,9.57755],[79.80289,9.57819],[79.80338,9.57953],[79.80191,9.58007],[79.80202,9.58141],[79.80237,9.58205],[79.80311,9.58254],[79.80354,9.58705],[79.80393,9.58775],[79.80292,9.58967],[79.80359,9.59024],[79.80463,9.58949],[79.80527,9.58914],[79.8061,9.58941],[79.8068,9.59024],[79.80847,9.59009],[79.80858,9.59032],[79.80822,9.59034],[79.80786,9.5907],[79.8075,9.59156],[79.808,9.59219],[79.80778,9.59325],[79.80777,9.59376],[79.80855,9.59429],[79.8091,9.59447],[79.80929,9.59457],[79.80939,9.59484],[79.80935,9.59542],[79.80998,9.59741],[79.81062,9.59867],[79.80515,9.60183],[79.80532,9.60278],[79.80553,9.60303],[79.80679,9.60276],[79.80911,9.60663],[79.80907,9.60762],[79.80847,9.60899],[79.80772,9.60951],[79.8069,9.61094],[79.80736,9.6116],[79.80796,9.61163],[79.80828,9.61199],[79.80879,9.61279],[79.80856,9.61359],[79.80918,9.61523],[79.80937,9.61604],[79.80938,9.61608],[79.80939,9.61612],[79.80942,9.61644],[79.80941,9.61666],[79.80917,9.61698],[79.80872,9.61719],[79.80845,9.61746],[79.80847,9.61807],[79.80827,9.61873],[79.8083,9.61905],[79.80853,9.61934],[79.80932,9.61979],[79.80948,9.62003],[79.80986,9.62138],[79.81065,9.62451],[79.81088,9.625],[79.81138,9.62518],[79.81139,9.6254],[79.81165,9.62568],[79.81164,9.62608],[79.81208,9.6261],[79.8123,9.62649],[79.81224,9.62665],[79.81253,9.62674],[79.81264,9.6269],[79.81282,9.62685],[79.81302,9.62691],[79.81299,9.6272],[79.8131,9.62691],[79.81351,9.62685],[79.81373,9.62678],[79.81416,9.62615],[79.814,9.62518],[79.81428,9.62468],[79.8141,9.6242],[79.81417,9.62381],[79.8144,9.62362],[79.8145,9.62323],[79.81492,9.62251],[79.81516,9.62197],[79.81538,9.62173],[79.81657,9.62128],[79.8167,9.6212],[79.81686,9.621],[79.81699,9.62094],[79.81762,9.62102],[79.81815,9.62078],[79.81827,9.6207],[79.81837,9.62085],[79.81838,9.62097],[79.81827,9.62133],[79.81793,9.62204],[79.81803,9.62267],[79.81807,9.62322],[79.81789,9.62363],[79.81783,9.62406],[79.81783,9.62424],[79.81802,9.62438],[79.81832,9.62466],[79.81861,9.62524],[79.81867,9.62529],[79.81881,9.62525],[79.81917,9.62528],[79.81936,9.62535],[79.81948,9.62545],[79.81955,9.62563],[79.81978,9.62583],[79.81998,9.62622],[79.82007,9.62625],[79.82016,9.62625],[79.82023,9.62622],[79.82039,9.62604],[79.82067,9.62555],[79.82067,9.62528],[79.82063,9.62495],[79.82068,9.62455],[79.82081,9.62427],[79.82096,9.62416],[79.82102,9.62407],[79.82094,9.62271],[79.82099,9.62254],[79.82113,9.6223],[79.8211,9.62192],[79.82117,9.6216],[79.82089,9.62106],[79.82028,9.62079],[79.82008,9.62065],[79.81966,9.62021],[79.81934,9.61989],[79.81935,9.61949],[79.81932,9.61926],[79.81922,9.61914],[79.81913,9.61891],[79.81914,9.6186],[79.81897,9.61809],[79.81905,9.61791],[79.82009,9.6168],[79.82022,9.61675],[79.82036,9.61678],[79.82046,9.61683],[79.82066,9.6171],[79.82078,9.61718],[79.821,9.61722],[79.82116,9.61722],[79.82129,9.61718],[79.82134,9.61715],[79.82136,9.61708],[79.82132,9.61689],[79.82133,9.61681],[79.82141,9.61666],[79.82169,9.61631],[79.82174,9.61614],[79.82174,9.61593],[79.8217,9.6157],[79.82171,9.6155],[79.82196,9.6149],[79.82216,9.6143],[79.82216,9.61404],[79.82194,9.61304],[79.82194,9.61252],[79.82202,9.6123],[79.82194,9.61184],[79.82189,9.61174],[79.82153,9.61147],[79.82121,9.61114],[79.82116,9.61099],[79.82117,9.61089],[79.82122,9.61081],[79.82131,9.61073],[79.82175,9.61037],[79.82226,9.6101],[79.82264,9.60992],[79.82277,9.60984],[79.8229,9.60979],[79.82304,9.60981],[79.82309,9.60988],[79.82311,9.60998],[79.82312,9.6102],[79.82316,9.61027],[79.82324,9.6104]]]},"properties":{"name":null,"source":"OpenStreetMap + Natural Earth","source_id":"osm_coastline","geometry_quality":"mapped_polygon"}},{"type":"Feature","geometry":{"type":"Polygon","coordinates":[[[79.86366,9.62425],[79.86314,9.62377],[79.86293,9.62352],[79.86237,9.62308],[79.86211,9.62297],[79.86179,9.62307],[79.86147,9.62337],[79.86137,9.62382],[79.86144,9.62435],[79.86189,9.62471],[79.86254,9.62591],[79.86264,9.62602],[79.86311,9.62592],[79.8634,9.62592],[79.86362,9.6258],[79.86374,9.62556],[79.86395,9.6253],[79.86394,9.62499],[79.86379,9.62469],[79.86366,9.62425]]]},"properties":{"name":null,"source":"OpenStreetMap + Natural Earth","source_id":"osm_coastline","geometry_quality":"mapped_polygon"}},{"type":"Feature","geometry":{"type":"Polygon","coordinates":[[[79.86201,9.62647],[79.86203,9.62612],[79.86197,9.62577],[79.86161,9.62517],[79.86132,9.62474],[79.86103,9.62398],[79.86104,9.62338],[79.86119,9.62292],[79.86197,9.62244],[79.86204,9.62201],[79.86229,9.62169],[79.86267,9.62204],[79.8628,9.62229],[79.86297,9.62229],[79.86253,9.62161],[79.86234,9.62098],[79.86195,9.62057],[79.86161,9.61992],[79.86148,9.61948],[79.86138,9.61899],[79.86132,9.61883],[79.86104,9.61831],[79.8606,9.61811],[79.85951,9.61813],[79.85945,9.61796],[79.85965,9.61774],[79.85984,9.61765],[79.86033,9.61758],[79.8608,9.61769],[79.86101,9.61782],[79.8614,9.61797],[79.86164,9.61782],[79.86177,9.6179],[79.86173,9.6185],[79.86196,9.61841],[79.86203,9.61809],[79.86195,9.61772],[79.86179,9.61742],[79.8614,9.61705],[79.86109,9.61682],[79.86071,9.61676],[79.86029,9.61691],[79.85965,9.61739],[79.85934,9.61771],[79.85912,9.61811],[79.85867,9.6188],[79.85834,9.61906],[79.85774,9.61938],[79.85725,9.61984],[79.85529,9.62257],[79.85484,9.62303],[79.85419,9.62347],[79.85385,9.62399],[79.85364,9.62491],[79.85368,9.62538],[79.85391,9.62586],[79.85395,9.62617],[79.85378,9.62653],[79.85339,9.62682],[79.85315,9.62716],[79.85308,9.62834],[79.8526,9.62984],[79.8524,9.63074],[79.85219,9.63136],[79.8521,9.63189],[79.85179,9.63229],[79.85178,9.63323],[79.85185,9.63382],[79.85202,9.63408],[79.85256,9.63429],[79.85331,9.63429],[79.85408,9.63457],[79.85471,9.63498],[79.85546,9.63502],[79.85583,9.63489],[79.8561,9.63429],[79.8575,9.63257],[79.85776,9.63198],[79.85786,9.6316],[79.85815,9.63089],[79.85802,9.63039],[79.858,9.63013],[79.85782,9.63003],[79.85784,9.6296],[79.85808,9.62919],[79.85845,9.62894],[79.85874,9.62859],[79.85885,9.62829],[79.85901,9.62817],[79.85975,9.62787],[79.86129,9.62714],[79.86179,9.62682],[79.86201,9.62647]]]},"properties":{"name":null,"source":"OpenStreetMap + Natural Earth","source_id":"osm_coastline","geometry_quality":"mapped_polygon"}},{"type":"Feature","geometry":{"type":"Polygon","coordinates":[[[79.85872,9.64203],[79.85886,9.64203],[79.85899,9.64196],[79.85946,9.64159],[79.85972,9.64135],[79.85981,9.6412],[79.86025,9.64091],[79.86032,9.64082],[79.86036,9.64064],[79.86009,9.64029],[79.85995,9.64021],[79.85983,9.64019],[79.85975,9.64023],[79.85974,9.64027],[79.85977,9.64034],[79.85986,9.64034],[79.85985,9.6403],[79.8598,9.64028],[79.85985,9.64024],[79.85994,9.64026],[79.86006,9.64036],[79.86004,9.64055],[79.85992,9.6406],[79.85968,9.64066],[79.85916,9.6407],[79.85901,9.64068],[79.8587,9.64069],[79.85819,9.64087],[79.85771,9.64128],[79.8576,9.6414],[79.85736,9.64151],[79.85729,9.64151],[79.85717,9.64161],[79.85716,9.64171],[79.85736,9.64182],[79.85757,9.64182],[79.85791,9.64189],[79.85806,9.64202],[79.8582,9.64209],[79.8584,9.64206],[79.85862,9.642],[79.85872,9.64203]]]},"properties":{"name":null,"source":"OpenStreetMap + Natural Earth","source_id":"osm_coastline","geometry_quality":"mapped_polygon"}},{"type":"Feature","geometry":{"type":"Polygon","coordinates":[[[79.85229,9.6177],[79.85232,9.6179],[79.85536,9.61703],[79.8553,9.61679],[79.8544,9.61649],[79.85394,9.6166],[79.85349,9.61665],[79.85304,9.61679],[79.85269,9.61737],[79.85229,9.6177]]]},"properties":{"name":null,"source":"OpenStreetMap + Natural Earth","source_id":"osm_coastline","geometry_quality":"mapped_polygon"}},{"type":"Feature","geometry":{"type":"Polygon","coordinates":[[[79.84837,9.71119],[79.84817,9.71137],[79.84812,9.7113],[79.84807,9.71133],[79.8481,9.71139],[79.84799,9.71143],[79.84798,9.71138],[79.84793,9.71138],[79.84791,9.71145],[79.84775,9.71151],[79.84769,9.71156],[79.84768,9.71171],[79.84775,9.71189],[79.84794,9.71197],[79.84809,9.71196],[79.84821,9.71195],[79.84828,9.71178],[79.84828,9.71167],[79.84828,9.71158],[79.84831,9.71141],[79.84843,9.71125],[79.84837,9.71119]]]},"properties":{"name":null,"source":"OpenStreetMap + Natural Earth","source_id":"osm_coastline","geometry_quality":"mapped_polygon"}},{"type":"Feature","geometry":{"type":"Polygon","coordinates":[[[79.83758,9.62412],[79.83747,9.62457],[79.83824,9.62493],[79.83867,9.62483],[79.83911,9.62428],[79.83926,9.62392],[79.83927,9.62365],[79.83892,9.62358],[79.8385,9.62353],[79.83758,9.62412]]]},"properties":{"name":null,"source":"OpenStreetMap + Natural Earth","source_id":"osm_coastline","geometry_quality":"mapped_polygon"}},{"type":"Feature","geometry":{"type":"Polygon","coordinates":[[[79.81656,8.18203],[79.8166,8.18197],[79.8167,8.1819],[79.81673,8.18186],[79.81675,8.18182],[79.81675,8.18176],[79.81676,8.18171],[79.81681,8.18154],[79.8168,8.18147],[79.81677,8.18141],[79.81673,8.18136],[79.81669,8.18134],[79.81662,8.18135],[79.81656,8.18133],[79.81649,8.18131],[79.81644,8.18127],[79.81638,8.18122],[79.81633,8.18119],[79.81627,8.18119],[79.81619,8.18122],[79.81616,8.18125],[79.81616,8.1813],[79.81618,8.18134],[79.81618,8.1814],[79.81617,8.18144],[79.81612,8.18159],[79.81609,8.18166],[79.81609,8.1817],[79.8161,8.18174],[79.81611,8.18179],[79.81611,8.18184],[79.8161,8.18186],[79.81608,8.18191],[79.81607,8.18194],[79.81608,8.182],[79.81608,8.18205],[79.81607,8.18209],[79.81605,8.18212],[79.81603,8.18215],[79.81604,8.18218],[79.81605,8.18219],[79.81608,8.1822],[79.81611,8.18221],[79.81615,8.18223],[79.81621,8.18227],[79.81624,8.18228],[79.81626,8.18227],[79.81633,8.18226],[79.81643,8.18223],[79.81649,8.18219],[79.81652,8.18215],[79.81653,8.1821],[79.81656,8.18203]]]},"properties":{"name":null,"source":"OpenStreetMap + Natural Earth","source_id":"osm_coastline","geometry_quality":"mapped_polygon"}},{"type":"Feature","geometry":{"type":"Polygon","coordinates":[[[79.80069,8.34016],[79.80128,8.33967],[79.80197,8.3391],[79.80285,8.33869],[79.80403,8.33855],[79.80595,8.33874],[79.80653,8.3388],[79.80653,8.33861],[79.80628,8.33865],[79.80538,8.33848],[79.80497,8.33819],[79.80497,8.33772],[79.80518,8.33738],[79.80542,8.33711],[79.8054,8.33683],[79.80501,8.33679],[79.80446,8.33658],[79.80452,8.33581],[79.80482,8.33522],[79.80518,8.33459],[79.80606,8.33408],[79.80666,8.33376],[79.80805,8.33308],[79.80876,8.33283],[79.80919,8.33277],[79.80923,8.33249],[79.80886,8.33239],[79.80816,8.33266],[79.80764,8.33266],[79.80696,8.33266],[79.80675,8.33247],[79.80653,8.33217],[79.8063,8.33217],[79.8063,8.33243],[79.80602,8.33253],[79.80544,8.33268],[79.80482,8.33304],[79.80439,8.33315],[79.80409,8.33304],[79.80409,8.33277],[79.80448,8.33247],[79.80488,8.33239],[79.80512,8.33226],[79.80553,8.33228],[79.8058,8.33219],[79.8064,8.332],[79.80696,8.33209],[79.8073,8.33209],[79.80747,8.33188],[79.80735,8.33152],[79.8069,8.33139],[79.80675,8.33101],[79.80668,8.33075],[79.80632,8.33075],[79.80595,8.33023],[79.80576,8.32948],[79.80585,8.32893],[79.80602,8.32879],[79.80642,8.3287],[79.80666,8.32845],[79.8072,8.32819],[79.80773,8.32785],[79.80818,8.32773],[79.80859,8.32758],[79.8088,8.32732],[79.80827,8.32743],[79.8076,8.32764],[79.807,8.32788],[79.80651,8.32815],[79.80608,8.32809],[79.80559,8.32832],[79.80533,8.32817],[79.80514,8.32779],[79.80499,8.32745],[79.80521,8.32707],[79.80529,8.32663],[79.80548,8.32646],[79.8054,8.32603],[79.80576,8.32603],[79.80589,8.32582],[79.80623,8.32582],[79.80645,8.32557],[79.80655,8.32519],[79.80666,8.32502],[79.80651,8.32457],[79.80672,8.32415],[79.80694,8.32411],[79.80724,8.32366],[79.80792,8.32271],[79.8085,8.32222],[79.80895,8.32207],[79.80987,8.32142],[79.8103,8.32114],[79.81109,8.32082],[79.81137,8.32061],[79.81175,8.32053],[79.81207,8.32082],[79.81248,8.32095],[79.81295,8.32089],[79.81233,8.32061],[79.81192,8.32023],[79.81214,8.32006],[79.81299,8.32013],[79.81338,8.32027],[79.81374,8.32057],[79.81387,8.32106],[79.81387,8.32154],[79.81374,8.32193],[79.81346,8.32214],[79.81325,8.32199],[79.81304,8.32152],[79.81291,8.32159],[79.81304,8.32199],[79.81342,8.32226],[79.81394,8.32212],[79.81394,8.3221],[79.81413,8.32116],[79.81413,8.32089],[79.81441,8.32114],[79.81449,8.32176],[79.81458,8.32216],[79.81481,8.32165],[79.81464,8.32102],[79.81426,8.3207],[79.814,8.32017],[79.81355,8.32002],[79.81299,8.31989],[79.81242,8.31989],[79.81158,8.31994],[79.81137,8.31962],[79.81013,8.31949],[79.80927,8.31911],[79.80916,8.31875],[79.80929,8.31839],[79.80884,8.31845],[79.80844,8.31875],[79.80803,8.31907],[79.80762,8.31928],[79.80735,8.31964],[79.80717,8.32008],[79.80713,8.32055],[79.8069,8.32095],[79.80621,8.32188],[79.80578,8.32256],[79.80578,8.32296],[79.80523,8.32402],[79.80518,8.3247],[79.80516,8.32548],[79.80473,8.32639],[79.80461,8.32707],[79.80463,8.32771],[79.80437,8.32824],[79.80386,8.32951],[79.80343,8.33005],[79.80328,8.33042],[79.80309,8.33109],[79.80302,8.33152],[79.80302,8.33228],[79.80302,8.3323],[79.80281,8.33302],[79.80277,8.33404],[79.80283,8.33448],[79.80247,8.33548],[79.80238,8.33586],[79.80236,8.33624],[79.8017,8.33776],[79.80103,8.33899],[79.8002,8.34046],[79.80007,8.34104],[79.79996,8.34166],[79.80009,8.34204],[79.8005,8.34231],[79.80033,8.34189],[79.80028,8.34128],[79.80041,8.34056],[79.80069,8.34016]]]},"properties":{"name":null,"source":"OpenStreetMap + Natural Earth","source_id":"osm_coastline","geometry_quality":"mapped_polygon"}},{"type":"Feature","geometry":{"type":"Polygon","coordinates":[[[79.81287,9.68841],[79.8129,9.68787],[79.81303,9.68725],[79.81308,9.6869],[79.81307,9.68623],[79.81303,9.68594],[79.81314,9.68566],[79.81295,9.68511],[79.81286,9.6851],[79.81283,9.68521],[79.81294,9.68522],[79.813,9.68552],[79.81284,9.68559],[79.81254,9.68559],[79.81205,9.68538],[79.81163,9.68557],[79.81155,9.68555],[79.81156,9.6856],[79.81132,9.68575],[79.81118,9.68574],[79.81107,9.68599],[79.81093,9.68598],[79.8107,9.68614],[79.81056,9.68615],[79.8103,9.6865],[79.81021,9.68653],[79.81015,9.68663],[79.81005,9.68665],[79.80966,9.68711],[79.80946,9.68758],[79.80938,9.68788],[79.8093,9.68791],[79.80933,9.68804],[79.80925,9.68819],[79.80926,9.68834],[79.80913,9.68851],[79.80911,9.68861],[79.809,9.68866],[79.80901,9.68875],[79.80895,9.68887],[79.80885,9.68888],[79.80883,9.68899],[79.80864,9.68912],[79.80858,9.68929],[79.80837,9.6894],[79.80841,9.68964],[79.80829,9.69046],[79.80817,9.69052],[79.8082,9.69082],[79.80812,9.691],[79.80801,9.69102],[79.80808,9.69119],[79.80808,9.69132],[79.80802,9.6914],[79.80776,9.69293],[79.80764,9.69397],[79.80757,9.69521],[79.80767,9.69623],[79.80785,9.69706],[79.80845,9.69937],[79.80851,9.69972],[79.80865,9.70022],[79.80878,9.70052],[79.80882,9.70079],[79.80881,9.701],[79.80887,9.70126],[79.80884,9.70137],[79.80893,9.70153],[79.80931,9.70332],[79.80927,9.70346],[79.8093,9.7036],[79.80932,9.704],[79.80942,9.70413],[79.80954,9.70467],[79.80957,9.70505],[79.8096,9.70758],[79.80968,9.70831],[79.80975,9.7085],[79.80975,9.70863],[79.80993,9.70894],[79.8099,9.70908],[79.81011,9.70983],[79.81021,9.70993],[79.81071,9.7112],[79.81077,9.71148],[79.8109,9.71172],[79.81105,9.71219],[79.81128,9.71244],[79.81145,9.71282],[79.81174,9.71322],[79.81174,9.71336],[79.81183,9.71354],[79.81207,9.71374],[79.81235,9.71416],[79.81238,9.71431],[79.81249,9.71453],[79.81268,9.71469],[79.81283,9.71501],[79.8136,9.71527],[79.81373,9.71558],[79.814,9.71569],[79.81419,9.71572],[79.81438,9.71554],[79.81446,9.71532],[79.81452,9.71493],[79.81465,9.71446],[79.8145,9.71418],[79.81459,9.71399],[79.81449,9.71374],[79.81455,9.71354],[79.81453,9.7134],[79.81458,9.71329],[79.81461,9.71306],[79.81454,9.7129],[79.81453,9.71278],[79.81447,9.71266],[79.81454,9.7124],[79.81468,9.71215],[79.81474,9.71185],[79.81468,9.71145],[79.81467,9.71121],[79.81476,9.71114],[79.81478,9.71103],[79.81459,9.71059],[79.814,9.71009],[79.81386,9.70991],[79.81372,9.70934],[79.81377,9.70887],[79.81374,9.7084],[79.81362,9.70814],[79.81341,9.70789],[79.81331,9.70746],[79.8133,9.70722],[79.81323,9.7069],[79.8131,9.70673],[79.81295,9.70638],[79.813,9.70612],[79.81255,9.70524],[79.81255,9.70499],[79.81245,9.70458],[79.81245,9.70414],[79.81227,9.70369],[79.81186,9.70296],[79.81177,9.70251],[79.81172,9.70205],[79.8116,9.7016],[79.81163,9.70122],[79.81172,9.7009],[79.8117,9.70058],[79.81182,9.70024],[79.81229,9.69926],[79.81231,9.69901],[79.81223,9.69865],[79.81221,9.69839],[79.81215,9.69814],[79.81235,9.69748],[79.81239,9.69713],[79.81248,9.69689],[79.81278,9.69622],[79.81282,9.69602],[79.81304,9.69576],[79.81318,9.69554],[79.81333,9.69545],[79.81343,9.69528],[79.81365,9.69516],[79.81384,9.69489],[79.81394,9.6946],[79.81396,9.6945],[79.81386,9.6944],[79.81372,9.69328],[79.81351,9.69282],[79.81337,9.69274],[79.81332,9.69263],[79.8132,9.69254],[79.81316,9.69241],[79.81318,9.69217],[79.81312,9.69196],[79.81311,9.69153],[79.813,9.69134],[79.8129,9.69043],[79.813,9.6903],[79.81289,9.69002],[79.813,9.68976],[79.81324,9.68948],[79.81346,9.68932],[79.81345,9.68926],[79.81345,9.68921],[79.81329,9.68924],[79.81307,9.68907],[79.81292,9.68878],[79.81287,9.68841]]]},"properties":{"name":null,"source":"OpenStreetMap + Natural Earth","source_id":"osm_coastline","geometry_quality":"mapped_polygon"}},{"type":"Feature","geometry":{"type":"Polygon","coordinates":[[[79.81278,8.40626],[79.81278,8.40606],[79.81271,8.40583],[79.8126,8.40565],[79.8125,8.40554],[79.81229,8.40544],[79.81199,8.40525],[79.81152,8.40507],[79.811,8.40486],[79.81016,8.40458],[79.81007,8.40434],[79.80992,8.4041],[79.8097,8.40396],[79.80889,8.40379],[79.80862,8.40378],[79.80748,8.40406],[79.80697,8.40441],[79.80644,8.40497],[79.80598,8.40548],[79.80546,8.4064],[79.80524,8.40735],[79.80535,8.40776],[79.80545,8.40795],[79.80599,8.40807],[79.80611,8.40856],[79.80609,8.40906],[79.80609,8.40972],[79.8061,8.41092],[79.80603,8.41201],[79.80592,8.41326],[79.80581,8.41443],[79.80576,8.41567],[79.80562,8.41713],[79.8056,8.41839],[79.80583,8.41923],[79.8061,8.41978],[79.80624,8.42006],[79.80639,8.42027],[79.8067,8.42065],[79.80698,8.42079],[79.80725,8.42091],[79.80732,8.42122],[79.80763,8.42132],[79.80752,8.42109],[79.80746,8.42094],[79.80751,8.42079],[79.80734,8.42047],[79.807,8.42018],[79.80686,8.41981],[79.80704,8.41964],[79.80681,8.41926],[79.80646,8.41889],[79.80629,8.41856],[79.80646,8.41774],[79.8065,8.41712],[79.80659,8.41686],[79.80674,8.41709],[79.80678,8.41681],[79.80671,8.41653],[79.80647,8.41619],[79.806,8.41533],[79.80611,8.41474],[79.80614,8.41414],[79.80612,8.41389],[79.80641,8.41365],[79.80649,8.4134],[79.80669,8.41314],[79.80678,8.41286],[79.80676,8.41221],[79.80658,8.41197],[79.80656,8.41085],[79.80687,8.41037],[79.80718,8.4096],[79.80712,8.409],[79.80697,8.40864],[79.80633,8.40826],[79.80607,8.40788],[79.80607,8.40753],[79.80641,8.40667],[79.80626,8.40646],[79.80603,8.40629],[79.80607,8.40602],[79.80629,8.40556],[79.80668,8.40548],[79.80734,8.40538],[79.80837,8.40509],[79.80929,8.40526],[79.80995,8.40537],[79.81051,8.40538],[79.81115,8.40534],[79.8118,8.40552],[79.81188,8.40581],[79.81212,8.40599],[79.81236,8.40626],[79.81235,8.40666],[79.81278,8.40626]]]},"properties":{"name":null,"source":"OpenStreetMap + Natural Earth","source_id":"osm_coastline","geometry_quality":"mapped_polygon"}},{"type":"Feature","geometry":{"type":"Polygon","coordinates":[[[79.81071,8.16192],[79.81067,8.16186],[79.8106,8.16184],[79.81049,8.16185],[79.81029,8.16189],[79.81013,8.16202],[79.80998,8.16214],[79.80986,8.16228],[79.80973,8.16238],[79.80961,8.1625],[79.80957,8.16256],[79.80952,8.16263],[79.80948,8.16266],[79.80945,8.16269],[79.80937,8.16278],[79.80927,8.16282],[79.80918,8.16286],[79.80905,8.16292],[79.80893,8.16301],[79.80882,8.16313],[79.80867,8.16334],[79.8086,8.16357],[79.80859,8.16372],[79.8086,8.16383],[79.8086,8.16396],[79.80855,8.16409],[79.80844,8.16422],[79.80828,8.16441],[79.80821,8.1645],[79.80811,8.16469],[79.80805,8.1648],[79.808,8.16485],[79.80797,8.16492],[79.80798,8.16496],[79.80799,8.16499],[79.80802,8.16503],[79.80802,8.16508],[79.80801,8.16518],[79.80792,8.16532],[79.8079,8.16535],[79.80787,8.16538],[79.80786,8.1654],[79.80787,8.16544],[79.80793,8.16551],[79.80798,8.16557],[79.80801,8.16568],[79.80798,8.16583],[79.80793,8.16604],[79.80787,8.16617],[79.80781,8.16624],[79.80778,8.16628],[79.80776,8.1663],[79.80773,8.1663],[79.80771,8.16632],[79.80772,8.16634],[79.80776,8.16637],[79.80778,8.16643],[79.80773,8.16654],[79.80766,8.16664],[79.80764,8.16671],[79.80764,8.16678],[79.80763,8.16684],[79.80766,8.1669],[79.80765,8.16697],[79.80761,8.1672],[79.80759,8.16739],[79.80756,8.16756],[79.80746,8.16775],[79.80739,8.16788],[79.80731,8.16801],[79.80728,8.16814],[79.80724,8.16842],[79.80719,8.1688],[79.8072,8.16902],[79.8072,8.1692],[79.80709,8.16963],[79.80698,8.17011],[79.80694,8.1703],[79.80689,8.17065],[79.80683,8.17084],[79.80676,8.17113],[79.80662,8.17144],[79.80654,8.17159],[79.80643,8.17182],[79.80639,8.1719],[79.80639,8.17194],[79.8064,8.17201],[79.80639,8.17206],[79.80634,8.17215],[79.80633,8.17219],[79.80631,8.17227],[79.8063,8.17237],[79.80623,8.17252],[79.8062,8.17267],[79.80615,8.17293],[79.80608,8.17319],[79.80605,8.17341],[79.80602,8.1736],[79.8059,8.17395],[79.80576,8.17423],[79.80565,8.17438],[79.8056,8.17451],[79.80549,8.17464],[79.80541,8.1748],[79.80536,8.17495],[79.80537,8.17506],[79.80538,8.1751],[79.80545,8.17515],[79.80557,8.17515],[79.80572,8.17508],[79.80589,8.17504],[79.8061,8.17496],[79.80636,8.17482],[79.80658,8.17472],[79.80684,8.17455],[79.80701,8.1745],[79.80711,8.1744],[79.80723,8.17418],[79.80727,8.17403],[79.80735,8.17394],[79.80756,8.17381],[79.80773,8.17372],[79.80795,8.1736],[79.80809,8.17352],[79.80818,8.17346],[79.80831,8.1734],[79.80839,8.17338],[79.80843,8.17338],[79.80847,8.17338],[79.80849,8.17338],[79.8085,8.17335],[79.8085,8.17326],[79.80854,8.17317],[79.80862,8.17303],[79.8087,8.17291],[79.80876,8.17283],[79.80886,8.17269],[79.80892,8.17262],[79.80897,8.17255],[79.80898,8.1725],[79.80898,8.17247],[79.80896,8.17242],[79.80893,8.17228],[79.80893,8.17214],[79.80892,8.17196],[79.80893,8.17184],[79.80893,8.17178],[79.80899,8.17171],[79.80902,8.17165],[79.80905,8.17154],[79.80906,8.17149],[79.80904,8.17146],[79.80904,8.17141],[79.80901,8.17136],[79.80886,8.17124],[79.8087,8.17111],[79.80856,8.17098],[79.80844,8.17088],[79.80835,8.17078],[79.80826,8.17067],[79.8082,8.17058],[79.80817,8.17053],[79.80814,8.17044],[79.80814,8.17039],[79.80815,8.1703],[79.80816,8.17018],[79.80817,8.17008],[79.80824,8.16982],[79.80829,8.16969],[79.80834,8.1696],[79.80836,8.1695],[79.80837,8.16943],[79.80834,8.16932],[79.80833,8.16925],[79.80838,8.16913],[79.80862,8.16888],[79.8089,8.16853],[79.80949,8.16792],[79.80992,8.1676],[79.8101,8.16741],[79.81039,8.16717],[79.81048,8.167],[79.8105,8.16683],[79.81052,8.16663],[79.81062,8.16645],[79.81072,8.16629],[79.81083,8.16604],[79.81087,8.16594],[79.81096,8.16587],[79.81109,8.16586],[79.81125,8.16589],[79.81135,8.16587],[79.81145,8.16585],[79.81158,8.16579],[79.81166,8.16576],[79.81177,8.16574],[79.81186,8.16573],[79.81193,8.16571],[79.81208,8.16567],[79.81221,8.16557],[79.81233,8.16547],[79.81245,8.16533],[79.81253,8.16514],[79.8126,8.16493],[79.81265,8.16472],[79.81262,8.16444],[79.81259,8.16402],[79.81256,8.16378],[79.8125,8.16359],[79.81244,8.16348],[79.81235,8.1634],[79.81225,8.16329],[79.81221,8.16325],[79.81217,8.16322],[79.81214,8.16322],[79.81209,8.16323],[79.812,8.16325],[79.81197,8.16325],[79.81194,8.16324],[79.81191,8.16319],[79.81187,8.16317],[79.81183,8.16315],[79.81179,8.16313],[79.81174,8.16312],[79.81167,8.16314],[79.8116,8.16316],[79.81154,8.16319],[79.81151,8.16319],[79.81149,8.16318],[79.81147,8.16315],[79.81141,8.16307],[79.81136,8.16301],[79.81129,8.16297],[79.81121,8.16293],[79.81117,8.16292],[79.81115,8.1629],[79.81114,8.16289],[79.81114,8.16288],[79.81115,8.16286],[79.81118,8.16284],[79.81119,8.16282],[79.81118,8.16277],[79.81114,8.16271],[79.81108,8.1626],[79.81103,8.16254],[79.81097,8.16246],[79.81089,8.16241],[79.81084,8.16236],[79.81083,8.16231],[79.81081,8.16221],[79.81078,8.16213],[79.81076,8.16203],[79.81071,8.16192]]]},"properties":{"name":null,"source":"OpenStreetMap + Natural Earth","source_id":"osm_coastline","geometry_quality":"mapped_polygon"}},{"type":"Feature","geometry":{"type":"Polygon","coordinates":[[[79.81023,8.33875],[79.81039,8.3389],[79.81048,8.33871],[79.81054,8.33858],[79.81057,8.33836],[79.81057,8.33815],[79.81039,8.33788],[79.81037,8.33796],[79.81028,8.33831],[79.81005,8.33855],[79.80979,8.33864],[79.80951,8.33861],[79.80923,8.33867],[79.80907,8.33885],[79.80862,8.33894],[79.80831,8.33903],[79.80805,8.33913],[79.80845,8.33915],[79.80891,8.33904],[79.80936,8.33893],[79.80923,8.33882],[79.80936,8.33867],[79.80957,8.33867],[79.80972,8.33875],[79.81023,8.33875]]]},"properties":{"name":null,"source":"OpenStreetMap + Natural Earth","source_id":"osm_coastline","geometry_quality":"mapped_polygon"}},{"type":"Feature","geometry":{"type":"Polygon","coordinates":[[[79.80741,8.4411],[79.80732,8.44088],[79.80728,8.44074],[79.80749,8.44068],[79.80796,8.44098],[79.80829,8.44125],[79.80852,8.44145],[79.80877,8.44155],[79.80888,8.44146],[79.80892,8.44134],[79.80883,8.44129],[79.80828,8.44103],[79.80797,8.44085],[79.80795,8.44056],[79.80811,8.44037],[79.8085,8.44036],[79.80864,8.44031],[79.80851,8.44022],[79.8083,8.44016],[79.80799,8.44025],[79.80753,8.4404],[79.80709,8.44037],[79.80669,8.44003],[79.80674,8.43977],[79.80668,8.43953],[79.8065,8.4393],[79.80637,8.43913],[79.80633,8.43887],[79.80626,8.43863],[79.80633,8.43842],[79.80664,8.43835],[79.80682,8.43817],[79.80662,8.43807],[79.80639,8.43809],[79.80625,8.43823],[79.8061,8.43849],[79.80595,8.43856],[79.80579,8.43839],[79.80567,8.43814],[79.80573,8.43801],[79.80595,8.43799],[79.80616,8.43795],[79.80649,8.43772],[79.80661,8.4375],[79.8067,8.43717],[79.80649,8.43712],[79.80616,8.43711],[79.80582,8.4367],[79.80548,8.43609],[79.8052,8.43581],[79.80515,8.43549],[79.80511,8.43512],[79.80516,8.43497],[79.8053,8.43508],[79.80542,8.43513],[79.80571,8.43504],[79.80602,8.43515],[79.80664,8.43518],[79.8069,8.43542],[79.80715,8.43541],[79.80704,8.43526],[79.80693,8.43516],[79.80556,8.43488],[79.80528,8.43487],[79.80508,8.43472],[79.80503,8.43458],[79.805,8.43439],[79.80524,8.43408],[79.80534,8.43384],[79.80509,8.43366],[79.80486,8.43338],[79.80473,8.4328],[79.8047,8.43238],[79.80496,8.43219],[79.80527,8.43228],[79.80504,8.4321],[79.8047,8.43204],[79.80478,8.4316],[79.80481,8.43115],[79.80502,8.43065],[79.80507,8.43048],[79.80503,8.4303],[79.80514,8.43009],[79.80507,8.43004],[79.80488,8.43013],[79.80471,8.43045],[79.8046,8.43105],[79.80451,8.43166],[79.80448,8.43226],[79.80468,8.43362],[79.80484,8.43578],[79.805,8.43696],[79.80516,8.43795],[79.80516,8.43851],[79.80522,8.43908],[79.80519,8.43956],[79.80548,8.43997],[79.80558,8.44028],[79.8057,8.44055],[79.80596,8.4407],[79.80626,8.44075],[79.80646,8.44093],[79.80667,8.44119],[79.80692,8.44137],[79.80729,8.44143],[79.8075,8.4413],[79.80741,8.4411]]]},"properties":{"name":null,"source":"OpenStreetMap + Natural Earth","source_id":"osm_coastline","geometry_quality":"mapped_polygon"}},{"type":"Feature","geometry":{"type":"Polygon","coordinates":[[[79.8068,8.42181],[79.80683,8.42174],[79.80694,8.4218],[79.80699,8.42168],[79.80705,8.42161],[79.80722,8.42167],[79.8073,8.42172],[79.80736,8.42156],[79.80727,8.42141],[79.80703,8.42132],[79.80678,8.42129],[79.80664,8.42134],[79.80639,8.42157],[79.80611,8.42196],[79.80592,8.4226],[79.8058,8.42341],[79.80579,8.42404],[79.80576,8.42463],[79.80577,8.42506],[79.80589,8.42525],[79.80606,8.42533],[79.8061,8.42525],[79.80602,8.42515],[79.80604,8.42506],[79.80624,8.42512],[79.80655,8.42517],[79.80655,8.42507],[79.80634,8.42498],[79.8062,8.42484],[79.80624,8.42456],[79.80615,8.42426],[79.80601,8.42398],[79.80601,8.42362],[79.80609,8.42324],[79.80637,8.42297],[79.80655,8.42288],[79.8068,8.42285],[79.80687,8.42284],[79.80683,8.42278],[79.80675,8.42267],[79.80665,8.42258],[79.80655,8.42242],[79.80651,8.42224],[79.80647,8.42208],[79.80647,8.42192],[79.80649,8.4218],[79.80658,8.42177],[79.80671,8.4219],[79.8068,8.42181]]]},"properties":{"name":null,"source":"OpenStreetMap + Natural Earth","source_id":"osm_coastline","geometry_quality":"mapped_polygon"}},{"type":"Feature","geometry":{"type":"Polygon","coordinates":[[[79.80703,8.22517],[79.807,8.22511],[79.8069,8.22502],[79.80676,8.22495],[79.80666,8.2249],[79.80657,8.22489],[79.80647,8.22492],[79.80637,8.22496],[79.80631,8.22503],[79.80627,8.22513],[79.80628,8.22521],[79.80632,8.22529],[79.80641,8.22541],[79.80649,8.22548],[79.80665,8.22552],[79.80668,8.22551],[79.80672,8.22549],[79.80675,8.22548],[79.8068,8.22547],[79.8069,8.22546],[79.807,8.22544],[79.80705,8.22537],[79.80706,8.22531],[79.80703,8.22517]]]},"properties":{"name":null,"source":"OpenStreetMap + Natural Earth","source_id":"osm_coastline","geometry_quality":"mapped_polygon"}},{"type":"Feature","geometry":{"type":"Polygon","coordinates":[[[79.78123,8.50993],[79.78114,8.51015],[79.78117,8.5102],[79.78128,8.51029],[79.78143,8.51056],[79.78162,8.51103],[79.78167,8.5112],[79.78166,8.51142],[79.78167,8.51151],[79.78186,8.51191],[79.78191,8.51215],[79.78195,8.51228],[79.78202,8.51251],[79.78221,8.51279],[79.78229,8.51329],[79.78228,8.51337],[79.78236,8.51367],[79.7826,8.51402],[79.78273,8.51443],[79.7828,8.51457],[79.78288,8.51468],[79.78304,8.51484],[79.78324,8.51499],[79.78343,8.51509],[79.7837,8.51519],[79.78375,8.51546],[79.78374,8.51567],[79.78381,8.51585],[79.78394,8.51613],[79.78403,8.51641],[79.7841,8.51656],[79.78412,8.51665],[79.78415,8.51696],[79.7842,8.51709],[79.78425,8.51716],[79.78462,8.51732],[79.78483,8.5175],[79.7849,8.51762],[79.78493,8.51784],[79.785,8.51802],[79.78528,8.5185],[79.78542,8.51867],[79.78561,8.51912],[79.78572,8.51926],[79.78596,8.51942],[79.78615,8.51958],[79.78631,8.51982],[79.78639,8.52004],[79.7865,8.52023],[79.78657,8.52044],[79.7866,8.52062],[79.78659,8.5209],[79.78664,8.52109],[79.78668,8.52113],[79.78678,8.52134],[79.78683,8.52156],[79.78684,8.52184],[79.78689,8.52196],[79.7869,8.52206],[79.78683,8.52231],[79.78685,8.5224],[79.78699,8.52258],[79.78706,8.52283],[79.78711,8.52357],[79.7871,8.52366],[79.78703,8.5239],[79.78703,8.52399],[79.78709,8.52423],[79.78708,8.52433],[79.78702,8.52448],[79.787,8.52463],[79.78688,8.52531],[79.78685,8.52562],[79.78677,8.52599],[79.78672,8.52623],[79.78662,8.52677],[79.78653,8.52697],[79.78647,8.52722],[79.78643,8.52745],[79.7864,8.52759],[79.78628,8.52789],[79.78627,8.52798],[79.78628,8.52802],[79.78619,8.52831],[79.7862,8.52851],[79.78619,8.52858],[79.78605,8.5289],[79.78594,8.52921],[79.78587,8.52962],[79.78576,8.5299],[79.78576,8.52995],[79.7857,8.53027],[79.78562,8.53059],[79.78559,8.53119],[79.78557,8.53138],[79.7855,8.5315],[79.78545,8.53172],[79.78544,8.53202],[79.78545,8.53215],[79.78554,8.53229],[79.78562,8.53238],[79.78571,8.53269],[79.78569,8.53286],[79.78564,8.53309],[79.7855,8.53347],[79.78539,8.53368],[79.78519,8.53394],[79.78495,8.53432],[79.78488,8.53446],[79.78475,8.53457],[79.78467,8.53478],[79.78461,8.53495],[79.78461,8.53504],[79.78469,8.53523],[79.78472,8.5353],[79.78474,8.53538],[79.78473,8.53546],[79.78463,8.53578],[79.78463,8.53592],[79.78461,8.536],[79.78449,8.53632],[79.78433,8.53662],[79.78417,8.53684],[79.78398,8.53722],[79.78377,8.5375],[79.78368,8.53759],[79.78343,8.53801],[79.78319,8.53834],[79.7831,8.53847],[79.78295,8.5388],[79.78296,8.53885],[79.783,8.5389],[79.78313,8.53894],[79.78318,8.53894],[79.78347,8.53889],[79.78387,8.53875],[79.78408,8.5387],[79.7843,8.53866],[79.78435,8.53867],[79.78441,8.53869],[79.78448,8.53875],[79.78459,8.53897],[79.78485,8.53927],[79.78511,8.53953],[79.7854,8.53974],[79.78553,8.53977],[79.78566,8.53969],[79.78571,8.53959],[79.78571,8.53954],[79.78568,8.53949],[79.78564,8.53945],[79.7855,8.53935],[79.78529,8.53927],[79.78512,8.53916],[79.78495,8.53901],[79.78489,8.53888],[79.78489,8.53877],[79.78491,8.53872],[79.78511,8.53849],[79.78516,8.53841],[79.78517,8.53835],[79.78513,8.53824],[79.78501,8.53816],[79.78481,8.53791],[79.78487,8.5378],[79.78494,8.53756],[79.78494,8.53744],[79.78491,8.53737],[79.78488,8.53731],[79.78484,8.53729],[79.78478,8.53729],[79.78473,8.53731],[79.78467,8.5374],[79.78461,8.53756],[79.78456,8.53758],[79.78451,8.53757],[79.78447,8.53753],[79.78448,8.5375],[79.78457,8.53738],[79.78479,8.53722],[79.78501,8.53712],[79.78518,8.53711],[79.78535,8.53712],[79.7857,8.5372],[79.78594,8.53728],[79.78614,8.53731],[79.78651,8.53733],[79.78662,8.53736],[79.78702,8.53752],[79.78752,8.53785],[79.78736,8.5375],[79.78721,8.53737],[79.78704,8.53727],[79.78598,8.53684],[79.7859,8.53679],[79.78584,8.53669],[79.78583,8.53639],[79.78584,8.53633],[79.78588,8.53629],[79.78605,8.53622],[79.78615,8.53614],[79.78623,8.53593],[79.78622,8.53587],[79.786,8.5353],[79.786,8.53516],[79.78603,8.53503],[79.78607,8.53458],[79.78604,8.53447],[79.78595,8.53423],[79.78593,8.53408],[79.78595,8.53393],[79.78602,8.53377],[79.78604,8.53372],[79.78605,8.53366],[79.78604,8.53345],[79.78609,8.53327],[79.78609,8.53311],[79.78603,8.5328],[79.78598,8.53257],[79.78598,8.53237],[79.78599,8.53185],[79.78615,8.53158],[79.78625,8.53132],[79.78625,8.53118],[79.78621,8.53096],[79.78626,8.53074],[79.78625,8.53048],[79.78632,8.53013],[79.78654,8.52955],[79.78653,8.52924],[79.78655,8.52911],[79.78669,8.5287],[79.78679,8.52856],[79.78692,8.52825],[79.78694,8.52803],[79.78691,8.52784],[79.78697,8.52754],[79.78691,8.52709],[79.78695,8.52702],[79.78706,8.52687],[79.78716,8.52672],[79.78724,8.52647],[79.78732,8.52611],[79.78737,8.52601],[79.78744,8.52589],[79.78766,8.52573],[79.78776,8.52559],[79.78803,8.52538],[79.78843,8.52515],[79.78856,8.52504],[79.78867,8.525],[79.78872,8.525],[79.78869,8.52505],[79.78865,8.52509],[79.78864,8.52517],[79.7887,8.52523],[79.78878,8.52525],[79.78884,8.52531],[79.78881,8.52542],[79.78885,8.52552],[79.78892,8.52555],[79.78901,8.52544],[79.78904,8.52533],[79.78901,8.52523],[79.78876,8.52475],[79.78867,8.52454],[79.78867,8.52446],[79.78878,8.52417],[79.78879,8.52403],[79.78871,8.52379],[79.7885,8.52336],[79.78842,8.52307],[79.78842,8.52302],[79.78848,8.52292],[79.78851,8.52285],[79.7885,8.52282],[79.78841,8.52271],[79.78841,8.5226],[79.78836,8.52249],[79.7883,8.52244],[79.78824,8.52234],[79.78818,8.52214],[79.78813,8.52187],[79.78812,8.5217],[79.7881,8.52165],[79.788,8.52146],[79.78777,8.5212],[79.7876,8.52087],[79.78753,8.52078],[79.78745,8.52056],[79.78745,8.52045],[79.78748,8.5204],[79.78757,8.52034],[79.78759,8.52029],[79.7876,8.52001],[79.78763,8.51988],[79.78768,8.51972],[79.78785,8.51936],[79.78786,8.51922],[79.78789,8.51914],[79.78795,8.5191],[79.78802,8.51914],[79.78803,8.51917],[79.788,8.51922],[79.78794,8.51928],[79.78792,8.51933],[79.78794,8.51938],[79.78801,8.51943],[79.78802,8.51945],[79.78801,8.51954],[79.78794,8.51963],[79.78795,8.51968],[79.78804,8.51973],[79.7881,8.51973],[79.78814,8.51969],[79.78816,8.51954],[79.78809,8.51933],[79.78811,8.51913],[79.78803,8.51896],[79.78789,8.51882],[79.7877,8.51849],[79.78756,8.51832],[79.78753,8.51823],[79.78753,8.51807],[79.7875,8.51799],[79.78746,8.51795],[79.78722,8.5178],[79.78699,8.51755],[79.78692,8.5175],[79.78683,8.51733],[79.78682,8.51713],[79.78676,8.51694],[79.78676,8.51681],[79.78677,8.51675],[79.78688,8.51671],[79.78694,8.51665],[79.78697,8.51649],[79.78687,8.51615],[79.78666,8.51584],[79.78656,8.51564],[79.78645,8.51547],[79.78619,8.51518],[79.78616,8.5151],[79.78607,8.51503],[79.78589,8.51497],[79.78583,8.5149],[79.78582,8.51482],[79.78582,8.51457],[79.78585,8.51456],[79.78592,8.51462],[79.78593,8.51464],[79.78596,8.51475],[79.78598,8.51477],[79.786,8.51477],[79.78602,8.51475],[79.78606,8.51467],[79.78605,8.51456],[79.78595,8.51436],[79.78592,8.51423],[79.78592,8.51398],[79.78593,8.51396],[79.78603,8.5139],[79.78605,8.51395],[79.78621,8.51368],[79.78622,8.51363],[79.78623,8.51349],[79.78617,8.51324],[79.7862,8.5132],[79.78629,8.51314],[79.78635,8.51302],[79.78644,8.51288],[79.78647,8.51272],[79.78654,8.51257],[79.7866,8.51237],[79.78652,8.51188],[79.78646,8.51166],[79.78642,8.51129],[79.78641,8.51104],[79.78616,8.51055],[79.78607,8.51031],[79.78606,8.5102],[79.78609,8.51007],[79.78616,8.50998],[79.78634,8.50987],[79.78648,8.50982],[79.78666,8.50979],[79.7868,8.50981],[79.78705,8.50992],[79.78736,8.51011],[79.78741,8.51011],[79.78743,8.51009],[79.78745,8.50998],[79.7874,8.5099],[79.78733,8.50985],[79.78663,8.50961],[79.78652,8.50959],[79.78621,8.50959],[79.78602,8.50954],[79.78588,8.50952],[79.78566,8.50951],[79.78538,8.50945],[79.78466,8.50925],[79.78404,8.50896],[79.78396,8.50892],[79.78386,8.50881],[79.78377,8.50863],[79.78355,8.50833],[79.7835,8.50791],[79.78313,8.50677],[79.78337,8.50587],[79.78347,8.50547],[79.78394,8.50466],[79.78408,8.50362],[79.78386,8.50306],[79.78386,8.50256],[79.78308,8.50138],[79.78233,8.5005],[79.78159,8.49935],[79.78146,8.49895],[79.78142,8.4988],[79.7814,8.49871],[79.78133,8.4985],[79.78138,8.49795],[79.78156,8.49766],[79.7818,8.49738],[79.78222,8.49691],[79.78231,8.49633],[79.78212,8.49592],[79.78198,8.49539],[79.78172,8.49512],[79.78118,8.49484],[79.78072,8.49443],[79.78003,8.49371],[79.77983,8.49335],[79.77991,8.49277],[79.7803,8.49229],[79.7811,8.49147],[79.78115,8.4911],[79.78107,8.49079],[79.78076,8.4904],[79.78076,8.48984],[79.78109,8.48908],[79.7816,8.48765],[79.78233,8.48715],[79.78297,8.48673],[79.78256,8.48623],[79.78243,8.4856],[79.78249,8.48482],[79.78278,8.48391],[79.78294,8.48297],[79.78291,8.48219],[79.78266,8.48168],[79.78241,8.48101],[79.78247,8.48058],[79.78269,8.48009],[79.7831,8.47931],[79.78329,8.47844],[79.78373,8.47725],[79.78372,8.47689],[79.78418,8.47614],[79.78435,8.4754],[79.78483,8.4741],[79.78533,8.47343],[79.78554,8.47288],[79.78568,8.47227],[79.78602,8.47166],[79.7871,8.47095],[79.78828,8.47073],[79.79007,8.47042],[79.79192,8.47],[79.79175,8.46954],[79.79113,8.46921],[79.79088,8.46883],[79.79055,8.46685],[79.79002,8.4666],[79.78985,8.46632],[79.79015,8.46597],[79.79092,8.46492],[79.79086,8.46454],[79.79037,8.46411],[79.79004,8.46391],[79.7899,8.46362],[79.79037,8.46283],[79.79137,8.46141],[79.79239,8.45963],[79.7929,8.45876],[79.79382,8.45777],[79.794,8.45758],[79.79417,8.45753],[79.79432,8.45693],[79.79464,8.4566],[79.79499,8.45591],[79.79562,8.45489],[79.79584,8.45483],[79.79603,8.45449],[79.79605,8.45422],[79.79653,8.45364],[79.79693,8.45339],[79.79732,8.45319],[79.79768,8.45311],[79.79843,8.45268],[79.79942,8.45229],[79.80028,8.45199],[79.80067,8.45152],[79.8013,8.45125],[79.80224,8.45107],[79.80248,8.45075],[79.80291,8.45048],[79.80306,8.45038],[79.80385,8.45026],[79.80417,8.45013],[79.80447,8.45007],[79.80472,8.44982],[79.80521,8.44966],[79.80537,8.44982],[79.80568,8.44949],[79.80616,8.44956],[79.80659,8.4495],[79.8066,8.44927],[79.80633,8.44898],[79.80561,8.44878],[79.80454,8.44866],[79.80347,8.44891],[79.80226,8.44963],[79.80105,8.45057],[79.80063,8.4507],[79.80016,8.45042],[79.79953,8.45037],[79.79914,8.4507],[79.79856,8.45122],[79.7979,8.45179],[79.7975,8.45186],[79.79689,8.45244],[79.79626,8.45328],[79.79518,8.45493],[79.79386,8.45706],[79.79238,8.45887],[79.79203,8.45937],[79.79089,8.46153],[79.79007,8.46247],[79.78882,8.46434],[79.78852,8.46502],[79.78759,8.46671],[79.78505,8.47266],[79.78326,8.47689],[79.78243,8.4794],[79.78098,8.48366],[79.77958,8.48772],[79.77861,8.49262],[79.77813,8.49723],[79.77765,8.49792],[79.77741,8.49983],[79.77728,8.50187],[79.77827,8.50455],[79.77953,8.50568],[79.78046,8.50705],[79.78093,8.50885],[79.78088,8.50899],[79.7809,8.50903],[79.78093,8.50908],[79.78101,8.50912],[79.78111,8.50921],[79.78117,8.50934],[79.78123,8.50954],[79.78122,8.50969],[79.78123,8.50993]]]},"properties":{"name":null,"source":"OpenStreetMap + Natural Earth","source_id":"osm_coastline","geometry_quality":"mapped_polygon"}},{"type":"Feature","geometry":{"type":"Polygon","coordinates":[[[79.80484,8.22492],[79.80485,8.22492],[79.80487,8.22487],[79.80486,8.22484],[79.8048,8.22481],[79.80476,8.2248],[79.80471,8.22479],[79.80469,8.22476],[79.80465,8.22474],[79.80461,8.22474],[79.80458,8.22473],[79.80454,8.22473],[79.80448,8.22477],[79.80446,8.22481],[79.80445,8.22484],[79.80446,8.22487],[79.80448,8.22488],[79.8045,8.22492],[79.80452,8.22492],[79.80453,8.22498],[79.80456,8.22502],[79.8046,8.22507],[79.80465,8.22508],[79.8047,8.22506],[79.80472,8.22503],[79.80474,8.22502],[79.80476,8.22503],[79.80478,8.22502],[79.80479,8.22501],[79.80482,8.22499],[79.80484,8.22496],[79.80484,8.22493],[79.80484,8.22492]]]},"properties":{"name":null,"source":"OpenStreetMap + Natural Earth","source_id":"osm_coastline","geometry_quality":"mapped_polygon"}},{"type":"Feature","geometry":{"type":"Polygon","coordinates":[[[79.80183,9.5943],[79.80175,9.59434],[79.80153,9.5945],[79.80144,9.59476],[79.80126,9.59497],[79.80122,9.59524],[79.80132,9.59533],[79.80135,9.59549],[79.80146,9.59558],[79.80158,9.59563],[79.8018,9.59559],[79.80201,9.59551],[79.80206,9.59539],[79.80207,9.59519],[79.80213,9.59497],[79.80238,9.59488],[79.80243,9.59482],[79.80237,9.5947],[79.80204,9.5943],[79.80183,9.5943]]]},"properties":{"name":null,"source":"OpenStreetMap + Natural Earth","source_id":"osm_coastline","geometry_quality":"mapped_polygon"}},{"type":"Feature","geometry":{"type":"Polygon","coordinates":[[[79.79537,8.30595],[79.79538,8.30565],[79.79599,8.3055],[79.79652,8.30539],[79.79666,8.30524],[79.79709,8.30507],[79.79765,8.30493],[79.79842,8.30489],[79.79929,8.30496],[79.79989,8.30482],[79.80086,8.30479],[79.80176,8.30469],[79.80194,8.30469],[79.80195,8.30489],[79.80199,8.30501],[79.80205,8.30495],[79.80204,8.3047],[79.80211,8.30458],[79.8022,8.3044],[79.80217,8.30416],[79.80197,8.30398],[79.80197,8.30389],[79.80186,8.3038],[79.8017,8.30361],[79.80161,8.3034],[79.80149,8.30302],[79.80149,8.30289],[79.80135,8.30274],[79.80109,8.30276],[79.80091,8.30276],[79.80082,8.30283],[79.80095,8.3029],[79.80124,8.30321],[79.80153,8.30337],[79.80158,8.30355],[79.80171,8.30378],[79.80169,8.30389],[79.80141,8.30394],[79.80109,8.30394],[79.80078,8.30391],[79.80057,8.30376],[79.80057,8.30356],[79.80035,8.30345],[79.80013,8.30337],[79.79978,8.30329],[79.79944,8.30339],[79.79935,8.30371],[79.79928,8.30398],[79.7991,8.304],[79.79902,8.3042],[79.79896,8.30439],[79.79865,8.30444],[79.79825,8.30444],[79.79793,8.30433],[79.79769,8.30411],[79.79738,8.30408],[79.79702,8.30423],[79.79702,8.30444],[79.79717,8.30469],[79.79695,8.30484],[79.79651,8.30504],[79.79615,8.30526],[79.79575,8.30531],[79.79558,8.30507],[79.79559,8.30461],[79.7957,8.30422],[79.79581,8.30379],[79.79578,8.30339],[79.79597,8.30325],[79.79607,8.30308],[79.79615,8.30281],[79.79612,8.30259],[79.79626,8.30247],[79.79626,8.30204],[79.79621,8.3018],[79.79607,8.3016],[79.79557,8.30148],[79.79546,8.30129],[79.79544,8.30103],[79.79534,8.30079],[79.79535,8.30045],[79.79547,8.30022],[79.79584,8.30007],[79.7961,8.3001],[79.7965,8.30015],[79.79674,8.30012],[79.79704,8.30001],[79.7972,8.29979],[79.7972,8.29959],[79.79723,8.29926],[79.7971,8.29908],[79.79685,8.29898],[79.7967,8.29874],[79.79626,8.29864],[79.7959,8.29852],[79.7956,8.29844],[79.79531,8.29825],[79.79535,8.29805],[79.79535,8.29784],[79.79529,8.29767],[79.79525,8.29747],[79.79525,8.29719],[79.79529,8.29697],[79.79546,8.29669],[79.79576,8.29654],[79.796,8.29651],[79.79621,8.29646],[79.79649,8.29623],[79.79683,8.29603],[79.79719,8.2961],[79.79747,8.29626],[79.79765,8.29646],[79.79755,8.29665],[79.7974,8.29694],[79.79749,8.29722],[79.79773,8.29735],[79.79797,8.29724],[79.79811,8.29724],[79.7984,8.29719],[79.79873,8.29719],[79.79891,8.2974],[79.79902,8.29775],[79.79923,8.29791],[79.79935,8.29812],[79.79955,8.29816],[79.79963,8.29834],[79.7996,8.29847],[79.79958,8.29871],[79.79947,8.29884],[79.7995,8.29898],[79.79965,8.29896],[79.79983,8.29884],[79.7999,8.29867],[79.80015,8.29856],[79.80056,8.29858],[79.80076,8.2988],[79.80096,8.29896],[79.80088,8.29916],[79.80078,8.2992],[79.80058,8.29922],[79.80046,8.29913],[79.80036,8.29916],[79.80026,8.29937],[79.80012,8.29945],[79.7997,8.29975],[79.7993,8.30009],[79.79947,8.30053],[79.79948,8.30075],[79.79948,8.30086],[79.79961,8.3009],[79.79961,8.30066],[79.79955,8.30043],[79.79941,8.30012],[79.79953,8.30002],[79.80012,8.29973],[79.80042,8.29973],[79.80076,8.29967],[79.80101,8.29984],[79.80106,8.29933],[79.80107,8.29898],[79.80118,8.29868],[79.80109,8.29843],[79.80109,8.29807],[79.80078,8.2977],[79.80055,8.29698],[79.80029,8.29649],[79.80015,8.29599],[79.80007,8.29552],[79.79968,8.29467],[79.79945,8.29449],[79.79868,8.2942],[79.79811,8.29416],[79.7971,8.29439],[79.79672,8.29444],[79.79633,8.29473],[79.79557,8.29558],[79.79489,8.29681],[79.79424,8.298],[79.79424,8.29821],[79.79382,8.29902],[79.7939,8.2995],[79.79389,8.30015],[79.79368,8.30084],[79.79349,8.30143],[79.79353,8.30226],[79.79361,8.30309],[79.79351,8.30341],[79.79374,8.30423],[79.79413,8.30489],[79.79482,8.30566],[79.79537,8.30636],[79.79537,8.30595]]]},"properties":{"name":null,"source":"OpenStreetMap + Natural Earth","source_id":"osm_coastline","geometry_quality":"mapped_polygon"}},{"type":"Feature","geometry":{"type":"Polygon","coordinates":[[[79.80177,9.58566],[79.8019,9.58514],[79.80179,9.58461],[79.80168,9.5837],[79.80141,9.58279],[79.80144,9.58213],[79.80028,9.58007],[79.80054,9.58],[79.8009,9.58005],[79.80109,9.57953],[79.80095,9.57931],[79.80072,9.57906],[79.80043,9.57913],[79.80027,9.57922],[79.80035,9.57962],[79.80015,9.57974],[79.7999,9.57943],[79.79941,9.57921],[79.7985,9.57925],[79.79799,9.57968],[79.79764,9.58013],[79.79717,9.58024],[79.79577,9.58067],[79.79463,9.58206],[79.7943,9.58259],[79.79476,9.58334],[79.79468,9.5834],[79.79425,9.58295],[79.79413,9.58313],[79.79339,9.58316],[79.79227,9.5836],[79.79198,9.58385],[79.7919,9.58416],[79.79207,9.5858],[79.79226,9.58683],[79.79189,9.58826],[79.79236,9.589],[79.79332,9.58886],[79.79388,9.58886],[79.79435,9.58898],[79.79457,9.58883],[79.7949,9.58891],[79.79543,9.58883],[79.79608,9.58963],[79.7964,9.59073],[79.79664,9.59236],[79.79859,9.59043],[79.79918,9.58986],[79.7998,9.58926],[79.80005,9.58915],[79.80031,9.58886],[79.80061,9.58944],[79.80101,9.58942],[79.80128,9.58903],[79.80137,9.5887],[79.80211,9.58776],[79.80157,9.58668],[79.80147,9.58577],[79.80177,9.58566]]]},"properties":{"name":null,"source":"OpenStreetMap + Natural Earth","source_id":"osm_coastline","geometry_quality":"mapped_polygon"}},{"type":"Feature","geometry":{"type":"Polygon","coordinates":[[[79.79627,8.30051],[79.79627,8.30062],[79.79645,8.30091],[79.79645,8.30105],[79.79654,8.30119],[79.79688,8.30137],[79.79697,8.30144],[79.79724,8.30144],[79.79748,8.3013],[79.79758,8.30109],[79.7975,8.30086],[79.79734,8.30055],[79.79721,8.30044],[79.79685,8.30045],[79.79656,8.30051],[79.79627,8.30051]]]},"properties":{"name":null,"source":"OpenStreetMap + Natural Earth","source_id":"osm_coastline","geometry_quality":"mapped_polygon"}},{"type":"Feature","geometry":{"type":"Polygon","coordinates":[[[79.79623,9.59757],[79.79634,9.5973],[79.7968,9.59689],[79.79725,9.59472],[79.7969,9.59311],[79.79488,9.59122],[79.79481,9.5905],[79.79532,9.58982],[79.79505,9.58958],[79.79442,9.58959],[79.7937,9.58955],[79.79265,9.58947],[79.79221,9.59002],[79.79169,9.59132],[79.79129,9.59235],[79.7915,9.59284],[79.7913,9.59351],[79.79138,9.59539],[79.79211,9.5973],[79.79228,9.59771],[79.79223,9.5978],[79.7923,9.59786],[79.79242,9.59782],[79.79274,9.59783],[79.79312,9.59798],[79.79444,9.59934],[79.79427,9.6001],[79.79457,9.60029],[79.79486,9.60001],[79.79495,9.59971],[79.79519,9.59952],[79.79517,9.59906],[79.7951,9.59887],[79.79515,9.59865],[79.79586,9.5981],[79.79623,9.59757]]]},"properties":{"name":null,"source":"OpenStreetMap + Natural Earth","source_id":"osm_coastline","geometry_quality":"mapped_polygon"}},{"type":"Feature","geometry":{"type":"Polygon","coordinates":[[[79.79444,8.1659],[79.79445,8.16588],[79.7945,8.16578],[79.79454,8.16573],[79.79476,8.16559],[79.79505,8.16542],[79.79523,8.16533],[79.79534,8.1653],[79.79536,8.16529],[79.79539,8.16523],[79.79538,8.16503],[79.79538,8.16501],[79.79541,8.16497],[79.7955,8.16485],[79.79552,8.16481],[79.79572,8.1646],[79.79588,8.16433],[79.796,8.16422],[79.7962,8.16409],[79.79621,8.16407],[79.79619,8.16405],[79.79614,8.16406],[79.7961,8.16408],[79.79593,8.16425],[79.79579,8.16436],[79.79573,8.1644],[79.79565,8.16447],[79.79561,8.16449],[79.79545,8.16457],[79.79531,8.16457],[79.79524,8.16459],[79.79513,8.16466],[79.79508,8.16468],[79.79497,8.16468],[79.79495,8.16468],[79.7949,8.16473],[79.79478,8.16492],[79.79476,8.16498],[79.79472,8.16501],[79.7947,8.16505],[79.79466,8.16514],[79.7946,8.16521],[79.79449,8.16528],[79.79449,8.16538],[79.79448,8.16545],[79.79442,8.16553],[79.79431,8.16573],[79.7943,8.16577],[79.79424,8.16587],[79.79422,8.16596],[79.79421,8.16608],[79.79418,8.16617],[79.79414,8.16622],[79.79398,8.16643],[79.79392,8.16647],[79.79388,8.1665],[79.79385,8.16656],[79.79383,8.16663],[79.79383,8.1667],[79.79374,8.16683],[79.79373,8.16687],[79.79373,8.16689],[79.79375,8.16692],[79.79386,8.16686],[79.7939,8.16681],[79.79399,8.16667],[79.79409,8.16659],[79.79421,8.16644],[79.79433,8.16622],[79.79441,8.16599],[79.79443,8.16594],[79.79444,8.1659]]]},"properties":{"name":null,"source":"OpenStreetMap + Natural Earth","source_id":"osm_coastline","geometry_quality":"mapped_polygon"}},{"type":"Feature","geometry":{"type":"Polygon","coordinates":[[[79.79534,8.28438],[79.7954,8.28455],[79.79552,8.28437],[79.79552,8.28408],[79.79527,8.28384],[79.79522,8.28362],[79.79527,8.28336],[79.79511,8.28325],[79.79505,8.28304],[79.79464,8.2828],[79.79375,8.2825],[79.793,8.28237],[79.79246,8.28238],[79.79221,8.28261],[79.79183,8.28264],[79.79142,8.28297],[79.79101,8.28315],[79.79091,8.28339],[79.79053,8.28369],[79.79033,8.28383],[79.79009,8.28438],[79.78977,8.28477],[79.78987,8.28497],[79.78987,8.28546],[79.78987,8.28596],[79.79005,8.28628],[79.7903,8.28647],[79.79053,8.28659],[79.79056,8.28648],[79.79038,8.28645],[79.79015,8.28619],[79.79043,8.28628],[79.79101,8.28619],[79.79229,8.28566],[79.79312,8.28545],[79.79376,8.28518],[79.79434,8.28458],[79.79481,8.28432],[79.7951,8.28407],[79.79527,8.28402],[79.79542,8.2841],[79.79534,8.28438]]]},"properties":{"name":null,"source":"OpenStreetMap + Natural Earth","source_id":"osm_coastline","geometry_quality":"mapped_polygon"}},{"type":"Feature","geometry":{"type":"Polygon","coordinates":[[[79.79358,9.6874],[79.79354,9.68714],[79.79343,9.68681],[79.79343,9.68657],[79.79329,9.68638],[79.79316,9.68603],[79.79333,9.68565],[79.79326,9.68538],[79.79326,9.68497],[79.79322,9.68454],[79.79327,9.68437],[79.79339,9.6842],[79.79327,9.68407],[79.79326,9.68392],[79.79329,9.68376],[79.79318,9.68357],[79.79318,9.68331],[79.79331,9.68314],[79.79344,9.6827],[79.79337,9.68217],[79.79316,9.68162],[79.79307,9.68143],[79.79303,9.68115],[79.79286,9.68078],[79.7932,9.6799],[79.79326,9.67959],[79.79346,9.67881],[79.7935,9.6783],[79.79343,9.67799],[79.79341,9.67838],[79.79314,9.67955],[79.79309,9.67989],[79.79286,9.68057],[79.7925,9.68071],[79.79239,9.68095],[79.79209,9.68119],[79.79188,9.68152],[79.79163,9.68184],[79.79148,9.68216],[79.79148,9.68279],[79.79135,9.68314],[79.79133,9.68344],[79.79141,9.68378],[79.79135,9.68407],[79.79114,9.68444],[79.79116,9.68482],[79.79109,9.68497],[79.79131,9.6858],[79.79124,9.68634],[79.79109,9.68668],[79.79105,9.68701],[79.7912,9.68744],[79.79133,9.68792],[79.79161,9.6888],[79.79186,9.68902],[79.79226,9.68906],[79.79275,9.68915],[79.79329,9.68897],[79.79354,9.68858],[79.79363,9.68832],[79.79356,9.68807],[79.79365,9.68779],[79.79365,9.68766],[79.79358,9.6874]]]},"properties":{"name":null,"source":"OpenStreetMap + Natural Earth","source_id":"osm_coastline","geometry_quality":"mapped_polygon"}},{"type":"Feature","geometry":{"type":"Polygon","coordinates":[[[79.78394,9.68501],[79.78405,9.68461],[79.7836,9.68342],[79.78342,9.68267],[79.7834,9.68206],[79.78351,9.68181],[79.78374,9.68112],[79.78342,9.68065],[79.7834,9.6804],[79.78334,9.68032],[79.78333,9.68013],[79.78319,9.67994],[79.7831,9.67989],[79.78308,9.67975],[79.78309,9.67928],[79.78318,9.67894],[79.78345,9.67855],[79.78345,9.67829],[79.78337,9.6781],[79.7834,9.67787],[79.78331,9.67771],[79.78337,9.67733],[79.78327,9.67697],[79.7833,9.67674],[79.78329,9.67657],[79.78346,9.67637],[79.78366,9.6762],[79.78371,9.67603],[79.78363,9.67555],[79.78372,9.67525],[79.78364,9.67509],[79.78369,9.6746],[79.784,9.67383],[79.78432,9.67328],[79.78452,9.6724],[79.78444,9.67203],[79.78414,9.67139],[79.78381,9.67096],[79.78361,9.67053],[79.78354,9.67027],[79.78338,9.66999],[79.78346,9.66978],[79.78363,9.66955],[79.78404,9.66965],[79.78428,9.66941],[79.78433,9.66906],[79.78483,9.66855],[79.78565,9.66686],[79.78579,9.66629],[79.78602,9.66601],[79.78615,9.66593],[79.78695,9.6659],[79.78699,9.66588],[79.78699,9.66576],[79.7866,9.66579],[79.78655,9.66584],[79.78607,9.66584],[79.78595,9.66574],[79.78582,9.66542],[79.78578,9.6653],[79.78572,9.66519],[79.78564,9.6651],[79.78557,9.66501],[79.78543,9.66489],[79.78529,9.66477],[79.78508,9.6646],[79.78499,9.66447],[79.78426,9.66408],[79.78367,9.66364],[79.78311,9.66297],[79.783,9.66269],[79.78288,9.6626],[79.78272,9.66254],[79.7823,9.66224],[79.78195,9.66183],[79.78186,9.66162],[79.78157,9.66131],[79.78151,9.66114],[79.78148,9.66093],[79.78131,9.66082],[79.78121,9.66072],[79.78117,9.66059],[79.78116,9.66042],[79.78079,9.65993],[79.78075,9.65975],[79.78023,9.65936],[79.77999,9.65913],[79.77984,9.65885],[79.77967,9.65876],[79.7796,9.65857],[79.7794,9.65829],[79.77929,9.65808],[79.77916,9.65791],[79.77907,9.65749],[79.77936,9.65679],[79.77935,9.65668],[79.77929,9.65654],[79.77918,9.65611],[79.78001,9.65549],[79.77994,9.65544],[79.77914,9.65595],[79.7785,9.65577],[79.77786,9.65561],[79.77711,9.65547],[79.77634,9.65542],[79.77568,9.65488],[79.77511,9.65463],[79.7747,9.65434],[79.77412,9.65372],[79.77361,9.65306],[79.77341,9.65268],[79.77355,9.65227],[79.77348,9.65222],[79.77328,9.65236],[79.7728,9.65208],[79.77272,9.65174],[79.77257,9.65161],[79.77238,9.65161],[79.77198,9.65122],[79.7715,9.65091],[79.77125,9.6509],[79.77111,9.65084],[79.77082,9.65105],[79.77047,9.65113],[79.76979,9.65106],[79.76932,9.65122],[79.76885,9.65147],[79.76836,9.65195],[79.76799,9.65241],[79.76766,9.65244],[79.76709,9.65246],[79.76674,9.65242],[79.76659,9.6525],[79.76645,9.65254],[79.76632,9.65264],[79.76608,9.65269],[79.76572,9.65291],[79.7656,9.65292],[79.76548,9.65306],[79.76522,9.65311],[79.76489,9.65348],[79.76463,9.65385],[79.7642,9.65459],[79.76389,9.65534],[79.76357,9.65722],[79.76356,9.65776],[79.76373,9.65876],[79.76407,9.65944],[79.7641,9.6605],[79.765,9.66242],[79.76537,9.66295],[79.76564,9.6637],[79.76619,9.66502],[79.76658,9.66554],[79.76668,9.66615],[79.76692,9.66639],[79.7671,9.66675],[79.76732,9.66711],[79.76744,9.66746],[79.76777,9.66809],[79.76796,9.66863],[79.76798,9.66894],[79.76804,9.66918],[79.76836,9.66975],[79.76847,9.66981],[79.7685,9.66992],[79.7685,9.67027],[79.76861,9.67032],[79.76868,9.67044],[79.76877,9.67052],[79.76886,9.67064],[79.76889,9.6708],[79.76885,9.6709],[79.76891,9.67109],[79.76914,9.67136],[79.76927,9.67167],[79.76951,9.67187],[79.76962,9.67202],[79.76965,9.67219],[79.76965,9.67242],[79.76997,9.67294],[79.77015,9.67313],[79.77015,9.67351],[79.77107,9.67511],[79.77231,9.67681],[79.77346,9.67792],[79.77424,9.67835],[79.77554,9.67956],[79.77618,9.68001],[79.7763,9.68034],[79.77631,9.68076],[79.77653,9.6811],[79.77653,9.68175],[79.77729,9.68256],[79.77765,9.6832],[79.77778,9.6836],[79.77806,9.68407],[79.77907,9.68497],[79.78017,9.68561],[79.78068,9.68611],[79.78232,9.68716],[79.78272,9.68729],[79.78307,9.68713],[79.78336,9.68686],[79.78377,9.68682],[79.78388,9.68648],[79.78391,9.68605],[79.78379,9.68586],[79.78374,9.6854],[79.78376,9.68521],[79.78394,9.68501]]]},"properties":{"name":null,"source":"OpenStreetMap + Natural Earth","source_id":"osm_coastline","geometry_quality":"mapped_polygon"}},{"type":"Feature","geometry":{"type":"Polygon","coordinates":[[[79.78567,8.27513],[79.78582,8.2753],[79.78625,8.27517],[79.78667,8.27475],[79.7869,8.27444],[79.7869,8.27415],[79.78666,8.27394],[79.78605,8.27417],[79.78561,8.27434],[79.78547,8.27471],[79.78567,8.27513]]]},"properties":{"name":null,"source":"OpenStreetMap + Natural Earth","source_id":"osm_coastline","geometry_quality":"mapped_polygon"}},{"type":"Feature","geometry":{"type":"Polygon","coordinates":[[[79.75217,8.24407],[79.75238,8.24414],[79.75285,8.24475],[79.75358,8.24544],[79.75411,8.24579],[79.75467,8.24603],[79.75507,8.24632],[79.7554,8.24682],[79.75554,8.24711],[79.75616,8.24741],[79.75651,8.24784],[79.75668,8.24823],[79.75697,8.24848],[79.75711,8.24866],[79.75726,8.24887],[79.75746,8.24955],[79.75748,8.24962],[79.75758,8.25],[79.75755,8.25023],[79.75761,8.2504],[79.75785,8.25049],[79.75795,8.25064],[79.75787,8.25104],[79.75803,8.25119],[79.75823,8.25146],[79.75852,8.2517],[79.75883,8.25195],[79.75948,8.25217],[79.75972,8.25212],[79.76021,8.25208],[79.76056,8.2523],[79.76096,8.25281],[79.76151,8.2533],[79.76207,8.25357],[79.76263,8.25408],[79.76298,8.25474],[79.76354,8.25504],[79.76451,8.25591],[79.7647,8.25656],[79.76456,8.25724],[79.76451,8.25768],[79.7642,8.2583],[79.76385,8.25932],[79.76513,8.25946],[79.76586,8.25971],[79.76662,8.26022],[79.76703,8.26081],[79.76728,8.26163],[79.76732,8.2623],[79.76967,8.26246],[79.7723,8.26184],[79.77531,8.2614],[79.77567,8.26144],[79.77586,8.26137],[79.77652,8.26148],[79.77679,8.26144],[79.77693,8.26104],[79.77716,8.26045],[79.77752,8.25997],[79.77777,8.25929],[79.77779,8.25909],[79.77746,8.2587],[79.7774,8.2584],[79.77698,8.25793],[79.77664,8.25737],[79.77618,8.25659],[79.77586,8.25635],[79.77547,8.25579],[79.77541,8.25545],[79.77524,8.25532],[79.7748,8.25449],[79.77471,8.25412],[79.77438,8.25388],[79.7742,8.25371],[79.7739,8.25349],[79.77333,8.25242],[79.77324,8.25203],[79.77331,8.25159],[79.77333,8.25132],[79.77315,8.25107],[79.77255,8.2497],[79.77249,8.24928],[79.77199,8.24858],[79.77172,8.24833],[79.7708,8.24772],[79.77039,8.24748],[79.77013,8.24718],[79.77002,8.24687],[79.76951,8.24631],[79.76931,8.24616],[79.76869,8.2455],[79.76863,8.24532],[79.76846,8.2451],[79.76843,8.24481],[79.76843,8.24474],[79.7684,8.2447],[79.76836,8.24465],[79.7682,8.24468],[79.76816,8.24465],[79.76835,8.2445],[79.76828,8.24438],[79.76819,8.24445],[79.76805,8.24445],[79.76727,8.24369],[79.76762,8.24341],[79.76772,8.24337],[79.76779,8.24331],[79.76783,8.24322],[79.76771,8.2432],[79.76742,8.24332],[79.7672,8.2434],[79.76704,8.24351],[79.76669,8.24302],[79.76636,8.24253],[79.76582,8.24149],[79.76579,8.24122],[79.76607,8.24125],[79.76616,8.23995],[79.76626,8.23924],[79.76656,8.23864],[79.76663,8.23867],[79.76707,8.23773],[79.76757,8.23793],[79.76758,8.23789],[79.76716,8.2377],[79.76715,8.23761],[79.7671,8.23739],[79.76708,8.23722],[79.76712,8.23698],[79.76738,8.23631],[79.76765,8.23597],[79.7682,8.23608],[79.76822,8.23601],[79.76729,8.2358],[79.76717,8.23571],[79.76718,8.23552],[79.76704,8.23542],[79.76696,8.2348],[79.76707,8.23452],[79.76733,8.23387],[79.76751,8.2334],[79.76826,8.23187],[79.76966,8.22962],[79.77007,8.22892],[79.77042,8.22833],[79.77063,8.22654],[79.77056,8.22474],[79.77053,8.22394],[79.77048,8.22341],[79.77031,8.22124],[79.76969,8.2195],[79.76936,8.21845],[79.76942,8.21797],[79.76912,8.21724],[79.76889,8.21716],[79.76823,8.21731],[79.76761,8.21704],[79.76707,8.2171],[79.76632,8.21677],[79.76553,8.21669],[79.76521,8.2167],[79.76489,8.21649],[79.76437,8.21646],[79.76385,8.21615],[79.76278,8.21645],[79.76204,8.21711],[79.76189,8.21808],[79.76191,8.21842],[79.76222,8.21923],[79.76232,8.21985],[79.76219,8.22051],[79.76195,8.22105],[79.76065,8.22253],[79.75871,8.22372],[79.75712,8.22465],[79.75653,8.22481],[79.75593,8.22448],[79.75551,8.22314],[79.75518,8.22246],[79.75579,8.22252],[79.75626,8.22239],[79.75655,8.22275],[79.75693,8.22292],[79.75706,8.22295],[79.7572,8.22322],[79.75715,8.22296],[79.75704,8.22275],[79.75648,8.22219],[79.75603,8.22227],[79.75556,8.22232],[79.75515,8.22211],[79.75445,8.22192],[79.75385,8.22158],[79.7535,8.22126],[79.75278,8.22079],[79.75179,8.22034],[79.75066,8.21959],[79.74984,8.21881],[79.74939,8.21851],[79.74885,8.21796],[79.74845,8.21737],[79.7481,8.21664],[79.74787,8.21619],[79.74777,8.21592],[79.7477,8.21566],[79.74766,8.21548],[79.74764,8.21534],[79.74759,8.21528],[79.74751,8.21521],[79.74741,8.21504],[79.74736,8.21492],[79.74728,8.21473],[79.74718,8.21452],[79.74707,8.21438],[79.74701,8.21433],[79.7468,8.21425],[79.74648,8.21411],[79.74622,8.21393],[79.74598,8.21373],[79.74585,8.21354],[79.74575,8.21329],[79.74556,8.21275],[79.74544,8.2124],[79.7454,8.21219],[79.74534,8.21183],[79.74527,8.21131],[79.74527,8.21108],[79.74528,8.21095],[79.74535,8.21089],[79.7454,8.21085],[79.7454,8.21076],[79.74534,8.21063],[79.74519,8.21034],[79.74487,8.21002],[79.74463,8.20982],[79.74442,8.20971],[79.74417,8.20963],[79.74402,8.2096],[79.74392,8.20957],[79.74383,8.2095],[79.74374,8.20936],[79.74365,8.20923],[79.74355,8.20918],[79.7434,8.20914],[79.74333,8.20908],[79.7433,8.20898],[79.74326,8.20889],[79.7432,8.20881],[79.74302,8.20874],[79.74292,8.20867],[79.74272,8.20854],[79.74242,8.2083],[79.74221,8.20814],[79.74207,8.20798],[79.74196,8.20781],[79.74192,8.20771],[79.74191,8.20755],[79.74198,8.20734],[79.74215,8.20697],[79.74264,8.20603],[79.74303,8.20535],[79.74318,8.20509],[79.74324,8.205],[79.74327,8.20493],[79.74328,8.20486],[79.74329,8.20478],[79.74326,8.20473],[79.7432,8.2047],[79.74311,8.20469],[79.74306,8.20471],[79.74301,8.20477],[79.74299,8.20482],[79.74295,8.20485],[79.74264,8.20486],[79.74253,8.20485],[79.74236,8.20484],[79.74227,8.20478],[79.74215,8.20474],[79.74205,8.20472],[79.74191,8.20469],[79.74159,8.2046],[79.74152,8.20457],[79.74149,8.20453],[79.74148,8.20449],[79.74151,8.20443],[79.74153,8.20441],[79.74153,8.20439],[79.7415,8.20438],[79.74144,8.2044],[79.74136,8.20444],[79.74127,8.20447],[79.74117,8.20447],[79.74107,8.20444],[79.74098,8.20441],[79.74081,8.20431],[79.74066,8.20425],[79.74059,8.20422],[79.74056,8.20419],[79.74055,8.20415],[79.74051,8.20413],[79.74044,8.2041],[79.74018,8.20405],[79.73989,8.20401],[79.73975,8.20398],[79.73965,8.20395],[79.7396,8.20392],[79.73956,8.20383],[79.73952,8.20372],[79.73941,8.2036],[79.73931,8.20351],[79.73926,8.20347],[79.73918,8.20343],[79.7391,8.2034],[79.73904,8.20334],[79.73899,8.20328],[79.73895,8.20317],[79.73886,8.203],[79.7388,8.20289],[79.73873,8.20275],[79.73872,8.20266],[79.73871,8.20256],[79.73869,8.20246],[79.73864,8.20237],[79.73857,8.20223],[79.73853,8.2022],[79.73845,8.20213],[79.7384,8.20208],[79.73836,8.202],[79.73833,8.20191],[79.7383,8.20182],[79.73825,8.20175],[79.73821,8.20172],[79.73814,8.2017],[79.73806,8.2017],[79.73799,8.20173],[79.73791,8.20173],[79.73786,8.20173],[79.73782,8.20175],[79.73777,8.2018],[79.73772,8.20176],[79.73769,8.20171],[79.73766,8.20165],[79.73767,8.20156],[79.73768,8.20148],[79.73772,8.20137],[79.73779,8.2012],[79.73787,8.20109],[79.73794,8.20102],[79.73801,8.20099],[79.7381,8.20098],[79.7382,8.20098],[79.73828,8.20096],[79.73842,8.20089],[79.73867,8.20068],[79.73877,8.20057],[79.73884,8.20045],[79.73891,8.20025],[79.73902,8.19987],[79.7391,8.19963],[79.73928,8.19921],[79.73953,8.19866],[79.73965,8.1984],[79.73972,8.19831],[79.7398,8.19817],[79.73992,8.19797],[79.74002,8.19775],[79.74013,8.19749],[79.7402,8.19729],[79.74025,8.19715],[79.74027,8.19704],[79.74027,8.19691],[79.74027,8.19683],[79.74024,8.19676],[79.74019,8.19672],[79.74009,8.19666],[79.73996,8.19654],[79.73976,8.19636],[79.73964,8.19624],[79.7396,8.19612],[79.73958,8.19599],[79.73956,8.19574],[79.73955,8.19557],[79.73952,8.19547],[79.73949,8.19542],[79.73944,8.19533],[79.73942,8.19527],[79.73941,8.19519],[79.73941,8.19509],[79.73945,8.19497],[79.73949,8.1949],[79.73954,8.19482],[79.73959,8.19477],[79.73967,8.19462],[79.73972,8.1946],[79.73977,8.19456],[79.73983,8.19447],[79.7399,8.1944],[79.74001,8.19429],[79.74019,8.19411],[79.74042,8.19392],[79.74057,8.1938],[79.74073,8.19366],[79.741,8.19344],[79.74126,8.19323],[79.74147,8.1931],[79.7417,8.19296],[79.74179,8.19291],[79.74182,8.19289],[79.74187,8.1929],[79.7419,8.19291],[79.74197,8.19293],[79.74201,8.19293],[79.74203,8.1929],[79.74202,8.19286],[79.742,8.19284],[79.74198,8.1928],[79.74198,8.19274],[79.742,8.19271],[79.7421,8.19263],[79.74248,8.1924],[79.7426,8.19233],[79.74268,8.19228],[79.74278,8.19219],[79.74288,8.19211],[79.74297,8.19205],[79.74318,8.1919],[79.74328,8.19184],[79.74337,8.1918],[79.74348,8.19176],[79.74359,8.19172],[79.74365,8.19167],[79.74372,8.19157],[79.74381,8.19151],[79.74388,8.19147],[79.74398,8.19142],[79.74414,8.19134],[79.74422,8.19128],[79.74433,8.19119],[79.74444,8.19111],[79.74459,8.19102],[79.74483,8.19086],[79.74517,8.19065],[79.7454,8.19054],[79.74553,8.19048],[79.74569,8.1904],[79.74579,8.19033],[79.74587,8.19027],[79.74592,8.19021],[79.74598,8.19015],[79.74603,8.19012],[79.7461,8.19008],[79.74617,8.19005],[79.74624,8.19002],[79.74632,8.18997],[79.74638,8.18991],[79.74644,8.18983],[79.74649,8.18979],[79.74657,8.18972],[79.74667,8.18964],[79.74682,8.18954],[79.74692,8.18947],[79.74706,8.18935],[79.74724,8.18916],[79.74736,8.18904],[79.74741,8.18896],[79.74745,8.18888],[79.7475,8.18883],[79.74755,8.18877],[79.74763,8.1887],[79.74772,8.1886],[79.74776,8.18852],[79.7478,8.18842],[79.74788,8.18826],[79.74793,8.18818],[79.748,8.18808],[79.74803,8.18802],[79.74813,8.18784],[79.74819,8.18768],[79.74822,8.18758],[79.7483,8.18729],[79.74835,8.18715],[79.74837,8.18707],[79.7484,8.18701],[79.74845,8.18693],[79.74853,8.18681],[79.74858,8.18674],[79.7486,8.18666],[79.74865,8.18639],[79.74868,8.1862],[79.74871,8.18609],[79.74874,8.18598],[79.74875,8.1859],[79.74878,8.18575],[79.74879,8.1856],[79.74879,8.18544],[79.74877,8.18534],[79.74875,8.18525],[79.74873,8.18517],[79.74874,8.18511],[79.74877,8.18507],[79.74881,8.18501],[79.74884,8.18493],[79.74883,8.18481],[79.74881,8.18471],[79.74879,8.18463],[79.74878,8.18456],[79.74879,8.1845],[79.74881,8.18442],[79.74885,8.18436],[79.74886,8.18434],[79.74887,8.18431],[79.74887,8.18429],[79.74885,8.18427],[79.74883,8.18425],[79.74879,8.18423],[79.74877,8.18418],[79.74877,8.18413],[79.74878,8.18409],[79.74883,8.184],[79.74885,8.1839],[79.74888,8.18369],[79.74889,8.18358],[79.7489,8.1835],[79.74889,8.18342],[79.74889,8.18337],[79.74889,8.18332],[79.74891,8.18325],[79.74894,8.18316],[79.74897,8.18308],[79.74899,8.18304],[79.74899,8.183],[79.749,8.18297],[79.749,8.18293],[79.749,8.18289],[79.74902,8.18284],[79.74908,8.18271],[79.74914,8.18256],[79.74916,8.18249],[79.74918,8.18243],[79.7492,8.18238],[79.74922,8.18234],[79.74924,8.1823],[79.74928,8.18226],[79.7493,8.18223],[79.74931,8.18219],[79.74932,8.18199],[79.74931,8.18192],[79.74929,8.18185],[79.74928,8.18179],[79.74927,8.18175],[79.74927,8.18172],[79.74929,8.18169],[79.74929,8.18166],[79.74928,8.18164],[79.74925,8.18163],[79.74923,8.18163],[79.7492,8.18164],[79.74918,8.18167],[79.74916,8.1817],[79.74913,8.18173],[79.74907,8.18176],[79.74902,8.18181],[79.74895,8.18186],[79.74889,8.18191],[79.74881,8.18195],[79.74865,8.18204],[79.74855,8.18208],[79.74847,8.18212],[79.7483,8.1822],[79.74816,8.18225],[79.74806,8.18228],[79.74801,8.18228],[79.74794,8.18229],[79.74786,8.18229],[79.74773,8.18229],[79.74765,8.18228],[79.7476,8.18227],[79.74756,8.18226],[79.74752,8.18223],[79.74744,8.1822],[79.74735,8.18218],[79.74731,8.18217],[79.74728,8.18216],[79.74725,8.18212],[79.74722,8.18208],[79.74717,8.18204],[79.74709,8.18197],[79.74704,8.18195],[79.747,8.18193],[79.74697,8.18192],[79.74694,8.18187],[79.74691,8.18181],[79.74689,8.18174],[79.74688,8.18167],[79.74688,8.18163],[79.74687,8.18158],[79.74686,8.18155],[79.74681,8.18148],[79.74678,8.18144],[79.74677,8.18141],[79.74676,8.18137],[79.74674,8.18135],[79.74671,8.18132],[79.74668,8.18129],[79.74668,8.18126],[79.74668,8.18121],[79.74672,8.18119],[79.74679,8.18119],[79.74684,8.18122],[79.7469,8.18125],[79.74693,8.1813],[79.74696,8.18136],[79.74698,8.18139],[79.74699,8.1814],[79.74701,8.1814],[79.74703,8.18138],[79.74703,8.18136],[79.74703,8.18132],[79.74701,8.18129],[79.74696,8.18122],[79.7469,8.18116],[79.74675,8.18106],[79.7466,8.18096],[79.74644,8.18088],[79.74635,8.18086],[79.74619,8.18085],[79.74608,8.18083],[79.74599,8.18079],[79.7459,8.18074],[79.74583,8.18067],[79.74567,8.18049],[79.74556,8.18036],[79.74547,8.18026],[79.74543,8.18018],[79.74544,8.18014],[79.74546,8.18009],[79.74553,8.18005],[79.74556,8.18002],[79.74557,8.18],[79.74557,8.17998],[79.74555,8.17997],[79.74553,8.17998],[79.74551,8.17999],[79.74546,8.18001],[79.74537,8.18004],[79.7453,8.18005],[79.74523,8.18002],[79.74517,8.17996],[79.74514,8.17988],[79.74511,8.17985],[79.7451,8.17983],[79.7451,8.17981],[79.7451,8.17978],[79.74513,8.17976],[79.74518,8.17974],[79.74523,8.17973],[79.74526,8.17972],[79.74529,8.17972],[79.74532,8.17971],[79.74532,8.1797],[79.7453,8.17969],[79.74523,8.17967],[79.74515,8.17966],[79.74509,8.17965],[79.74505,8.17963],[79.74502,8.1796],[79.74499,8.17954],[79.74498,8.17949],[79.74498,8.17944],[79.74499,8.1794],[79.74502,8.17938],[79.74508,8.17935],[79.74511,8.17934],[79.74514,8.17934],[79.74518,8.17935],[79.74519,8.17934],[79.7452,8.17933],[79.7452,8.17932],[79.74516,8.1793],[79.74511,8.17928],[79.74502,8.17925],[79.74497,8.17922],[79.74495,8.17921],[79.74493,8.17916],[79.74489,8.17909],[79.74487,8.17906],[79.74482,8.17902],[79.74478,8.17899],[79.74475,8.17896],[79.74473,8.17892],[79.74472,8.17888],[79.74472,8.1788],[79.74471,8.17876],[79.7447,8.17871],[79.74468,8.17866],[79.74467,8.17862],[79.74467,8.17857],[79.74466,8.17849],[79.74465,8.17845],[79.74464,8.17842],[79.74461,8.17838],[79.74456,8.17834],[79.74449,8.17828],[79.74447,8.17825],[79.74445,8.17821],[79.74445,8.17817],[79.74447,8.17811],[79.74449,8.17806],[79.74449,8.17799],[79.74448,8.17795],[79.74447,8.17792],[79.74445,8.17789],[79.74438,8.17782],[79.74429,8.17775],[79.74424,8.17768],[79.7442,8.17763],[79.7442,8.17758],[79.7442,8.17754],[79.74421,8.1775],[79.74421,8.17746],[79.7442,8.17744],[79.74418,8.1774],[79.74418,8.17736],[79.74418,8.17734],[79.7442,8.17733],[79.74422,8.17732],[79.74427,8.17731],[79.7443,8.1773],[79.74431,8.17729],[79.7443,8.17727],[79.74426,8.17726],[79.74421,8.17726],[79.74416,8.17725],[79.74411,8.17724],[79.74409,8.17722],[79.74406,8.17719],[79.74405,8.1771],[79.74403,8.17701],[79.74403,8.17698],[79.74406,8.17695],[79.74409,8.17694],[79.74417,8.17695],[79.7442,8.17696],[79.74422,8.17695],[79.74422,8.17693],[79.74421,8.17691],[79.74416,8.17687],[79.74408,8.17683],[79.74398,8.17678],[79.74389,8.17673],[79.7438,8.17667],[79.74371,8.1766],[79.74363,8.17648],[79.74353,8.1763],[79.74338,8.17587],[79.74332,8.1757],[79.74328,8.17557],[79.74326,8.17546],[79.74322,8.17521],[79.74318,8.17492],[79.74316,8.17474],[79.74317,8.17465],[79.74318,8.17456],[79.74321,8.17445],[79.74329,8.17432],[79.74344,8.17406],[79.74353,8.17388],[79.74358,8.1738],[79.74361,8.17374],[79.74363,8.17364],[79.74364,8.17351],[79.74363,8.17332],[79.74363,8.1731],[79.74362,8.173],[79.74361,8.17294],[79.74358,8.17289],[79.74355,8.17282],[79.74355,8.17275],[79.74355,8.17266],[79.74357,8.17256],[79.74362,8.17241],[79.74372,8.17219],[79.74385,8.17195],[79.74396,8.17179],[79.74406,8.17165],[79.74413,8.17159],[79.74416,8.17154],[79.74419,8.17148],[79.7442,8.17141],[79.7442,8.17133],[79.74422,8.17107],[79.74423,8.17085],[79.74423,8.17076],[79.74421,8.17068],[79.74419,8.17062],[79.74418,8.17055],[79.74418,8.17047],[79.7442,8.17023],[79.74423,8.17005],[79.74427,8.1699],[79.74432,8.16977],[79.74435,8.16972],[79.74438,8.16968],[79.74446,8.16961],[79.74453,8.16954],[79.74461,8.16945],[79.74469,8.16934],[79.74479,8.1692],[79.74488,8.16911],[79.74503,8.16897],[79.74524,8.16879],[79.74533,8.16871],[79.74538,8.16867],[79.74545,8.16858],[79.7455,8.16854],[79.74572,8.16832],[79.74579,8.16824],[79.7459,8.16813],[79.74603,8.16797],[79.74608,8.16791],[79.74613,8.16784],[79.74619,8.16774],[79.74632,8.1675],[79.74641,8.16729],[79.74645,8.16718],[79.74651,8.16698],[79.74655,8.16683],[79.74656,8.16679],[79.74656,8.16674],[79.74656,8.16666],[79.74651,8.16635],[79.74646,8.16612],[79.74645,8.16604],[79.74644,8.16597],[79.74643,8.16589],[79.74643,8.16584],[79.74643,8.1658],[79.74642,8.16576],[79.74639,8.16572],[79.74626,8.16552],[79.74622,8.16547],[79.7462,8.16543],[79.74618,8.16541],[79.74613,8.16538],[79.74605,8.16534],[79.746,8.16531],[79.74596,8.16528],[79.74593,8.16526],[79.7459,8.16522],[79.74587,8.16515],[79.74584,8.16508],[79.7458,8.16501],[79.74577,8.16497],[79.74572,8.16492],[79.74562,8.16484],[79.74558,8.16482],[79.74553,8.16481],[79.74549,8.1648],[79.74546,8.16478],[79.74544,8.16475],[79.74543,8.16471],[79.74542,8.16469],[79.74538,8.16465],[79.74525,8.16458],[79.74505,8.16448],[79.74496,8.16443],[79.7449,8.16441],[79.74484,8.16441],[79.7448,8.16443],[79.74476,8.16443],[79.74472,8.16441],[79.7447,8.16436],[79.74469,8.16428],[79.74466,8.16424],[79.74462,8.16421],[79.74454,8.16419],[79.74444,8.16414],[79.74438,8.16411],[79.74433,8.16406],[79.74422,8.16392],[79.74408,8.16367],[79.74395,8.16338],[79.74385,8.16324],[79.74349,8.16282],[79.74339,8.16269],[79.74331,8.16252],[79.74324,8.16241],[79.74315,8.1623],[79.74303,8.16219],[79.74289,8.16208],[79.74273,8.16188],[79.74247,8.16155],[79.74238,8.16142],[79.74234,8.16137],[79.7423,8.16134],[79.74223,8.16129],[79.74212,8.16119],[79.74204,8.16109],[79.74199,8.16099],[79.74192,8.16075],[79.74182,8.16046],[79.7417,8.16013],[79.74159,8.15992],[79.74149,8.15977],[79.74128,8.15949],[79.74103,8.15925],[79.74094,8.15918],[79.74086,8.15916],[79.74079,8.15915],[79.74074,8.15912],[79.7407,8.15905],[79.74059,8.15884],[79.74053,8.1587],[79.74049,8.1586],[79.74044,8.15846],[79.7404,8.15831],[79.74037,8.15824],[79.74034,8.15821],[79.74029,8.15819],[79.74023,8.15818],[79.74014,8.1582],[79.74007,8.1582],[79.74002,8.15817],[79.74,8.15812],[79.73997,8.15799],[79.73994,8.15776],[79.7399,8.15743],[79.73991,8.1573],[79.73993,8.15721],[79.73997,8.15714],[79.74005,8.15705],[79.74014,8.15701],[79.74033,8.15689],[79.74041,8.15686],[79.74045,8.15682],[79.74046,8.15678],[79.74044,8.15667],[79.74041,8.1565],[79.74039,8.15633],[79.74038,8.15601],[79.74038,8.15588],[79.74038,8.15581],[79.74038,8.15577],[79.74037,8.15574],[79.74034,8.15571],[79.74033,8.15569],[79.74032,8.15565],[79.7403,8.15556],[79.74029,8.15554],[79.74027,8.15551],[79.74025,8.1555],[79.74021,8.15551],[79.74019,8.15551],[79.74017,8.1555],[79.74016,8.15549],[79.74014,8.15546],[79.74012,8.15544],[79.7401,8.15544],[79.74009,8.15546],[79.74008,8.1555],[79.74008,8.15553],[79.74007,8.15555],[79.74003,8.15556],[79.73998,8.15556],[79.73988,8.15558],[79.73964,8.15564],[79.73959,8.15565],[79.73955,8.15564],[79.73952,8.15563],[79.73951,8.15559],[79.73949,8.15538],[79.7395,8.15519],[79.73952,8.15511],[79.73954,8.15506],[79.73959,8.15502],[79.73966,8.15499],[79.73973,8.15499],[79.73983,8.15499],[79.73989,8.15499],[79.73993,8.15498],[79.73996,8.15497],[79.73998,8.15495],[79.73998,8.15492],[79.73997,8.1549],[79.73993,8.15487],[79.73988,8.15485],[79.73978,8.15484],[79.73956,8.15485],[79.73952,8.15483],[79.7395,8.1548],[79.7395,8.15477],[79.7395,8.15474],[79.73952,8.15456],[79.73956,8.15436],[79.73959,8.15424],[79.73965,8.15413],[79.73968,8.15406],[79.7397,8.15402],[79.73971,8.15399],[79.73972,8.15396],[79.73974,8.15395],[79.73978,8.15395],[79.73996,8.15405],[79.73999,8.15406],[79.74,8.15406],[79.74002,8.15406],[79.74005,8.15405],[79.74005,8.15402],[79.74003,8.15401],[79.74,8.15399],[79.73996,8.15396],[79.7399,8.15394],[79.73985,8.15391],[79.7398,8.15387],[79.73976,8.15383],[79.73975,8.15381],[79.73975,8.15378],[79.73976,8.1537],[79.73978,8.15362],[79.73983,8.15351],[79.7399,8.15337],[79.73997,8.15328],[79.74003,8.15321],[79.74008,8.15316],[79.74015,8.1531],[79.74023,8.15303],[79.74043,8.15284],[79.7406,8.1527],[79.74069,8.15262],[79.74085,8.15247],[79.74098,8.15236],[79.74112,8.15226],[79.74118,8.15222],[79.74119,8.1522],[79.74121,8.15218],[79.74121,8.15214],[79.74121,8.15204],[79.74122,8.152],[79.74125,8.15195],[79.74127,8.15187],[79.7413,8.15178],[79.74131,8.15168],[79.74132,8.15163],[79.74134,8.1516],[79.74137,8.15154],[79.74138,8.1515],[79.74137,8.15145],[79.74133,8.1514],[79.7413,8.15136],[79.74127,8.15135],[79.74124,8.15136],[79.74118,8.1514],[79.74111,8.15142],[79.74099,8.15143],[79.74087,8.1514],[79.74075,8.15135],[79.74064,8.15127],[79.74057,8.15119],[79.74051,8.15111],[79.74049,8.15108],[79.74048,8.15107],[79.74048,8.15105],[79.74049,8.15103],[79.74052,8.15102],[79.74056,8.151],[79.74056,8.15099],[79.74055,8.15097],[79.74049,8.15095],[79.74045,8.1509],[79.74036,8.15081],[79.74032,8.15071],[79.74025,8.15049],[79.74024,8.15035],[79.74026,8.15017],[79.74029,8.15],[79.70515,8.15],[79.70501,8.15044],[79.7051,8.1541],[79.70426,8.15907],[79.70354,8.16137],[79.70315,8.16388],[79.7034,8.16607],[79.70282,8.16925],[79.70235,8.17106],[79.70114,8.17456],[79.69993,8.17729],[79.6989,8.1801],[79.69774,8.18218],[79.69709,8.18423],[79.69547,8.18966],[79.6952,8.19311],[79.69391,8.1992],[79.69386,8.20046],[79.69312,8.20419],[79.69267,8.20616],[79.69245,8.20916],[79.69274,8.21068],[79.69291,8.2112],[79.69366,8.21154],[79.69432,8.21229],[79.69527,8.21273],[79.69625,8.2133],[79.69673,8.21415],[79.69713,8.21532],[79.69811,8.21619],[79.69956,8.21696],[79.70104,8.21719],[79.70178,8.21817],[79.70237,8.21921],[79.70308,8.21963],[79.70409,8.21976],[79.70499,8.21995],[79.70613,8.21963],[79.70711,8.21945],[79.7079,8.21916],[79.7086,8.21868],[79.7088,8.21835],[79.70876,8.21722],[79.70787,8.21716],[79.70732,8.2163],[79.70672,8.21619],[79.70565,8.21554],[79.70522,8.21531],[79.70508,8.21487],[79.70487,8.21447],[79.70433,8.21453],[79.70388,8.21405],[79.7037,8.21372],[79.70342,8.21358],[79.70348,8.2141],[79.70312,8.21438],[79.70238,8.21459],[79.70229,8.21395],[79.70232,8.21359],[79.70153,8.21396],[79.70109,8.21374],[79.69879,8.21205],[79.69778,8.21136],[79.69692,8.2116],[79.69648,8.21114],[79.6961,8.21097],[79.69602,8.21056],[79.69584,8.21028],[79.69701,8.21],[79.69727,8.20991],[79.69841,8.20976],[79.69857,8.20981],[79.70026,8.21038],[79.70131,8.21088],[79.70128,8.21142],[79.70218,8.21191],[79.70219,8.21234],[79.70248,8.21252],[79.70319,8.21281],[79.7033,8.21332],[79.70359,8.21347],[79.70419,8.21363],[79.70443,8.2139],[79.70484,8.21415],[79.70515,8.2143],[79.70543,8.21498],[79.70618,8.21477],[79.70703,8.21491],[79.70787,8.2152],[79.70762,8.21608],[79.70911,8.21582],[79.70968,8.21636],[79.71053,8.216],[79.71069,8.21636],[79.71032,8.21692],[79.71018,8.2173],[79.71128,8.21665],[79.71274,8.21605],[79.71356,8.216],[79.71466,8.21621],[79.71547,8.2165],[79.7156,8.21675],[79.71645,8.21716],[79.71661,8.21708],[79.71672,8.21688],[79.7175,8.21716],[79.71795,8.21737],[79.71824,8.21757],[79.71848,8.21781],[79.71847,8.21795],[79.7183,8.21799],[79.71809,8.21794],[79.71777,8.2177],[79.7175,8.21755],[79.71744,8.21755],[79.71742,8.21759],[79.71743,8.21763],[79.71795,8.21801],[79.71781,8.21809],[79.71684,8.2179],[79.71645,8.21766],[79.71582,8.21747],[79.71511,8.21726],[79.7145,8.21687],[79.71417,8.21661],[79.7136,8.21636],[79.71335,8.21647],[79.71317,8.21663],[79.71264,8.21671],[79.71234,8.21675],[79.71225,8.21682],[79.71229,8.21694],[79.71264,8.21697],[79.71274,8.21704],[79.71278,8.2171],[79.71274,8.21711],[79.71264,8.21709],[79.71257,8.21706],[79.71239,8.21707],[79.71231,8.2171],[79.7123,8.21714],[79.71228,8.2172],[79.71222,8.21723],[79.7121,8.21725],[79.71197,8.21725],[79.7119,8.21726],[79.71181,8.21728],[79.71174,8.21728],[79.7117,8.21727],[79.7117,8.21722],[79.71172,8.2172],[79.71174,8.21715],[79.71173,8.21709],[79.71166,8.21703],[79.7116,8.21703],[79.71155,8.21708],[79.71152,8.21716],[79.71129,8.21721],[79.71115,8.21721],[79.71098,8.2172],[79.71085,8.21718],[79.71078,8.21718],[79.71071,8.21723],[79.71071,8.21726],[79.71072,8.21732],[79.71077,8.21736],[79.71113,8.21753],[79.71129,8.21761],[79.71152,8.21768],[79.71175,8.21776],[79.71195,8.21779],[79.7121,8.21781],[79.71239,8.21784],[79.71266,8.21786],[79.71309,8.21796],[79.71327,8.21798],[79.71366,8.21805],[79.71404,8.21817],[79.71439,8.21827],[79.71495,8.21851],[79.71538,8.21873],[79.71572,8.21898],[79.71616,8.21932],[79.71691,8.21982],[79.71781,8.22041],[79.71833,8.22075],[79.71871,8.22108],[79.71934,8.22159],[79.71972,8.22191],[79.72023,8.22256],[79.72063,8.22317],[79.72091,8.22354],[79.72135,8.22397],[79.72222,8.22459],[79.72213,8.2247],[79.72237,8.22482],[79.7227,8.22506],[79.72292,8.22524],[79.72302,8.22534],[79.72291,8.22548],[79.72313,8.22563],[79.72341,8.22584],[79.72365,8.22605],[79.72372,8.22616],[79.72366,8.22626],[79.7239,8.22637],[79.72419,8.22655],[79.72445,8.22673],[79.72456,8.22682],[79.7244,8.22691],[79.72461,8.22698],[79.72488,8.22714],[79.72507,8.22729],[79.7253,8.2276],[79.72516,8.22785],[79.72553,8.22819],[79.72562,8.22781],[79.72608,8.22714],[79.72692,8.22687],[79.72762,8.22707],[79.72838,8.22734],[79.72916,8.22776],[79.7308,8.22919],[79.7321,8.23077],[79.73324,8.23253],[79.73411,8.23418],[79.73535,8.23669],[79.73582,8.23789],[79.73637,8.23997],[79.73792,8.24649],[79.7385,8.25044],[79.73904,8.25233],[79.73914,8.25423],[79.73964,8.25703],[79.73979,8.25834],[79.74001,8.25926],[79.73999,8.26134],[79.74012,8.26229],[79.74012,8.2634],[79.74059,8.26431],[79.74108,8.26648],[79.74117,8.26731],[79.74173,8.26815],[79.7419,8.26922],[79.74231,8.27013],[79.74244,8.27119],[79.74287,8.27202],[79.74287,8.27244],[79.74325,8.27355],[79.74338,8.27422],[79.74321,8.27515],[79.74371,8.27521],[79.74411,8.27566],[79.74449,8.27654],[79.74465,8.278],[79.74485,8.27837],[79.74511,8.2795],[79.74512,8.28024],[79.74535,8.2808],[79.74576,8.2814],[79.74617,8.28232],[79.74728,8.28421],[79.75117,8.29087],[79.75219,8.29276],[79.75263,8.29359],[79.75303,8.29438],[79.75311,8.29516],[79.75349,8.29568],[79.7537,8.29629],[79.75393,8.29692],[79.75428,8.29743],[79.75461,8.2975],[79.75482,8.29775],[79.75507,8.29837],[79.75559,8.29881],[79.75575,8.29955],[79.75608,8.30001],[79.75647,8.30069],[79.75705,8.30145],[79.75733,8.30176],[79.75771,8.30231],[79.75818,8.30337],[79.75862,8.30449],[79.75962,8.30644],[79.76023,8.30815],[79.76053,8.30943],[79.76075,8.31105],[79.761,8.31342],[79.76139,8.31435],[79.7616,8.31987],[79.76233,8.32213],[79.7628,8.32261],[79.76307,8.32323],[79.76375,8.32403],[79.76439,8.32544],[79.76675,8.33418],[79.76854,8.33806],[79.77105,8.3429],[79.77293,8.35045],[79.77259,8.35486],[79.77297,8.35797],[79.77289,8.36501],[79.77289,8.36875],[79.77383,8.3721],[79.7743,8.37545],[79.77688,8.37888],[79.77998,8.38026],[79.78083,8.3811],[79.78294,8.38103],[79.78218,8.38064],[79.78166,8.38014],[79.78145,8.37977],[79.78099,8.37961],[79.78049,8.37931],[79.78011,8.37908],[79.77974,8.37896],[79.77945,8.37857],[79.77937,8.3781],[79.77938,8.37786],[79.77918,8.37745],[79.77915,8.37689],[79.77922,8.37663],[79.77964,8.37566],[79.77984,8.37549],[79.78016,8.37493],[79.78053,8.3746],[79.7809,8.37402],[79.78169,8.37313],[79.78192,8.37296],[79.78226,8.3727],[79.78275,8.37252],[79.78298,8.37244],[79.78316,8.37225],[79.78339,8.37213],[79.7836,8.37179],[79.7838,8.37151],[79.78448,8.3709],[79.78483,8.37054],[79.78506,8.37015],[79.78528,8.36989],[79.78541,8.36985],[79.7856,8.37],[79.78561,8.37011],[79.78551,8.37018],[79.78555,8.37026],[79.78573,8.37015],[79.78568,8.36996],[79.78541,8.36965],[79.78514,8.36935],[79.78509,8.3691],[79.78516,8.36885],[79.78507,8.36857],[79.785,8.36845],[79.78508,8.36828],[79.78482,8.3681],[79.78482,8.36791],[79.78494,8.3678],[79.78492,8.36751],[79.78478,8.36734],[79.78448,8.3668],[79.78423,8.36654],[79.78403,8.36641],[79.78387,8.36618],[79.78372,8.36577],[79.78343,8.36511],[79.78335,8.36484],[79.78327,8.36443],[79.78273,8.36372],[79.78245,8.36306],[79.78246,8.36256],[79.78252,8.36195],[79.78228,8.36151],[79.78195,8.36095],[79.7816,8.36055],[79.78137,8.36026],[79.78108,8.35951],[79.78115,8.35894],[79.78141,8.35854],[79.78165,8.35811],[79.78165,8.35786],[79.78133,8.35705],[79.78082,8.35663],[79.78039,8.35654],[79.77996,8.35662],[79.77949,8.35652],[79.77926,8.35633],[79.77912,8.35598],[79.77912,8.35569],[79.77921,8.35527],[79.77928,8.35497],[79.77913,8.35472],[79.77907,8.35422],[79.77894,8.35379],[79.77877,8.35355],[79.77849,8.35306],[79.77835,8.35267],[79.7783,8.35211],[79.77843,8.35166],[79.77852,8.35136],[79.77851,8.35109],[79.77815,8.35102],[79.7776,8.35106],[79.77728,8.35087],[79.77702,8.35034],[79.777,8.34977],[79.77719,8.34916],[79.77764,8.34873],[79.77798,8.34822],[79.77799,8.34788],[79.77773,8.3478],[79.77728,8.34782],[79.77725,8.34793],[79.77692,8.34817],[79.77661,8.34813],[79.77632,8.34792],[79.77625,8.34744],[79.77636,8.34684],[79.77629,8.34639],[79.77609,8.34623],[79.77628,8.34588],[79.77618,8.34548],[79.77643,8.34516],[79.7765,8.34475],[79.77641,8.34452],[79.77609,8.34437],[79.77617,8.34421],[79.7766,8.34456],[79.77676,8.34505],[79.77659,8.34542],[79.77647,8.34558],[79.77679,8.34552],[79.77714,8.34526],[79.77717,8.34552],[79.77704,8.34574],[79.77702,8.34587],[79.77728,8.34577],[79.7774,8.34581],[79.7773,8.34626],[79.77715,8.34638],[79.77698,8.34627],[79.77694,8.34638],[79.77718,8.34649],[79.77738,8.34632],[79.77744,8.34604],[79.7775,8.34613],[79.7775,8.34621],[79.77759,8.34603],[79.7775,8.34579],[79.7775,8.3455],[79.7774,8.34514],[79.77711,8.34482],[79.77683,8.34455],[79.77657,8.34411],[79.7762,8.34348],[79.77608,8.34328],[79.77574,8.34318],[79.77542,8.34292],[79.77515,8.34245],[79.77503,8.34191],[79.77477,8.34163],[79.77427,8.34128],[79.77386,8.34072],[79.77343,8.33974],[79.7733,8.33871],[79.77331,8.33821],[79.7735,8.33813],[79.77363,8.33786],[79.77351,8.33755],[79.77351,8.33721],[79.77325,8.33693],[79.77324,8.33652],[79.77293,8.33622],[79.77293,8.33601],[79.77228,8.33501],[79.77212,8.33431],[79.7722,8.33394],[79.77235,8.33352],[79.77189,8.33306],[79.77162,8.33258],[79.77165,8.33221],[79.77178,8.33184],[79.77195,8.33145],[79.77191,8.33109],[79.77181,8.33056],[79.77184,8.33018],[79.77191,8.32994],[79.77199,8.32997],[79.77199,8.33015],[79.77213,8.33018],[79.77213,8.33002],[79.77197,8.32969],[79.77152,8.32918],[79.77083,8.32855],[79.77072,8.32813],[79.77006,8.32759],[79.76983,8.32717],[79.76974,8.32661],[79.76964,8.32602],[79.76944,8.32589],[79.76902,8.32597],[79.76882,8.326],[79.76865,8.3261],[79.76845,8.32634],[79.76835,8.32651],[79.76823,8.32643],[79.7683,8.32611],[79.76808,8.32585],[79.76751,8.32559],[79.76692,8.32548],[79.76659,8.32516],[79.76649,8.32468],[79.76646,8.32408],[79.76646,8.32336],[79.76638,8.32265],[79.76638,8.32264],[79.76623,8.32243],[79.7662,8.32183],[79.76609,8.32134],[79.76545,8.32076],[79.76483,8.32009],[79.76446,8.31912],[79.7645,8.3181],[79.76499,8.31731],[79.76544,8.31693],[79.76554,8.31676],[79.76561,8.31697],[79.7657,8.31691],[79.76551,8.31627],[79.76511,8.316],[79.76475,8.31575],[79.76461,8.31553],[79.76476,8.31532],[79.76476,8.31497],[79.76458,8.31454],[79.76428,8.31421],[79.76385,8.31418],[79.76343,8.31403],[79.76307,8.31355],[79.76242,8.31319],[79.76207,8.31287],[79.76198,8.31261],[79.76226,8.31285],[79.76236,8.3127],[79.76216,8.31256],[79.76208,8.31238],[79.7616,8.31194],[79.76132,8.31159],[79.76117,8.31104],[79.76117,8.31061],[79.7612,8.31024],[79.76113,8.3097],[79.76095,8.30916],[79.76092,8.30882],[79.76093,8.30838],[79.76087,8.30796],[79.76047,8.30709],[79.7602,8.30662],[79.76006,8.30646],[79.76005,8.30609],[79.75977,8.30568],[79.75977,8.30524],[79.75955,8.30469],[79.75931,8.30463],[79.75917,8.30457],[79.75891,8.30426],[79.75891,8.30398],[79.75905,8.30352],[79.75895,8.3033],[79.75857,8.3028],[79.75831,8.30266],[79.75851,8.3024],[79.75904,8.30213],[79.76022,8.30182],[79.7618,8.30171],[79.762,8.3021],[79.76277,8.30236],[79.7654,8.30278],[79.76588,8.30246],[79.7664,8.30243],[79.76703,8.30182],[79.76752,8.3015],[79.7676,8.30114],[79.7668,8.30116],[79.76606,8.30091],[79.76542,8.30038],[79.76351,8.30008],[79.76239,8.29969],[79.76237,8.29805],[79.76077,8.2965],[79.75929,8.29656],[79.75862,8.29588],[79.75803,8.29526],[79.75785,8.29428],[79.75805,8.29321],[79.75766,8.29295],[79.75677,8.29288],[79.75559,8.29208],[79.75534,8.29165],[79.7546,8.29143],[79.75418,8.29011],[79.75488,8.28866],[79.75467,8.28823],[79.75389,8.2878],[79.75372,8.28717],[79.75391,8.28635],[79.75372,8.28615],[79.75322,8.28588],[79.75312,8.2856],[79.75261,8.28519],[79.75275,8.28504],[79.75376,8.28537],[79.75485,8.28494],[79.75542,8.28395],[79.75516,8.28341],[79.75451,8.28327],[79.75423,8.28348],[79.75375,8.28326],[79.7534,8.28284],[79.75327,8.2823],[79.75341,8.28159],[79.75399,8.28027],[79.75442,8.27919],[79.75544,8.27828],[79.75634,8.27789],[79.75743,8.27751],[79.75744,8.27763],[79.75774,8.27768],[79.75816,8.27755],[79.75843,8.27735],[79.75863,8.2773],[79.7587,8.27714],[79.75856,8.27643],[79.75846,8.27622],[79.7583,8.27588],[79.75834,8.27533],[79.75824,8.27495],[79.75808,8.27429],[79.75784,8.27393],[79.75763,8.27393],[79.75738,8.27391],[79.75726,8.27385],[79.75704,8.27393],[79.75676,8.274],[79.75657,8.27397],[79.75631,8.2741],[79.75603,8.27394],[79.75579,8.27381],[79.75563,8.27369],[79.75537,8.27369],[79.75516,8.27356],[79.75498,8.27345],[79.75469,8.2735],[79.75453,8.27324],[79.75469,8.27298],[79.75467,8.27271],[79.75461,8.27245],[79.75471,8.27214],[79.75481,8.27174],[79.75471,8.27154],[79.75478,8.27132],[79.75464,8.27092],[79.75447,8.27056],[79.7543,8.27034],[79.75411,8.27022],[79.75404,8.26995],[79.7539,8.26981],[79.75358,8.26956],[79.75352,8.26926],[79.75362,8.26894],[79.75365,8.26839],[79.75356,8.26809],[79.75313,8.26779],[79.75277,8.26758],[79.75213,8.26727],[79.75111,8.26666],[79.75056,8.26588],[79.75064,8.26552],[79.75093,8.26536],[79.75097,8.26484],[79.75068,8.26454],[79.75035,8.2645],[79.75051,8.26398],[79.75115,8.26349],[79.75185,8.26322],[79.75317,8.26301],[79.75362,8.26299],[79.75375,8.26308],[79.75507,8.26339],[79.75574,8.26373],[79.75627,8.26424],[79.75646,8.26473],[79.75648,8.2653],[79.75694,8.26603],[79.75751,8.2662],[79.75778,8.26647],[79.75798,8.26667],[79.75851,8.26738],[79.75858,8.26745],[79.75903,8.26795],[79.75898,8.26858],[79.75872,8.26909],[79.75851,8.2698],[79.75805,8.27026],[79.75785,8.27051],[79.75756,8.27085],[79.75711,8.27132],[79.75696,8.27162],[79.75679,8.27196],[79.75668,8.27209],[79.75661,8.27241],[79.75651,8.27258],[79.75637,8.2729],[79.75645,8.27291],[79.75651,8.27272],[79.75662,8.27259],[79.75667,8.2725],[79.75668,8.2723],[79.75677,8.27219],[79.75682,8.27202],[79.75694,8.27185],[79.75719,8.27181],[79.75722,8.27172],[79.75714,8.27164],[79.75749,8.27144],[79.75768,8.27139],[79.75775,8.27153],[79.75809,8.27165],[79.75809,8.27176],[79.75822,8.27175],[79.75841,8.27164],[79.75859,8.2715],[79.75918,8.27155],[79.75962,8.27182],[79.7597,8.27206],[79.76009,8.2721],[79.76026,8.27238],[79.76039,8.27249],[79.76054,8.27287],[79.76106,8.27309],[79.76176,8.273],[79.76187,8.27264],[79.7622,8.27156],[79.76219,8.27108],[79.76286,8.26988],[79.76288,8.26947],[79.76367,8.26828],[79.76357,8.26797],[79.76335,8.26783],[79.76294,8.268],[79.76234,8.26787],[79.76192,8.26773],[79.76179,8.26704],[79.76019,8.2667],[79.75972,8.2662],[79.75978,8.26378],[79.76042,8.26237],[79.76075,8.26245],[79.76038,8.26171],[79.75884,8.26079],[79.75798,8.25995],[79.75914,8.25818],[79.7578,8.25796],[79.75735,8.25752],[79.75779,8.25611],[79.75618,8.25613],[79.75517,8.25594],[79.75463,8.25547],[79.75412,8.25527],[79.75368,8.2547],[79.75339,8.25388],[79.75337,8.25349],[79.75356,8.25318],[79.75325,8.25298],[79.75287,8.2521],[79.75261,8.25138],[79.75271,8.25087],[79.7525,8.25044],[79.75246,8.24991],[79.75259,8.2494],[79.75221,8.24883],[79.75207,8.24801],[79.75104,8.2484],[79.74995,8.24968],[79.74878,8.2506],[79.74792,8.25124],[79.74739,8.25154],[79.7469,8.25147],[79.74288,8.25027],[79.74136,8.25079],[79.74059,8.25069],[79.7401,8.25079],[79.73955,8.25061],[79.73931,8.2503],[79.73891,8.24868],[79.74018,8.24833],[79.73885,8.24826],[79.73843,8.24557],[79.73846,8.24472],[79.73876,8.24431],[79.739,8.24386],[79.73905,8.24358],[79.73918,8.243],[79.73919,8.24274],[79.73939,8.24263],[79.73967,8.24257],[79.74002,8.24261],[79.74027,8.24241],[79.74047,8.24244],[79.74076,8.24258],[79.74102,8.24275],[79.74091,8.24254],[79.74058,8.24234],[79.74004,8.24224],[79.73958,8.24215],[79.73938,8.24199],[79.73884,8.24161],[79.73785,8.24123],[79.73754,8.24093],[79.73706,8.23922],[79.73663,8.23792],[79.73691,8.23701],[79.73674,8.23626],[79.73687,8.23573],[79.73721,8.23524],[79.73689,8.23444],[79.7365,8.23461],[79.73663,8.23527],[79.73646,8.23552],[79.73603,8.2352],[79.73584,8.23465],[79.73601,8.23346],[79.73532,8.23318],[79.73443,8.23229],[79.73419,8.23155],[79.73423,8.23083],[79.73402,8.23055],[79.73425,8.23023],[79.73322,8.2301],[79.73284,8.2297],[79.73198,8.22906],[79.73163,8.2285],[79.73153,8.22817],[79.73279,8.22796],[79.73364,8.22782],[79.73445,8.2278],[79.73464,8.22797],[79.73462,8.22817],[79.73506,8.22839],[79.73518,8.22874],[79.73544,8.22885],[79.73554,8.22895],[79.7356,8.22899],[79.73566,8.22902],[79.73571,8.22904],[79.73584,8.22906],[79.73598,8.22907],[79.7361,8.22908],[79.73613,8.22909],[79.73615,8.2291],[79.73616,8.2291],[79.73625,8.2291],[79.7365,8.22911],[79.7366,8.22911],[79.73673,8.22906],[79.73718,8.22925],[79.73857,8.22979],[79.74006,8.23072],[79.74038,8.23105],[79.74072,8.23147],[79.74107,8.23206],[79.74123,8.23303],[79.74137,8.23362],[79.74156,8.2342],[79.74232,8.23469],[79.74243,8.23516],[79.74255,8.23526],[79.74254,8.23512],[79.74341,8.23552],[79.74412,8.23605],[79.74467,8.23662],[79.74507,8.23751],[79.74613,8.23849],[79.74687,8.23953],[79.7473,8.24053],[79.74747,8.24096],[79.74769,8.24126],[79.74782,8.24172],[79.74805,8.2419],[79.74828,8.24216],[79.74869,8.24243],[79.74908,8.24281],[79.74948,8.2429],[79.74978,8.24311],[79.75024,8.24261],[79.75053,8.24309],[79.75105,8.24334],[79.75138,8.24373],[79.75163,8.24441],[79.75193,8.2448],[79.75187,8.24432],[79.75198,8.24405],[79.75217,8.24407]]]},"properties":{"name":null,"source":"OpenStreetMap + Natural Earth","source_id":"osm_coastline","geometry_quality":"mapped_polygon"}},{"type":"Feature","geometry":{"type":"Polygon","coordinates":[[[79.78305,8.21887],[79.7831,8.21901],[79.78332,8.21912],[79.7835,8.21928],[79.78371,8.21933],[79.78366,8.21925],[79.7835,8.21916],[79.78346,8.21911],[79.78355,8.21903],[79.78365,8.21898],[79.78368,8.21894],[79.78369,8.21876],[79.78374,8.21863],[79.78389,8.21855],[79.78397,8.21854],[79.78399,8.21849],[79.78397,8.21836],[79.78405,8.21824],[79.78422,8.21811],[79.78439,8.21784],[79.78452,8.21771],[79.78472,8.21756],[79.78486,8.21742],[79.78487,8.21726],[79.78485,8.21718],[79.78488,8.21704],[79.78487,8.21702],[79.78477,8.21696],[79.78474,8.21691],[79.78474,8.21682],[79.78479,8.21669],[79.7849,8.2166],[79.78491,8.21657],[79.78486,8.21641],[79.78491,8.21628],[79.78494,8.21623],[79.78526,8.21597],[79.7855,8.21582],[79.78563,8.21579],[79.78567,8.21575],[79.78558,8.21564],[79.78557,8.21558],[79.78559,8.21542],[79.78555,8.21534],[79.78559,8.21524],[79.78558,8.21521],[79.78554,8.21517],[79.78554,8.21512],[79.78551,8.21508],[79.78552,8.21499],[79.78549,8.21498],[79.78547,8.215],[79.7854,8.21514],[79.78532,8.21523],[79.7851,8.21538],[79.78462,8.21565],[79.78424,8.21581],[79.78405,8.21586],[79.78384,8.2159],[79.78375,8.21589],[79.78366,8.21575],[79.78356,8.21565],[79.78348,8.21554],[79.7834,8.2155],[79.78332,8.21549],[79.78325,8.21554],[79.78319,8.21563],[79.7831,8.21574],[79.7829,8.21578],[79.78284,8.21583],[79.78278,8.21585],[79.78267,8.21586],[79.78255,8.21595],[79.7825,8.21588],[79.78252,8.2158],[79.78251,8.21577],[79.78245,8.21575],[79.78247,8.21565],[79.78242,8.2156],[79.78236,8.21561],[79.78231,8.21564],[79.78215,8.2158],[79.7821,8.21581],[79.78203,8.21577],[79.782,8.21578],[79.78191,8.21596],[79.78186,8.21601],[79.78182,8.21609],[79.78174,8.2165],[79.78171,8.21655],[79.78158,8.21663],[79.78157,8.21669],[79.78159,8.21675],[79.78157,8.21684],[79.78143,8.21702],[79.7814,8.21723],[79.78133,8.21737],[79.78136,8.2178],[79.78122,8.21798],[79.78123,8.21807],[79.78125,8.21812],[79.78131,8.21814],[79.78144,8.21816],[79.78149,8.21826],[79.78159,8.21832],[79.78191,8.21833],[79.78225,8.21831],[79.78258,8.21831],[79.78306,8.21844],[79.78312,8.21849],[79.7832,8.21861],[79.78318,8.2187],[79.78315,8.21877],[79.78305,8.21887]]]},"properties":{"name":null,"source":"OpenStreetMap + Natural Earth","source_id":"osm_coastline","geometry_quality":"mapped_polygon"}},{"type":"Feature","geometry":{"type":"Polygon","coordinates":[[[79.77542,8.26679],[79.77507,8.26741],[79.77497,8.26799],[79.77509,8.26853],[79.77489,8.26875],[79.77481,8.26898],[79.77494,8.26914],[79.7753,8.26936],[79.77531,8.26971],[79.77499,8.27022],[79.77467,8.27052],[79.77462,8.27104],[79.77468,8.27123],[79.77496,8.27141],[79.77498,8.27169],[79.77511,8.27188],[79.77537,8.27215],[79.77543,8.27246],[79.77539,8.27289],[79.77563,8.27332],[79.77608,8.2737],[79.77635,8.27423],[79.77726,8.27512],[79.77858,8.27435],[79.7804,8.27134],[79.78139,8.27013],[79.78158,8.26945],[79.78246,8.26875],[79.7825,8.26832],[79.78306,8.26849],[79.78397,8.26829],[79.7842,8.26781],[79.78461,8.2676],[79.78382,8.2648],[79.78288,8.26319],[79.78198,8.26245],[79.78196,8.26228],[79.78136,8.26236],[79.78061,8.26232],[79.78007,8.26224],[79.77958,8.26243],[79.77841,8.26319],[79.77832,8.26359],[79.77793,8.26411],[79.77731,8.26468],[79.77664,8.26534],[79.77649,8.26573],[79.77542,8.26679]]]},"properties":{"name":null,"source":"OpenStreetMap + Natural Earth","source_id":"osm_coastline","geometry_quality":"mapped_polygon"}},{"type":"Feature","geometry":{"type":"Polygon","coordinates":[[[79.77965,8.24063],[79.7795,8.24065],[79.77967,8.2408],[79.78027,8.24112],[79.78081,8.24144],[79.78128,8.24141],[79.78152,8.24112],[79.78132,8.24082],[79.78103,8.24059],[79.7804,8.24074],[79.77997,8.24076],[79.77965,8.24063]]]},"properties":{"name":null,"source":"OpenStreetMap + Natural Earth","source_id":"osm_coastline","geometry_quality":"mapped_polygon"}},{"type":"Feature","geometry":{"type":"Polygon","coordinates":[[[79.78045,8.21969],[79.78048,8.21974],[79.78053,8.21977],[79.78061,8.21981],[79.78068,8.21982],[79.78072,8.21979],[79.78075,8.21977],[79.78081,8.21962],[79.7808,8.21958],[79.78078,8.21955],[79.78072,8.21949],[79.78061,8.21926],[79.78056,8.21921],[79.78055,8.21912],[79.78053,8.21907],[79.78048,8.21906],[79.78048,8.21911],[79.78051,8.21919],[79.78048,8.21919],[79.78043,8.21913],[79.78038,8.21899],[79.78031,8.21871],[79.78031,8.21858],[79.78032,8.21853],[79.78032,8.21852],[79.7803,8.21851],[79.78029,8.21853],[79.78027,8.21865],[79.78028,8.21876],[79.78033,8.21894],[79.78036,8.21907],[79.78038,8.2191],[79.78041,8.2192],[79.78048,8.21934],[79.78051,8.21945],[79.7805,8.21954],[79.78046,8.21959],[79.78045,8.21969]]]},"properties":{"name":null,"source":"OpenStreetMap + Natural Earth","source_id":"osm_coastline","geometry_quality":"mapped_polygon"}},{"type":"Feature","geometry":{"type":"Polygon","coordinates":[[[79.77787,8.23388],[79.77774,8.23468],[79.77791,8.23579],[79.77877,8.23833],[79.77945,8.23867],[79.77997,8.23732],[79.78021,8.23518],[79.78,8.23411],[79.77958,8.23354],[79.77915,8.23328],[79.77845,8.23326],[79.77787,8.23388]]]},"properties":{"name":null,"source":"OpenStreetMap + Natural Earth","source_id":"osm_coastline","geometry_quality":"mapped_polygon"}},{"type":"Feature","geometry":{"type":"Polygon","coordinates":[[[79.77591,8.18853],[79.77598,8.18902],[79.77632,8.18945],[79.77675,8.18966],[79.7769,8.19015],[79.77679,8.19068],[79.77619,8.19148],[79.77548,8.19235],[79.77516,8.19276],[79.77587,8.19284],[79.77671,8.19259],[79.77765,8.19189],[79.77864,8.1907],[79.77945,8.18917],[79.77943,8.18832],[79.77864,8.18756],[79.77746,8.18688],[79.77697,8.1869],[79.77591,8.18853]]]},"properties":{"name":null,"source":"OpenStreetMap + Natural Earth","source_id":"osm_coastline","geometry_quality":"mapped_polygon"}},{"type":"Feature","geometry":{"type":"Polygon","coordinates":[[[79.77355,9.65157],[79.77397,9.65178],[79.77443,9.65183],[79.77517,9.65161],[79.77554,9.65147],[79.77571,9.65151],[79.77605,9.65169],[79.77623,9.65174],[79.77639,9.65167],[79.77695,9.65116],[79.77716,9.65087],[79.77722,9.65068],[79.77723,9.65022],[79.77715,9.65001],[79.7771,9.64982],[79.77714,9.64965],[79.77729,9.64944],[79.77741,9.64919],[79.77742,9.64908],[79.7774,9.649],[79.77731,9.64886],[79.77701,9.64862],[79.77691,9.64847],[79.77684,9.64819],[79.77692,9.64778],[79.77703,9.6475],[79.777,9.64735],[79.77702,9.64709],[79.77716,9.64671],[79.77703,9.64666],[79.77699,9.64661],[79.77683,9.64631],[79.77656,9.64548],[79.77643,9.64523],[79.7761,9.64411],[79.77607,9.64405],[79.77603,9.64403],[79.776,9.64405],[79.77597,9.64412],[79.77593,9.64415],[79.77564,9.64416],[79.77512,9.64409],[79.77483,9.64408],[79.77471,9.64413],[79.77383,9.64462],[79.77241,9.64587],[79.77221,9.64598],[79.77209,9.64608],[79.77193,9.64628],[79.77153,9.64651],[79.77148,9.6466],[79.77141,9.64718],[79.77159,9.64786],[79.77155,9.64824],[79.77143,9.64852],[79.77125,9.64867],[79.77122,9.64872],[79.77123,9.6488],[79.77148,9.64916],[79.77285,9.65084],[79.77355,9.65157]]]},"properties":{"name":null,"source":"OpenStreetMap + Natural Earth","source_id":"osm_coastline","geometry_quality":"mapped_polygon"}},{"type":"Feature","geometry":{"type":"Polygon","coordinates":[[[79.77591,8.24596],[79.77632,8.24581],[79.77644,8.24551],[79.77651,8.24517],[79.77637,8.24475],[79.7762,8.24441],[79.77583,8.24439],[79.77555,8.24468],[79.77529,8.24477],[79.77495,8.24496],[79.77515,8.24539],[79.77553,8.24579],[79.77591,8.24596]]]},"properties":{"name":null,"source":"OpenStreetMap + Natural Earth","source_id":"osm_coastline","geometry_quality":"mapped_polygon"}},{"type":"Feature","geometry":{"type":"Polygon","coordinates":[[[79.77551,9.59415],[79.77554,9.59394],[79.77579,9.59364],[79.77578,9.5933],[79.77584,9.59318],[79.77592,9.59309],[79.77587,9.59269],[79.77592,9.59259],[79.77585,9.59206],[79.77582,9.59154],[79.77586,9.59137],[79.77594,9.59128],[79.77597,9.5912],[79.77571,9.59053],[79.77573,9.59038],[79.77572,9.59024],[79.77556,9.58971],[79.7756,9.58947],[79.77557,9.58926],[79.77541,9.58887],[79.77494,9.58824],[79.77486,9.58803],[79.77483,9.58762],[79.77489,9.58746],[79.77483,9.58734],[79.77485,9.58729],[79.77482,9.58713],[79.77486,9.58707],[79.77481,9.58659],[79.77466,9.58603],[79.77456,9.58584],[79.77446,9.58576],[79.77433,9.58537],[79.77435,9.58531],[79.77424,9.58517],[79.77423,9.58505],[79.77427,9.58492],[79.77426,9.58485],[79.7742,9.58484],[79.77414,9.58485],[79.77407,9.58481],[79.77387,9.58461],[79.77326,9.58458],[79.77325,9.58467],[79.77285,9.58476],[79.77273,9.58484],[79.77242,9.58525],[79.77222,9.58538],[79.77202,9.5854],[79.77116,9.5854],[79.77044,9.58537],[79.76978,9.58603],[79.76936,9.58635],[79.76908,9.58649],[79.76869,9.58663],[79.76832,9.58671],[79.76786,9.58688],[79.76781,9.58699],[79.76748,9.58715],[79.76651,9.58747],[79.76574,9.58763],[79.76524,9.58783],[79.76488,9.58833],[79.76471,9.58844],[79.76431,9.5888],[79.76399,9.58952],[79.76367,9.58972],[79.76348,9.58971],[79.76346,9.58982],[79.7633,9.5901],[79.76326,9.59043],[79.76342,9.59244],[79.76343,9.59336],[79.76354,9.59611],[79.76342,9.59665],[79.76341,9.59705],[79.76329,9.59714],[79.7634,9.59764],[79.76349,9.5977],[79.76353,9.59779],[79.76352,9.59797],[79.76321,9.5985],[79.76294,9.59886],[79.7629,9.59903],[79.76291,9.5992],[79.76297,9.59921],[79.76307,9.59948],[79.76295,9.59984],[79.76297,9.59991],[79.76304,9.59996],[79.76302,9.60007],[79.76297,9.60011],[79.76287,9.6001],[79.76284,9.60025],[79.76276,9.60031],[79.76277,9.60036],[79.76297,9.60041],[79.76315,9.60055],[79.76323,9.60072],[79.76315,9.60089],[79.76306,9.60091],[79.76288,9.60088],[79.76284,9.60082],[79.76273,9.60075],[79.76257,9.60089],[79.76258,9.60097],[79.76254,9.60101],[79.76259,9.6013],[79.76249,9.6013],[79.7626,9.60154],[79.76254,9.6016],[79.76251,9.60166],[79.7626,9.6017],[79.76261,9.60185],[79.76256,9.60193],[79.76243,9.6023],[79.76252,9.60241],[79.76246,9.60278],[79.76231,9.60284],[79.76243,9.60315],[79.76246,9.60356],[79.7624,9.60379],[79.76235,9.60381],[79.76221,9.60379],[79.76209,9.60384],[79.76209,9.60398],[79.76206,9.60403],[79.76205,9.6042],[79.76209,9.60445],[79.76194,9.60502],[79.762,9.60513],[79.76199,9.60523],[79.76196,9.60536],[79.76187,9.60554],[79.76193,9.60565],[79.76179,9.60585],[79.76181,9.60592],[79.76186,9.60591],[79.76193,9.60598],[79.76173,9.60629],[79.7618,9.60658],[79.76176,9.60673],[79.76169,9.60674],[79.76165,9.60682],[79.76184,9.60716],[79.76188,9.60742],[79.76196,9.60751],[79.76196,9.60784],[79.76201,9.60792],[79.76208,9.60824],[79.76205,9.60859],[79.76219,9.60877],[79.76251,9.61007],[79.76255,9.61073],[79.76269,9.61127],[79.76269,9.61162],[79.76282,9.61231],[79.76283,9.61264],[79.76293,9.61282],[79.76287,9.61329],[79.76278,9.61333],[79.76276,9.61335],[79.7628,9.61344],[79.76289,9.61347],[79.76295,9.61355],[79.76325,9.61412],[79.76338,9.61425],[79.76338,9.61453],[79.76341,9.6147],[79.76357,9.61479],[79.76392,9.61517],[79.76409,9.61565],[79.7642,9.61579],[79.76451,9.61599],[79.76523,9.61672],[79.76557,9.6172],[79.7658,9.61746],[79.76591,9.61748],[79.76616,9.61782],[79.76635,9.61799],[79.7664,9.61806],[79.76644,9.61831],[79.7666,9.6185],[79.76658,9.61859],[79.7666,9.61866],[79.76676,9.61885],[79.76692,9.61892],[79.76706,9.61912],[79.76715,9.61912],[79.76731,9.6193],[79.76759,9.61947],[79.76773,9.61943],[79.76782,9.61947],[79.76798,9.61965],[79.76815,9.61971],[79.7688,9.62022],[79.76912,9.62076],[79.7692,9.6208],[79.76921,9.62093],[79.76933,9.62104],[79.76934,9.62116],[79.76942,9.62117],[79.7695,9.62136],[79.76972,9.62158],[79.77023,9.62192],[79.77043,9.62197],[79.77059,9.62205],[79.77082,9.62206],[79.77089,9.62208],[79.77102,9.62199],[79.77111,9.62195],[79.7713,9.62197],[79.77143,9.62181],[79.77153,9.62177],[79.77178,9.62174],[79.77193,9.62169],[79.77205,9.62172],[79.77216,9.62167],[79.77228,9.62171],[79.77229,9.62162],[79.7724,9.62154],[79.77281,9.6214],[79.77299,9.62132],[79.77312,9.62122],[79.77332,9.62118],[79.77346,9.62108],[79.7737,9.62103],[79.77377,9.62097],[79.77446,9.62091],[79.77463,9.62094],[79.77476,9.62091],[79.7748,9.62085],[79.77483,9.62075],[79.77483,9.62059],[79.77474,9.62045],[79.77476,9.62014],[79.77481,9.61998],[79.77503,9.61969],[79.77525,9.61956],[79.77538,9.61955],[79.77537,9.61944],[79.77523,9.61943],[79.77519,9.6194],[79.77516,9.61926],[79.77516,9.61916],[79.77531,9.61898],[79.77546,9.61889],[79.7754,9.61882],[79.77529,9.61884],[79.77508,9.61868],[79.77496,9.61853],[79.77486,9.61832],[79.77483,9.61808],[79.77491,9.61734],[79.7749,9.61698],[79.77484,9.61656],[79.77486,9.6165],[79.77483,9.61627],[79.77479,9.61616],[79.7748,9.61603],[79.77473,9.61557],[79.77482,9.61535],[79.77483,9.61505],[79.77489,9.61491],[79.77481,9.61467],[79.77479,9.61437],[79.77481,9.61432],[79.77481,9.61421],[79.77486,9.61414],[79.77486,9.61397],[79.77489,9.61388],[79.77486,9.61377],[79.77481,9.61347],[79.77482,9.61297],[79.77485,9.61287],[79.77489,9.61278],[79.77491,9.61273],[79.77492,9.61272],[79.77494,9.61272],[79.77493,9.61269],[79.77492,9.61265],[79.77488,9.61265],[79.77485,9.61263],[79.77483,9.6126],[79.77479,9.61254],[79.77472,9.6124],[79.77469,9.61228],[79.77472,9.61226],[79.77458,9.61199],[79.77454,9.6119],[79.77451,9.61167],[79.77452,9.61143],[79.77446,9.61112],[79.77446,9.611],[79.77439,9.61087],[79.77427,9.61009],[79.77424,9.60916],[79.77417,9.60896],[79.77413,9.60871],[79.77415,9.60856],[79.77411,9.60833],[79.774,9.60795],[79.77401,9.60787],[79.77393,9.60753],[79.77396,9.60742],[79.77395,9.60731],[79.77387,9.60718],[79.77378,9.60669],[79.77375,9.60664],[79.77363,9.60608],[79.77349,9.60529],[79.77351,9.60525],[79.77347,9.60517],[79.77343,9.6049],[79.77345,9.60445],[79.77337,9.60383],[79.77337,9.60282],[79.77335,9.6028],[79.77331,9.60251],[79.7733,9.60202],[79.77331,9.60126],[79.77337,9.60118],[79.77333,9.60085],[79.77338,9.60073],[79.77341,9.60068],[79.77332,9.60047],[79.77339,9.60034],[79.77335,9.60023],[79.77337,9.6002],[79.77333,9.60009],[79.77337,9.60001],[79.77327,9.59985],[79.77318,9.59935],[79.77322,9.59935],[79.77304,9.59869],[79.77303,9.59842],[79.77307,9.59812],[79.77314,9.59804],[79.7732,9.59782],[79.77342,9.59746],[79.77359,9.59742],[79.77365,9.5973],[79.77369,9.59714],[79.77442,9.59625],[79.77472,9.59601],[79.77491,9.59592],[79.77513,9.59599],[79.77514,9.59595],[79.77513,9.5956],[79.77521,9.59524],[79.77523,9.59485],[79.77536,9.59463],[79.77551,9.59415]]]},"properties":{"name":null,"source":"OpenStreetMap + Natural Earth","source_id":"osm_coastline","geometry_quality":"mapped_polygon"}},{"type":"Feature","geometry":{"type":"Polygon","coordinates":[[[79.77322,8.27277],[79.77288,8.27285],[79.77268,8.273],[79.77273,8.27345],[79.7732,8.27368],[79.77335,8.27396],[79.77335,8.27428],[79.77348,8.27474],[79.77386,8.27453],[79.77378,8.274],[79.77386,8.27366],[79.77395,8.27338],[79.77408,8.27283],[79.77371,8.27234],[79.77331,8.27228],[79.77309,8.27245],[79.77322,8.27277]]]},"properties":{"name":null,"source":"OpenStreetMap + Natural Earth","source_id":"osm_coastline","geometry_quality":"mapped_polygon"}},{"type":"Feature","geometry":{"type":"Polygon","coordinates":[[[79.77311,8.27554],[79.77299,8.27504],[79.77314,8.27497],[79.77322,8.2747],[79.77292,8.27425],[79.77262,8.27406],[79.77241,8.27416],[79.77221,8.2747],[79.77204,8.27531],[79.77187,8.27586],[79.77187,8.27633],[79.77185,8.27673],[79.77208,8.2772],[79.77208,8.27788],[79.77211,8.27873],[79.77247,8.27862],[79.77256,8.2779],[79.77275,8.2778],[79.77277,8.27726],[79.77288,8.27622],[79.77281,8.27576],[79.77307,8.27593],[79.77311,8.27554]]]},"properties":{"name":null,"source":"OpenStreetMap + Natural Earth","source_id":"osm_coastline","geometry_quality":"mapped_polygon"}},{"type":"Feature","geometry":{"type":"Polygon","coordinates":[[[79.7689,8.21425],[79.76936,8.21448],[79.77012,8.21474],[79.7704,8.21472],[79.77057,8.21466],[79.7706,8.21458],[79.77059,8.2145],[79.77077,8.2142],[79.77107,8.21415],[79.77139,8.21431],[79.77157,8.21433],[79.77168,8.21419],[79.77171,8.21411],[79.77168,8.21403],[79.77154,8.21391],[79.77115,8.21366],[79.77095,8.21337],[79.77061,8.21326],[79.77014,8.21329],[79.76986,8.21322],[79.76971,8.21312],[79.76952,8.21282],[79.76933,8.21271],[79.76907,8.21262],[79.76868,8.21256],[79.76809,8.21255],[79.76761,8.21265],[79.76743,8.21263],[79.76735,8.21257],[79.76732,8.21249],[79.76731,8.2122],[79.7674,8.21185],[79.76744,8.2115],[79.76728,8.21117],[79.76694,8.21075],[79.76689,8.21059],[79.76692,8.21041],[79.76698,8.21025],[79.76732,8.20981],[79.76771,8.20972],[79.76807,8.20972],[79.76825,8.20968],[79.76839,8.20959],[79.76848,8.20947],[79.76859,8.20929],[79.76867,8.20903],[79.76907,8.20886],[79.76943,8.20882],[79.76957,8.20872],[79.76962,8.20864],[79.76964,8.20855],[79.7696,8.20838],[79.76933,8.20815],[79.76914,8.20795],[79.76904,8.20778],[79.76898,8.20753],[79.76892,8.20746],[79.76883,8.20745],[79.76867,8.20752],[79.76791,8.20805],[79.76748,8.20844],[79.76638,8.2091],[79.76597,8.20957],[79.76554,8.2099],[79.76529,8.21027],[79.76512,8.21069],[79.76503,8.21113],[79.76503,8.21131],[79.7649,8.21166],[79.76486,8.21211],[79.76492,8.21228],[79.76503,8.21243],[79.76507,8.21253],[79.76507,8.21263],[79.76506,8.21275],[79.76507,8.21284],[79.76527,8.213],[79.76538,8.21307],[79.76551,8.21312],[79.76575,8.2132],[79.76606,8.21336],[79.76695,8.21368],[79.76738,8.2138],[79.76785,8.21387],[79.76828,8.214],[79.76864,8.21418],[79.7689,8.21425]]]},"properties":{"name":null,"source":"OpenStreetMap + Natural Earth","source_id":"osm_coastline","geometry_quality":"mapped_polygon"}},{"type":"Feature","geometry":{"type":"Polygon","coordinates":[[[79.76713,8.18037],[79.76718,8.1804],[79.76728,8.18045],[79.76732,8.18048],[79.76736,8.18051],[79.76739,8.18056],[79.76742,8.18062],[79.76744,8.1807],[79.76753,8.18081],[79.76765,8.18095],[79.76781,8.18106],[79.76794,8.1812],[79.76805,8.18125],[79.7681,8.18129],[79.76819,8.18141],[79.76827,8.18149],[79.76831,8.18152],[79.76833,8.18154],[79.76834,8.18157],[79.76836,8.18164],[79.76837,8.18169],[79.7684,8.18179],[79.7684,8.18187],[79.76845,8.18194],[79.76848,8.18197],[79.76856,8.18205],[79.76867,8.18209],[79.76874,8.1821],[79.76884,8.18211],[79.76894,8.18212],[79.76903,8.18215],[79.76908,8.18219],[79.76912,8.18223],[79.76914,8.18227],[79.76917,8.18234],[79.76923,8.1824],[79.76931,8.18245],[79.7694,8.18254],[79.76946,8.18263],[79.76951,8.18269],[79.7696,8.18275],[79.76966,8.18277],[79.76979,8.18282],[79.76992,8.18288],[79.77006,8.18295],[79.7701,8.18297],[79.77018,8.18298],[79.77023,8.18297],[79.77026,8.18296],[79.77033,8.18291],[79.77035,8.18288],[79.77036,8.18283],[79.77037,8.18277],[79.77037,8.18275],[79.77039,8.18271],[79.77042,8.18269],[79.77043,8.18267],[79.77043,8.18264],[79.77043,8.18263],[79.77041,8.1826],[79.77038,8.18257],[79.77036,8.18251],[79.77036,8.18246],[79.77035,8.18243],[79.77033,8.1824],[79.77025,8.18232],[79.77016,8.18227],[79.77008,8.18221],[79.77005,8.18217],[79.77,8.18211],[79.76997,8.18206],[79.76989,8.18197],[79.76983,8.18192],[79.76965,8.18181],[79.76954,8.18168],[79.76949,8.18157],[79.76942,8.18147],[79.76936,8.18135],[79.76929,8.18125],[79.76921,8.18116],[79.76903,8.18099],[79.76897,8.1809],[79.76889,8.18082],[79.76872,8.18066],[79.76835,8.1803],[79.76824,8.18018],[79.76809,8.18007],[79.76801,8.18002],[79.76796,8.18],[79.76789,8.17997],[79.76783,8.17998],[79.76778,8.18001],[79.76771,8.18002],[79.76764,8.18002],[79.76755,8.18],[79.7674,8.18001],[79.76724,8.18003],[79.76712,8.18006],[79.76705,8.18008],[79.76698,8.18009],[79.76692,8.18009],[79.76687,8.18007],[79.76684,8.18006],[79.7668,8.18004],[79.76675,8.18003],[79.76671,8.18003],[79.7667,8.18003],[79.7667,8.18005],[79.7667,8.18006],[79.7667,8.18007],[79.76672,8.18008],[79.76675,8.18008],[79.7668,8.18011],[79.76691,8.18017],[79.767,8.18023],[79.76703,8.18028],[79.76707,8.18034],[79.76713,8.18037]]]},"properties":{"name":null,"source":"OpenStreetMap + Natural Earth","source_id":"osm_coastline","geometry_quality":"mapped_polygon"}},{"type":"Feature","geometry":{"type":"Polygon","coordinates":[[[79.76342,8.27808],[79.76351,8.2781],[79.76355,8.27823],[79.7636,8.2783],[79.76366,8.27834],[79.76376,8.27833],[79.76434,8.27811],[79.76466,8.27809],[79.7649,8.27813],[79.76505,8.27821],[79.76513,8.27823],[79.76539,8.27821],[79.76593,8.27824],[79.766,8.27823],[79.76605,8.27824],[79.7662,8.27837],[79.76711,8.27845],[79.76728,8.27849],[79.76737,8.27849],[79.76764,8.27845],[79.76773,8.27836],[79.76776,8.27835],[79.76788,8.2784],[79.76802,8.27849],[79.76822,8.27849],[79.76831,8.27845],[79.76839,8.27839],[79.76853,8.27817],[79.76866,8.27807],[79.76878,8.27791],[79.76877,8.27761],[79.76893,8.27718],[79.76888,8.27703],[79.76896,8.27673],[79.76895,8.2767],[79.76886,8.27659],[79.76886,8.27653],[79.76889,8.27647],[79.76896,8.2764],[79.76891,8.27624],[79.76874,8.27596],[79.76865,8.27586],[79.76858,8.27584],[79.76844,8.27587],[79.76821,8.27617],[79.76812,8.27635],[79.76794,8.27644],[79.76786,8.27645],[79.76767,8.2764],[79.7675,8.27629],[79.76735,8.27635],[79.76727,8.27635],[79.76718,8.2763],[79.76692,8.27612],[79.76646,8.27587],[79.76615,8.27559],[79.766,8.27548],[79.76592,8.27528],[79.76582,8.27516],[79.76583,8.27497],[79.76575,8.27482],[79.76557,8.2747],[79.76545,8.2747],[79.76521,8.27483],[79.76511,8.27485],[79.76503,8.27481],[79.76483,8.27454],[79.76462,8.27448],[79.76444,8.27437],[79.76428,8.27437],[79.76407,8.27446],[79.76385,8.27447],[79.76366,8.27465],[79.76356,8.27467],[79.76326,8.27442],[79.76315,8.2744],[79.76301,8.27442],[79.76285,8.2745],[79.76265,8.27467],[79.7625,8.27488],[79.76249,8.27544],[79.76247,8.27551],[79.76222,8.27566],[79.76215,8.27584],[79.7621,8.27587],[79.76205,8.27587],[79.76191,8.27579],[79.76182,8.2758],[79.76176,8.27585],[79.76153,8.27619],[79.76143,8.27641],[79.76134,8.27656],[79.76126,8.27662],[79.76073,8.27716],[79.7604,8.27736],[79.7603,8.2776],[79.76013,8.27773],[79.76009,8.27782],[79.75993,8.278],[79.75993,8.27807],[79.76,8.27817],[79.76005,8.27835],[79.76009,8.27839],[79.76031,8.2785],[79.76054,8.27855],[79.7611,8.27859],[79.76119,8.27859],[79.76143,8.27852],[79.76162,8.2785],[79.76225,8.27829],[79.76235,8.2783],[79.76244,8.27837],[79.76255,8.27838],[79.76268,8.27833],[79.76326,8.27816],[79.76342,8.27808]]]},"properties":{"name":null,"source":"OpenStreetMap + Natural Earth","source_id":"osm_coastline","geometry_quality":"mapped_polygon"}},{"type":"Feature","geometry":{"type":"Polygon","coordinates":[[[79.76574,8.17925],[79.76558,8.17914],[79.76549,8.17911],[79.76544,8.17907],[79.76542,8.179],[79.76528,8.179],[79.76517,8.179],[79.76514,8.17913],[79.76515,8.17927],[79.76521,8.17931],[79.76524,8.17939],[79.76522,8.17948],[79.76524,8.17955],[79.76532,8.17966],[79.76543,8.17969],[79.76555,8.17978],[79.76557,8.17984],[79.76562,8.17994],[79.76569,8.18001],[79.76578,8.18003],[79.76594,8.18],[79.76612,8.17988],[79.76615,8.17977],[79.76609,8.17972],[79.76602,8.17973],[79.76591,8.17963],[79.76583,8.17944],[79.76574,8.17925]]]},"properties":{"name":null,"source":"OpenStreetMap + Natural Earth","source_id":"osm_coastline","geometry_quality":"mapped_polygon"}},{"type":"Feature","geometry":{"type":"Polygon","coordinates":[[[79.76409,8.17842],[79.76405,8.17851],[79.76385,8.17854],[79.76305,8.17855],[79.76302,8.17858],[79.76304,8.17863],[79.76333,8.17873],[79.76367,8.17874],[79.76389,8.1787],[79.76409,8.17868],[79.76424,8.17881],[79.76431,8.17891],[79.76449,8.17899],[79.76467,8.17894],[79.76479,8.17861],[79.76468,8.17841],[79.76457,8.17831],[79.76433,8.17831],[79.7642,8.17832],[79.76409,8.17842]]]},"properties":{"name":null,"source":"OpenStreetMap + Natural Earth","source_id":"osm_coastline","geometry_quality":"mapped_polygon"}},{"type":"Feature","geometry":{"type":"Polygon","coordinates":[[[79.76112,8.17734],[79.7612,8.17726],[79.76128,8.1773],[79.76133,8.17732],[79.76133,8.17736],[79.76136,8.17742],[79.76146,8.1774],[79.76156,8.17733],[79.76156,8.17721],[79.7615,8.17709],[79.76138,8.17699],[79.76129,8.17691],[79.76124,8.17691],[79.76118,8.17703],[79.76122,8.17715],[79.76116,8.17715],[79.76103,8.17713],[79.76092,8.1771],[79.76076,8.17698],[79.76071,8.17691],[79.76065,8.17684],[79.76062,8.17684],[79.76058,8.17689],[79.76058,8.17695],[79.76059,8.177],[79.76063,8.1771],[79.76072,8.17717],[79.76082,8.17725],[79.76096,8.17731],[79.76108,8.17729],[79.76112,8.17734]]]},"properties":{"name":null,"source":"OpenStreetMap + Natural Earth","source_id":"osm_coastline","geometry_quality":"mapped_polygon"}},{"type":"Feature","geometry":{"type":"Polygon","coordinates":[[[79.75986,8.17676],[79.75994,8.17676],[79.76001,8.17682],[79.76025,8.17683],[79.76032,8.17683],[79.76038,8.17688],[79.76046,8.17683],[79.76062,8.17681],[79.76076,8.17677],[79.76084,8.17671],[79.76081,8.17665],[79.7607,8.17663],[79.76049,8.17661],[79.76036,8.17657],[79.76026,8.17655],[79.76013,8.17653],[79.76006,8.17651],[79.76005,8.17648],[79.7599,8.17646],[79.7598,8.17648],[79.75963,8.17643],[79.7595,8.17634],[79.75942,8.17628],[79.75943,8.17623],[79.7594,8.17621],[79.75937,8.17614],[79.75931,8.1761],[79.75925,8.17608],[79.75914,8.17613],[79.75909,8.1762],[79.75907,8.1763],[79.75913,8.17644],[79.75927,8.17646],[79.75936,8.17645],[79.75961,8.17655],[79.75976,8.17662],[79.75977,8.17666],[79.75986,8.17676]]]},"properties":{"name":null,"source":"OpenStreetMap + Natural Earth","source_id":"osm_coastline","geometry_quality":"mapped_polygon"}},{"type":"Feature","geometry":{"type":"Polygon","coordinates":[[[79.75746,8.17515],[79.75834,8.17576],[79.7589,8.17605],[79.7591,8.17605],[79.75931,8.17604],[79.7594,8.17596],[79.7594,8.17581],[79.75926,8.17565],[79.75911,8.17551],[79.75864,8.17523],[79.75797,8.17457],[79.75711,8.17402],[79.75664,8.17383],[79.75638,8.17353],[79.75606,8.17353],[79.75589,8.17319],[79.75557,8.17315],[79.75535,8.17343],[79.7555,8.17389],[79.7555,8.17432],[79.75613,8.17459],[79.75662,8.17472],[79.75677,8.17486],[79.75689,8.1748],[79.75706,8.17487],[79.75746,8.17515]]]},"properties":{"name":null,"source":"OpenStreetMap + Natural Earth","source_id":"osm_coastline","geometry_quality":"mapped_polygon"}},{"type":"Feature","geometry":{"type":"Polygon","coordinates":[[[79.75584,8.18071],[79.75612,8.1806],[79.75636,8.18049],[79.75653,8.18034],[79.75675,8.1801],[79.75689,8.17988],[79.75696,8.1797],[79.75697,8.17962],[79.757,8.17952],[79.75706,8.1794],[79.75715,8.17932],[79.7572,8.17926],[79.75724,8.17918],[79.7573,8.17902],[79.7573,8.1789],[79.75725,8.17867],[79.75724,8.17843],[79.75724,8.17804],[79.75721,8.1779],[79.75713,8.17771],[79.75703,8.17761],[79.75686,8.17749],[79.75671,8.17748],[79.75657,8.17754],[79.75642,8.17764],[79.75624,8.17781],[79.75589,8.17814],[79.75554,8.17846],[79.75532,8.17872],[79.7551,8.17896],[79.75494,8.17914],[79.75474,8.17954],[79.75466,8.17975],[79.75468,8.17996],[79.75476,8.18014],[79.75492,8.1803],[79.75524,8.1806],[79.75543,8.18071],[79.75556,8.18074],[79.75584,8.18071]]]},"properties":{"name":null,"source":"OpenStreetMap + Natural Earth","source_id":"osm_coastline","geometry_quality":"mapped_polygon"}},{"type":"Feature","geometry":{"type":"Polygon","coordinates":[[[79.75127,8.17048],[79.75191,8.17084],[79.75196,8.17091],[79.75197,8.17099],[79.75192,8.17115],[79.75183,8.17143],[79.75181,8.17159],[79.75182,8.17167],[79.75189,8.17172],[79.752,8.17172],[79.75208,8.17165],[79.75216,8.17149],[79.75224,8.17123],[79.75233,8.17083],[79.75237,8.17069],[79.75238,8.17056],[79.75232,8.17043],[79.75217,8.17027],[79.75181,8.16996],[79.75161,8.16982],[79.75146,8.16977],[79.7513,8.16976],[79.75115,8.16981],[79.75106,8.16992],[79.75102,8.17004],[79.75107,8.17017],[79.75113,8.17035],[79.75127,8.17048]]]},"properties":{"name":null,"source":"OpenStreetMap + Natural Earth","source_id":"osm_coastline","geometry_quality":"mapped_polygon"}},{"type":"Feature","geometry":{"type":"Polygon","coordinates":[[[79.75054,8.24507],[79.7509,8.24536],[79.75139,8.24543],[79.75165,8.2453],[79.75147,8.24526],[79.75132,8.24514],[79.7512,8.24496],[79.75102,8.24479],[79.75089,8.24477],[79.75073,8.24491],[79.75059,8.24492],[79.75054,8.24507]]]},"properties":{"name":null,"source":"OpenStreetMap + Natural Earth","source_id":"osm_coastline","geometry_quality":"mapped_polygon"}},{"type":"Feature","geometry":{"type":"Polygon","coordinates":[[[79.75136,8.17706],[79.75148,8.17672],[79.75149,8.17617],[79.75141,8.17586],[79.75113,8.17534],[79.75012,8.17378],[79.74989,8.17348],[79.74976,8.17335],[79.74972,8.17326],[79.74967,8.17309],[79.74965,8.173],[79.74959,8.17293],[79.74945,8.17283],[79.7493,8.17274],[79.74918,8.17262],[79.74901,8.1725],[79.74878,8.17243],[79.74863,8.17242],[79.74846,8.17245],[79.74834,8.17251],[79.74819,8.17266],[79.74807,8.17282],[79.74804,8.173],[79.74806,8.17355],[79.74826,8.17507],[79.74832,8.17559],[79.74829,8.17602],[79.74822,8.17657],[79.74823,8.1768],[79.74839,8.177],[79.74906,8.17729],[79.74963,8.17753],[79.75018,8.17765],[79.75054,8.17761],[79.75086,8.17754],[79.75112,8.17737],[79.75136,8.17706]]]},"properties":{"name":null,"source":"OpenStreetMap + Natural Earth","source_id":"osm_coastline","geometry_quality":"mapped_polygon"}},{"type":"Feature","geometry":{"type":"Polygon","coordinates":[[[79.74936,8.17899],[79.74928,8.17886],[79.74922,8.17879],[79.74913,8.17871],[79.74901,8.17865],[79.74891,8.17862],[79.74878,8.17864],[79.7487,8.17869],[79.74865,8.17877],[79.74865,8.17884],[79.74866,8.17906],[79.74874,8.1795],[79.74877,8.17959],[79.74885,8.17978],[79.74894,8.17994],[79.74902,8.18004],[79.74914,8.1801],[79.74924,8.18012],[79.74932,8.1801],[79.74938,8.18003],[79.74943,8.17992],[79.74943,8.17977],[79.74941,8.17922],[79.74936,8.17899]]]},"properties":{"name":null,"source":"OpenStreetMap + Natural Earth","source_id":"osm_coastline","geometry_quality":"mapped_polygon"}},{"type":"Feature","geometry":{"type":"Polygon","coordinates":[[[79.71529,9.52945],[79.7153,9.52944],[79.71531,9.52944],[79.71532,9.52943],[79.71533,9.52944],[79.71534,9.52944],[79.71535,9.52945],[79.71536,9.52945],[79.71537,9.52945],[79.71538,9.52945],[79.71539,9.52945],[79.71541,9.52944],[79.71543,9.52943],[79.71545,9.52943],[79.71547,9.52944],[79.71548,9.52944],[79.7155,9.52944],[79.71551,9.52944],[79.71554,9.52944],[79.71556,9.52944],[79.71559,9.52944],[79.71561,9.52944],[79.71564,9.52944],[79.71565,9.52944],[79.71567,9.52945],[79.71569,9.52945],[79.7157,9.52944],[79.71574,9.52945],[79.71578,9.52944],[79.71582,9.52944],[79.71587,9.52944],[79.71593,9.52944],[79.716,9.52943],[79.71607,9.52942],[79.71612,9.52941],[79.71618,9.5294],[79.71624,9.52939],[79.7163,9.52938],[79.71636,9.52937],[79.71641,9.52937],[79.71646,9.52936],[79.71654,9.52935],[79.71661,9.52934],[79.71667,9.52932],[79.71672,9.52931],[79.71679,9.52928],[79.71688,9.52926],[79.71696,9.52925],[79.71701,9.52923],[79.71708,9.52922],[79.71715,9.52921],[79.71721,9.52919],[79.71733,9.52918],[79.71743,9.52916],[79.7175,9.52916],[79.71754,9.52916],[79.71756,9.52916],[79.71757,9.52915],[79.71758,9.52915],[79.71758,9.52914],[79.71758,9.52913],[79.71758,9.52911],[79.71758,9.52909],[79.71758,9.52906],[79.71757,9.52905],[79.71757,9.52904],[79.71756,9.52903],[79.71755,9.52902],[79.71754,9.52901],[79.71753,9.52901],[79.71751,9.529],[79.7175,9.529],[79.71749,9.52899],[79.71748,9.52899],[79.71746,9.52899],[79.71745,9.52899],[79.71743,9.52899],[79.71741,9.52899],[79.71739,9.52898],[79.71737,9.52898],[79.71736,9.52897],[79.71734,9.52896],[79.71733,9.52896],[79.71731,9.52894],[79.71729,9.52894],[79.71727,9.52894],[79.71725,9.52894],[79.71723,9.52893],[79.71721,9.52893],[79.71719,9.52892],[79.71718,9.52891],[79.71717,9.5289],[79.71716,9.52888],[79.71715,9.52888],[79.71713,9.52887],[79.71712,9.52887],[79.7171,9.52887],[79.71708,9.52887],[79.71705,9.52887],[79.71702,9.52887],[79.717,9.52887],[79.71698,9.52887],[79.71696,9.52886],[79.71693,9.52886],[79.71691,9.52886],[79.71689,9.52885],[79.71688,9.52885],[79.71685,9.52885],[79.71682,9.52884],[79.7168,9.52883],[79.71678,9.52882],[79.71676,9.52881],[79.71674,9.52879],[79.71672,9.52877],[79.7167,9.52876],[79.71669,9.52874],[79.71667,9.52872],[79.71665,9.5287],[79.71662,9.52866],[79.71659,9.52863],[79.71657,9.52859],[79.71656,9.52859],[79.71656,9.52858],[79.71655,9.52858],[79.71654,9.52858],[79.71653,9.52858],[79.71652,9.52858],[79.71651,9.52858],[79.71651,9.52859],[79.7165,9.52859],[79.7165,9.5286],[79.71649,9.52861],[79.71649,9.52862],[79.71648,9.52863],[79.71647,9.52865],[79.71646,9.52868],[79.71645,9.52871],[79.71645,9.52872],[79.71645,9.52874],[79.71644,9.52875],[79.71643,9.52877],[79.71643,9.52878],[79.71642,9.52879],[79.71641,9.5288],[79.71641,9.52881],[79.71641,9.52883],[79.71641,9.52885],[79.71641,9.52886],[79.71641,9.52888],[79.71642,9.52889],[79.71643,9.52889],[79.71644,9.52889],[79.71645,9.52889],[79.71649,9.52892],[79.71652,9.52895],[79.71653,9.52896],[79.71654,9.52898],[79.71655,9.52899],[79.71656,9.52899],[79.71657,9.529],[79.71658,9.52901],[79.71658,9.52902],[79.71659,9.52903],[79.7166,9.52904],[79.71662,9.52905],[79.71665,9.52906],[79.71666,9.52907],[79.71667,9.52908],[79.71667,9.52909],[79.71667,9.52911],[79.71667,9.52913],[79.71667,9.52914],[79.71668,9.52915],[79.7167,9.52916],[79.7167,9.52917],[79.7167,9.52918],[79.71669,9.52919],[79.71668,9.5292],[79.71666,9.52922],[79.71666,9.52923],[79.71665,9.52924],[79.71664,9.52925],[79.71663,9.52926],[79.71662,9.52927],[79.71661,9.52927],[79.71659,9.52927],[79.71656,9.52928],[79.71653,9.52928],[79.7165,9.52929],[79.71649,9.52928],[79.71648,9.52928],[79.71648,9.52927],[79.71647,9.52927],[79.71646,9.52927],[79.71645,9.52927],[79.71644,9.52927],[79.71643,9.52926],[79.71642,9.52926],[79.7164,9.52925],[79.71639,9.52925],[79.71638,9.52926],[79.71636,9.52927],[79.71635,9.52927],[79.71634,9.52928],[79.71633,9.52928],[79.71632,9.52928],[79.71631,9.52928],[79.7163,9.52928],[79.71628,9.52928],[79.71626,9.52928],[79.71623,9.52928],[79.71621,9.52928],[79.7162,9.52928],[79.71619,9.52929],[79.71618,9.52929],[79.71617,9.5293],[79.71616,9.52929],[79.71615,9.52929],[79.71614,9.52929],[79.71613,9.52929],[79.71612,9.52929],[79.71611,9.52929],[79.7161,9.52929],[79.71609,9.52929],[79.71608,9.5293],[79.71607,9.5293],[79.71606,9.5293],[79.71605,9.5293],[79.71603,9.5293],[79.71602,9.5293],[79.71601,9.5293],[79.71599,9.5293],[79.71598,9.52929],[79.71596,9.52929],[79.71594,9.52928],[79.71592,9.52926],[79.71588,9.52924],[79.71585,9.52922],[79.71583,9.52921],[79.71581,9.52921],[79.71578,9.52921],[79.71575,9.52921],[79.71571,9.5292],[79.71569,9.5292],[79.71568,9.5292],[79.71566,9.5292],[79.71564,9.52918],[79.7156,9.52917],[79.71557,9.52915],[79.71555,9.52914],[79.71552,9.52914],[79.71548,9.52912],[79.71544,9.52913],[79.71541,9.52915],[79.71538,9.52916],[79.71537,9.52917],[79.71536,9.52917],[79.71536,9.52918],[79.71535,9.52918],[79.71533,9.52917],[79.71532,9.52917],[79.71531,9.52916],[79.7153,9.52915],[79.71528,9.52914],[79.71526,9.52912],[79.71524,9.52911],[79.71523,9.5291],[79.71522,9.5291],[79.71522,9.52909],[79.71521,9.52907],[79.7152,9.52906],[79.7152,9.52904],[79.71519,9.52901],[79.71518,9.52899],[79.71517,9.52896],[79.71517,9.52893],[79.71518,9.5289],[79.71518,9.52889],[79.71518,9.52887],[79.71518,9.52883],[79.71517,9.52878],[79.71517,9.52873],[79.71517,9.52871],[79.71517,9.52869],[79.71519,9.5287],[79.71521,9.52871],[79.71523,9.52872],[79.71524,9.52872],[79.71525,9.52872],[79.71526,9.52872],[79.71527,9.52871],[79.71528,9.5287],[79.71527,9.52869],[79.71527,9.52868],[79.71526,9.52868],[79.71526,9.52867],[79.71525,9.52867],[79.71524,9.52866],[79.71523,9.52865],[79.71524,9.52863],[79.71524,9.52862],[79.71525,9.52861],[79.71524,9.5286],[79.71523,9.5286],[79.71522,9.52859],[79.71522,9.52858],[79.71523,9.52857],[79.71526,9.52855],[79.7153,9.52853],[79.71534,9.52852],[79.71535,9.52851],[79.71535,9.5285],[79.71534,9.52848],[79.71534,9.52846],[79.71534,9.52845],[79.71534,9.52844],[79.71534,9.52843],[79.71534,9.52841],[79.71535,9.5284],[79.71536,9.5284],[79.71538,9.52839],[79.7154,9.52837],[79.7154,9.52836],[79.71541,9.52836],[79.71542,9.52836],[79.71542,9.52837],[79.71543,9.52837],[79.71544,9.52838],[79.71545,9.52838],[79.71545,9.52839],[79.71546,9.52839],[79.71547,9.5284],[79.71548,9.5284],[79.71549,9.5284],[79.7155,9.5284],[79.71551,9.52839],[79.71552,9.52839],[79.71553,9.52839],[79.71557,9.52855],[79.71564,9.52854],[79.71569,9.52853],[79.71574,9.52852],[79.71581,9.52852],[79.71583,9.52852],[79.71583,9.52851],[79.71592,9.52849],[79.71606,9.52845],[79.71606,9.52844],[79.71597,9.52846],[79.71581,9.52849],[79.71569,9.52851],[79.71559,9.52853],[79.71554,9.52836],[79.71556,9.52836],[79.71557,9.52834],[79.71558,9.52832],[79.7156,9.5283],[79.71562,9.52829],[79.71569,9.52827],[79.71569,9.5283],[79.71576,9.52829],[79.71576,9.52826],[79.71581,9.52824],[79.71586,9.52823],[79.7159,9.52821],[79.71593,9.5282],[79.71596,9.52819],[79.71599,9.52819],[79.71601,9.52819],[79.71605,9.52818],[79.71609,9.52818],[79.71612,9.52818],[79.71615,9.52817],[79.71618,9.52816],[79.7162,9.52816],[79.71623,9.52816],[79.71624,9.52816],[79.71625,9.52815],[79.71625,9.52814],[79.71627,9.52814],[79.71628,9.52814],[79.71629,9.52814],[79.7163,9.52815],[79.71631,9.52816],[79.71632,9.52815],[79.71633,9.52815],[79.71634,9.52814],[79.71634,9.52812],[79.71638,9.5281],[79.71643,9.52809],[79.71649,9.52808],[79.71652,9.52809],[79.71654,9.5281],[79.71659,9.52814],[79.71669,9.52825],[79.7167,9.52824],[79.71672,9.52826],[79.71676,9.52825],[79.71667,9.52815],[79.71669,9.52814],[79.7167,9.52813],[79.71672,9.52812],[79.71674,9.52812],[79.71678,9.52811],[79.7168,9.52811],[79.71682,9.52811],[79.71684,9.52812],[79.71686,9.52812],[79.71687,9.52814],[79.71688,9.52815],[79.71688,9.52816],[79.71688,9.52817],[79.71689,9.52817],[79.7169,9.52817],[79.71691,9.52818],[79.71708,9.52836],[79.7171,9.52834],[79.71694,9.52817],[79.71704,9.52814],[79.71713,9.52811],[79.71727,9.52808],[79.7173,9.52807],[79.71733,9.52806],[79.71741,9.52805],[79.71744,9.52804],[79.71751,9.52803],[79.71753,9.52808],[79.71755,9.52812],[79.71759,9.52822],[79.71758,9.52822],[79.71757,9.52822],[79.71757,9.52823],[79.71758,9.52824],[79.71759,9.52824],[79.71759,9.52825],[79.7176,9.52826],[79.71761,9.52828],[79.71763,9.52832],[79.71769,9.52843],[79.71772,9.52848],[79.71775,9.52853],[79.71777,9.52858],[79.71778,9.52862],[79.7178,9.52865],[79.71782,9.52867],[79.71784,9.52869],[79.71786,9.5287],[79.71787,9.52871],[79.71789,9.52872],[79.7179,9.52873],[79.71792,9.52875],[79.71794,9.52877],[79.71795,9.52879],[79.71796,9.52881],[79.71797,9.52882],[79.71798,9.52883],[79.71799,9.52886],[79.71801,9.52888],[79.71803,9.52889],[79.71804,9.52889],[79.71806,9.52891],[79.71808,9.52892],[79.7181,9.52892],[79.71811,9.52893],[79.71813,9.52895],[79.71815,9.52896],[79.71816,9.52898],[79.71818,9.52902],[79.7182,9.52903],[79.7182,9.52907],[79.7182,9.52909],[79.7182,9.5291],[79.71821,9.52912],[79.71821,9.52913],[79.71822,9.52914],[79.71822,9.52915],[79.71823,9.52915],[79.71824,9.52915],[79.71825,9.52914],[79.71827,9.52912],[79.71828,9.52911],[79.71829,9.52911],[79.71831,9.52911],[79.71832,9.52911],[79.71833,9.52911],[79.71834,9.52911],[79.71836,9.52911],[79.71837,9.52911],[79.71841,9.5291],[79.71844,9.52909],[79.71847,9.52908],[79.71856,9.52904],[79.71865,9.52899],[79.71869,9.52896],[79.71872,9.52896],[79.71875,9.52895],[79.71879,9.52896],[79.71884,9.52897],[79.71889,9.52898],[79.71894,9.52898],[79.71897,9.52898],[79.719,9.52898],[79.71902,9.52898],[79.71904,9.52897],[79.71906,9.52895],[79.7191,9.52893],[79.71915,9.52891],[79.7192,9.5289],[79.71926,9.5289],[79.71933,9.5289],[79.7194,9.52891],[79.71947,9.52891],[79.71951,9.52891],[79.71955,9.52891],[79.71959,9.5289],[79.7196,9.52891],[79.71961,9.52892],[79.71964,9.52893],[79.71966,9.52893],[79.71968,9.52892],[79.71974,9.52889],[79.71981,9.52885],[79.71985,9.52883],[79.7199,9.52881],[79.71993,9.5288],[79.71995,9.52879],[79.71999,9.52879],[79.72002,9.52879],[79.72005,9.52879],[79.72008,9.52878],[79.7201,9.52877],[79.72013,9.52876],[79.72018,9.52872],[79.72022,9.52868],[79.72026,9.52864],[79.7203,9.52861],[79.72037,9.52857],[79.72044,9.52853],[79.72048,9.52851],[79.72052,9.52849],[79.72057,9.52849],[79.7206,9.5285],[79.72063,9.52851],[79.72066,9.52851],[79.72067,9.52851],[79.72069,9.52849],[79.7207,9.52848],[79.7207,9.52845],[79.72071,9.52842],[79.72071,9.52839],[79.72073,9.52834],[79.72075,9.52827],[79.72076,9.52822],[79.72078,9.52819],[79.72081,9.52811],[79.72087,9.52802],[79.72093,9.52791],[79.72105,9.52773],[79.7211,9.52761],[79.72112,9.52757],[79.72114,9.52754],[79.72116,9.52753],[79.72118,9.52753],[79.72119,9.52752],[79.7212,9.52752],[79.72123,9.52749],[79.72125,9.52746],[79.72127,9.52742],[79.72129,9.52739],[79.7213,9.52735],[79.7213,9.52733],[79.72132,9.52732],[79.72135,9.52729],[79.72139,9.52726],[79.72144,9.52723],[79.72148,9.52721],[79.72153,9.52718],[79.72162,9.52715],[79.72167,9.52713],[79.72171,9.52712],[79.72175,9.52712],[79.7218,9.52711],[79.72182,9.52711],[79.72184,9.5271],[79.72185,9.52709],[79.72186,9.52708],[79.72188,9.52708],[79.7219,9.52708],[79.72192,9.52708],[79.72194,9.52707],[79.72195,9.52707],[79.72196,9.52708],[79.72198,9.5271],[79.722,9.52712],[79.72202,9.52714],[79.72203,9.52714],[79.72203,9.52713],[79.72203,9.5271],[79.72204,9.52709],[79.72207,9.52709],[79.72209,9.5271],[79.72211,9.5271],[79.72213,9.5271],[79.72215,9.52708],[79.72215,9.52711],[79.72216,9.52712],[79.72217,9.52712],[79.72217,9.52713],[79.72218,9.52714],[79.72219,9.52712],[79.72219,9.52707],[79.72225,9.52707],[79.72231,9.52707],[79.72237,9.52707],[79.72242,9.52708],[79.72253,9.52708],[79.72265,9.52711],[79.72271,9.52713],[79.72274,9.52714],[79.7228,9.52715],[79.72286,9.52714],[79.72295,9.52713],[79.72299,9.52712],[79.72304,9.52711],[79.72309,9.52711],[79.72312,9.52712],[79.72314,9.52715],[79.72315,9.52718],[79.72317,9.5272],[79.72319,9.52721],[79.72323,9.52723],[79.72326,9.52726],[79.72333,9.5273],[79.72338,9.52733],[79.72345,9.52736],[79.72347,9.52736],[79.72348,9.52735],[79.7235,9.52733],[79.72352,9.52731],[79.72356,9.52727],[79.72361,9.52723],[79.72364,9.5272],[79.72366,9.52717],[79.72369,9.52713],[79.7237,9.5271],[79.72371,9.52708],[79.72373,9.52706],[79.72374,9.52704],[79.72381,9.52694],[79.72383,9.52693],[79.72384,9.52692],[79.72385,9.52691],[79.72385,9.5269],[79.72384,9.52688],[79.72384,9.52687],[79.72382,9.52684],[79.72382,9.52681],[79.72382,9.52674],[79.72382,9.52671],[79.72383,9.52667],[79.72387,9.52661],[79.72391,9.52656],[79.72399,9.52646],[79.72409,9.52639],[79.72412,9.52639],[79.72413,9.52639],[79.72415,9.52638],[79.72428,9.52619],[79.72441,9.526],[79.72451,9.52576],[79.72457,9.52561],[79.72462,9.52546],[79.72474,9.52522],[79.72474,9.52517],[79.72473,9.5251],[79.72474,9.52502],[79.72478,9.52496],[79.72483,9.52486],[79.725,9.52455],[79.72505,9.5245],[79.72511,9.52447],[79.72512,9.52446],[79.72515,9.52435],[79.72518,9.52424],[79.72539,9.52394],[79.72555,9.52346],[79.7256,9.52316],[79.72563,9.52278],[79.72562,9.52262],[79.72566,9.52233],[79.72574,9.52221],[79.72568,9.52162],[79.72569,9.52134],[79.72569,9.52101],[79.7258,9.52072],[79.72585,9.52058],[79.72583,9.52041],[79.7258,9.52026],[79.72578,9.52016],[79.72574,9.52001],[79.72575,9.51985],[79.72578,9.51961],[79.7258,9.51938],[79.72584,9.51926],[79.7259,9.51898],[79.726,9.51872],[79.72603,9.51853],[79.72608,9.51832],[79.72598,9.5181],[79.72595,9.51793],[79.72591,9.51775],[79.72594,9.51762],[79.72599,9.51751],[79.72601,9.51739],[79.72603,9.51726],[79.72599,9.51721],[79.72596,9.517],[79.72596,9.51686],[79.72594,9.51673],[79.72594,9.51659],[79.72607,9.51628],[79.72618,9.51593],[79.72622,9.51579],[79.72625,9.51557],[79.72635,9.5154],[79.72639,9.51529],[79.72638,9.51517],[79.72634,9.51497],[79.72629,9.51477],[79.72628,9.51462],[79.72631,9.51447],[79.72635,9.51431],[79.72631,9.51428],[79.72629,9.51419],[79.72629,9.51415],[79.7262,9.51406],[79.72614,9.514],[79.72611,9.51392],[79.72609,9.51383],[79.72614,9.51358],[79.72617,9.5134],[79.72623,9.51323],[79.72626,9.51313],[79.72626,9.51303],[79.72626,9.51279],[79.72623,9.51259],[79.7262,9.51233],[79.72619,9.51213],[79.72622,9.51205],[79.72623,9.51198],[79.7262,9.51192],[79.72618,9.51186],[79.72617,9.51174],[79.72617,9.51139],[79.72619,9.51122],[79.72622,9.51113],[79.72625,9.51106],[79.72634,9.51091],[79.72636,9.51086],[79.72638,9.51075],[79.72638,9.51069],[79.72639,9.51054],[79.72642,9.51037],[79.72644,9.51026],[79.72646,9.51016],[79.72648,9.51006],[79.72653,9.50992],[79.72661,9.50974],[79.72671,9.50957],[79.72691,9.50925],[79.72706,9.50904],[79.72712,9.50899],[79.72715,9.50894],[79.72715,9.50891],[79.72716,9.50886],[79.72718,9.50883],[79.72721,9.5088],[79.72725,9.50877],[79.72728,9.50874],[79.72733,9.50863],[79.72735,9.50856],[79.72739,9.50848],[79.72743,9.50841],[79.72749,9.50833],[79.72754,9.50827],[79.72758,9.50822],[79.7276,9.50816],[79.72762,9.50811],[79.72765,9.50803],[79.72767,9.50795],[79.72768,9.50787],[79.72768,9.50778],[79.7277,9.50768],[79.72772,9.50761],[79.72775,9.50753],[79.72781,9.50737],[79.72788,9.50721],[79.72796,9.5071],[79.72803,9.50702],[79.72806,9.507],[79.72807,9.50697],[79.72808,9.50693],[79.72811,9.50691],[79.72815,9.50689],[79.72816,9.50688],[79.72818,9.50685],[79.72826,9.50673],[79.7283,9.50663],[79.72835,9.50652],[79.72843,9.50634],[79.7285,9.50605],[79.72874,9.5055],[79.72876,9.50535],[79.72884,9.50506],[79.72895,9.50465],[79.72902,9.50446],[79.72901,9.50417],[79.72905,9.50394],[79.72904,9.50369],[79.72909,9.50347],[79.72922,9.50293],[79.72923,9.50274],[79.72927,9.50253],[79.72929,9.50231],[79.72935,9.50212],[79.72934,9.50183],[79.72936,9.50138],[79.7294,9.50096],[79.7294,9.50041],[79.72944,9.4999],[79.72942,9.49975],[79.72938,9.49952],[79.72939,9.49932],[79.72938,9.499],[79.72936,9.49841],[79.72945,9.49799],[79.72948,9.49753],[79.72956,9.49725],[79.72973,9.49675],[79.72988,9.49652],[79.72989,9.49626],[79.72999,9.49593],[79.73012,9.49574],[79.73018,9.49554],[79.73037,9.49535],[79.73044,9.49512],[79.73054,9.49473],[79.73072,9.49443],[79.73095,9.49411],[79.73101,9.49355],[79.7312,9.49315],[79.73138,9.49276],[79.73152,9.49233],[79.73152,9.49216],[79.73144,9.49177],[79.73132,9.49121],[79.73128,9.49053],[79.73125,9.49016],[79.73123,9.49001],[79.73121,9.48978],[79.73116,9.48933],[79.73112,9.48911],[79.73106,9.48896],[79.73103,9.48882],[79.73099,9.48867],[79.73092,9.48842],[79.73079,9.48803],[79.73071,9.48777],[79.73065,9.48738],[79.73049,9.48686],[79.73035,9.48662],[79.73019,9.48609],[79.73005,9.4856],[79.72994,9.48518],[79.72985,9.48474],[79.72978,9.4844],[79.72973,9.48409],[79.72966,9.48383],[79.72949,9.48342],[79.72938,9.48323],[79.72935,9.48309],[79.72921,9.48289],[79.72911,9.48266],[79.72889,9.48235],[79.7286,9.48204],[79.72845,9.48179],[79.72758,9.48082],[79.72713,9.48048],[79.72678,9.48012],[79.72602,9.47939],[79.7252,9.47852],[79.72421,9.47729],[79.72352,9.47659],[79.72305,9.47623],[79.72173,9.47543],[79.72119,9.47516],[79.72064,9.47496],[79.72025,9.47489],[79.72008,9.47476],[79.72002,9.47477],[79.71961,9.47485],[79.71927,9.4749],[79.71884,9.4751],[79.71859,9.4752],[79.71845,9.47518],[79.7183,9.47527],[79.71809,9.47523],[79.71757,9.47526],[79.71734,9.47527],[79.71715,9.47529],[79.71598,9.47531],[79.71513,9.47543],[79.71458,9.47551],[79.71434,9.47558],[79.71376,9.47569],[79.71278,9.47583],[79.71258,9.47603],[79.7124,9.4761],[79.71204,9.47617],[79.71191,9.47624],[79.71164,9.47629],[79.71137,9.47634],[79.71116,9.47638],[79.71102,9.47635],[79.71098,9.4762],[79.71092,9.47619],[79.71087,9.47627],[79.71076,9.47631],[79.71069,9.47647],[79.7106,9.47631],[79.71044,9.47627],[79.7103,9.47623],[79.71024,9.47612],[79.71025,9.47601],[79.71016,9.47598],[79.71006,9.47602],[79.70974,9.47593],[79.70952,9.47576],[79.70935,9.47546],[79.70925,9.47514],[79.7092,9.47512],[79.70911,9.4753],[79.70907,9.47548],[79.70907,9.4756],[79.70894,9.47566],[79.70848,9.47589],[79.70735,9.47606],[79.70625,9.47646],[79.70586,9.47648],[79.70553,9.47642],[79.70521,9.47627],[79.7049,9.47612],[79.70463,9.47592],[79.7045,9.47597],[79.70446,9.47609],[79.70446,9.47627],[79.70444,9.47653],[79.70455,9.47687],[79.70446,9.47708],[79.70415,9.47724],[79.70382,9.47736],[79.70375,9.47758],[79.70373,9.47779],[79.70362,9.47783],[79.70347,9.47772],[79.70336,9.47759],[79.70326,9.47764],[79.70318,9.47769],[79.70315,9.47793],[79.70304,9.47807],[79.7026,9.47831],[79.70195,9.47855],[79.70103,9.47884],[79.70071,9.4789],[79.70007,9.47917],[79.69911,9.47959],[79.69884,9.47975],[79.69857,9.47982],[79.69852,9.47976],[79.69841,9.47977],[79.69834,9.47971],[79.69782,9.47995],[79.69679,9.48032],[79.69663,9.4804],[79.69591,9.48056],[79.69582,9.48066],[79.69583,9.48076],[79.69583,9.48081],[79.69577,9.48087],[79.69559,9.48094],[79.69546,9.48095],[79.6953,9.481],[79.6948,9.48126],[79.69473,9.48138],[79.69472,9.48148],[79.69469,9.48158],[79.69457,9.48165],[79.69442,9.48161],[79.69432,9.48161],[79.69366,9.48187],[79.69179,9.48256],[79.69175,9.48265],[79.69176,9.48291],[79.69162,9.48301],[79.69139,9.48298],[79.69042,9.48333],[79.69021,9.48353],[79.69001,9.48356],[79.68985,9.48388],[79.68923,9.4842],[79.68823,9.48463],[79.68752,9.48496],[79.68724,9.48504],[79.68706,9.48513],[79.68665,9.48517],[79.68649,9.48527],[79.68637,9.48536],[79.68634,9.48547],[79.68613,9.48563],[79.68591,9.48575],[79.68562,9.48586],[79.68529,9.48603],[79.68526,9.48617],[79.6853,9.48638],[79.6852,9.48646],[79.68498,9.48645],[79.68465,9.4866],[79.68445,9.48671],[79.68434,9.48669],[79.68425,9.48675],[79.6842,9.48683],[79.68425,9.48699],[79.68425,9.48705],[79.68412,9.48707],[79.68398,9.48711],[79.68386,9.48722],[79.68364,9.48728],[79.68346,9.48741],[79.6833,9.48748],[79.68301,9.48755],[79.68267,9.48777],[79.68267,9.48785],[79.68239,9.488],[79.68234,9.4883],[79.68229,9.48837],[79.68218,9.48826],[79.68207,9.48833],[79.68205,9.48846],[79.68192,9.4885],[79.68183,9.48847],[79.68158,9.48871],[79.68148,9.48884],[79.68118,9.48905],[79.6807,9.48942],[79.67942,9.49019],[79.67881,9.49056],[79.67813,9.49094],[79.67761,9.49122],[79.67747,9.49123],[79.67725,9.49134],[79.67706,9.49143],[79.67663,9.49164],[79.6762,9.49181],[79.67569,9.49202],[79.6755,9.49215],[79.67466,9.49292],[79.67455,9.49303],[79.67435,9.49315],[79.67379,9.49343],[79.67349,9.49361],[79.67306,9.49375],[79.67266,9.4939],[79.67255,9.49403],[79.67225,9.49423],[79.67189,9.49457],[79.67174,9.49468],[79.67167,9.49484],[79.67098,9.49525],[79.67049,9.49555],[79.66918,9.49618],[79.66852,9.49644],[79.66784,9.49667],[79.6668,9.49717],[79.66665,9.49728],[79.66659,9.49743],[79.66638,9.49755],[79.66627,9.49771],[79.66601,9.49788],[79.66567,9.49807],[79.66528,9.49828],[79.66507,9.49836],[79.66493,9.49835],[79.66485,9.49851],[79.66445,9.49874],[79.66423,9.4989],[79.66403,9.49891],[79.66404,9.49907],[79.6636,9.49934],[79.66328,9.49939],[79.66324,9.49947],[79.6631,9.49958],[79.66286,9.49966],[79.6627,9.49963],[79.6626,9.49962],[79.66255,9.49974],[79.66241,9.49981],[79.6622,9.49989],[79.66187,9.49982],[79.66155,9.49983],[79.66146,9.49982],[79.6614,9.49998],[79.66129,9.50001],[79.66136,9.50012],[79.66122,9.50023],[79.66118,9.50038],[79.66123,9.50055],[79.66107,9.50067],[79.66092,9.50076],[79.66074,9.50087],[79.6606,9.50087],[79.66048,9.50082],[79.6604,9.50092],[79.66031,9.50098],[79.66016,9.50103],[79.66012,9.50119],[79.66001,9.50135],[79.65979,9.50151],[79.6597,9.50156],[79.65951,9.50168],[79.65935,9.50165],[79.65929,9.5015],[79.6592,9.50148],[79.65921,9.50171],[79.65909,9.50184],[79.65894,9.50182],[79.65879,9.50188],[79.6584,9.50185],[79.65829,9.5019],[79.65815,9.50212],[79.65778,9.50242],[79.65775,9.50252],[79.65773,9.50258],[79.65763,9.50253],[79.65761,9.50266],[79.65755,9.50269],[79.65754,9.50281],[79.65766,9.50289],[79.65762,9.50307],[79.65746,9.50311],[79.65744,9.50323],[79.65753,9.50335],[79.65746,9.50342],[79.65732,9.50349],[79.6572,9.5036],[79.65709,9.50383],[79.65681,9.50398],[79.65605,9.50451],[79.65602,9.50463],[79.65575,9.50478],[79.65546,9.50481],[79.6553,9.50491],[79.65499,9.5052],[79.65468,9.50588],[79.65465,9.5062],[79.65505,9.50637],[79.65533,9.50655],[79.65549,9.50686],[79.65553,9.50742],[79.65562,9.50779],[79.65549,9.5082],[79.65556,9.50845],[79.65553,9.50884],[79.6556,9.50924],[79.65564,9.50939],[79.65562,9.50961],[79.6555,9.51014],[79.65542,9.51072],[79.65541,9.51105],[79.65542,9.51142],[79.65551,9.51169],[79.65564,9.51185],[79.65566,9.51219],[79.65565,9.51239],[79.6556,9.5125],[79.65542,9.51276],[79.65535,9.51276],[79.65527,9.5128],[79.6553,9.51287],[79.65535,9.51291],[79.6551,9.51333],[79.65491,9.51363],[79.65474,9.5138],[79.65454,9.51391],[79.65441,9.51398],[79.65436,9.51408],[79.65443,9.5142],[79.65451,9.51419],[79.65461,9.51423],[79.65472,9.51437],[79.65475,9.51457],[79.65471,9.51493],[79.65461,9.51514],[79.6545,9.5153],[79.65433,9.51548],[79.65423,9.51562],[79.65419,9.51578],[79.65409,9.51586],[79.65401,9.51594],[79.65378,9.51602],[79.65355,9.51612],[79.65358,9.51616],[79.65355,9.51621],[79.65376,9.51622],[79.65382,9.51631],[79.65376,9.51642],[79.65362,9.51647],[79.6536,9.51678],[79.65379,9.51725],[79.65379,9.51736],[79.6537,9.51745],[79.65362,9.51763],[79.65363,9.518],[79.65371,9.51839],[79.65373,9.51902],[79.65373,9.51967],[79.6538,9.52033],[79.65378,9.52068],[79.65376,9.52097],[79.65359,9.52122],[79.6535,9.52128],[79.65346,9.52137],[79.65334,9.52143],[79.65316,9.52151],[79.65311,9.52149],[79.65307,9.52144],[79.65299,9.52141],[79.6529,9.52143],[79.65276,9.52158],[79.65268,9.52168],[79.65261,9.52175],[79.65253,9.52181],[79.65253,9.52187],[79.65251,9.52202],[79.65244,9.52206],[79.65242,9.52218],[79.65246,9.52232],[79.65243,9.5224],[79.65238,9.52246],[79.65233,9.52283],[79.65235,9.52301],[79.6524,9.52316],[79.65248,9.52336],[79.65252,9.52348],[79.65252,9.52365],[79.6525,9.52372],[79.65249,9.52384],[79.65243,9.5239],[79.65241,9.52397],[79.65243,9.52406],[79.65242,9.52418],[79.65241,9.52428],[79.65236,9.52434],[79.65238,9.52449],[79.6524,9.52464],[79.65247,9.52483],[79.65249,9.52514],[79.6525,9.52526],[79.65248,9.52536],[79.65246,9.52547],[79.65239,9.52561],[79.65226,9.52568],[79.65219,9.52577],[79.65212,9.52589],[79.65206,9.52596],[79.65205,9.52608],[79.65204,9.52621],[79.65209,9.52624],[79.65213,9.52623],[79.6522,9.5263],[79.65222,9.52641],[79.65221,9.52654],[79.65212,9.52666],[79.65215,9.52693],[79.65214,9.52717],[79.65213,9.52751],[79.65223,9.52774],[79.65225,9.52806],[79.65221,9.52839],[79.65189,9.52882],[79.65175,9.52899],[79.65188,9.52932],[79.65216,9.52939],[79.65237,9.52987],[79.65225,9.53057],[79.65195,9.53133],[79.65162,9.53164],[79.6516,9.53224],[79.6517,9.53245],[79.65171,9.53266],[79.65182,9.53276],[79.65178,9.53299],[79.65166,9.53307],[79.65169,9.53332],[79.65155,9.53341],[79.65145,9.53415],[79.65148,9.53475],[79.65144,9.53516],[79.6513,9.53526],[79.65139,9.53555],[79.65147,9.53602],[79.65147,9.53663],[79.65129,9.53733],[79.65122,9.5377],[79.6509,9.53883],[79.65069,9.53985],[79.65071,9.54063],[79.65064,9.54131],[79.65072,9.54164],[79.65073,9.5421],[79.65084,9.54232],[79.65088,9.54246],[79.65079,9.54267],[79.65074,9.5432],[79.65077,9.54421],[79.65077,9.54519],[79.65085,9.54645],[79.65102,9.54726],[79.65151,9.54875],[79.65184,9.54916],[79.65212,9.54964],[79.65267,9.55],[79.65316,9.55028],[79.65342,9.5507],[79.65366,9.55087],[79.65383,9.55105],[79.65376,9.55117],[79.65382,9.55136],[79.65402,9.55138],[79.65422,9.55115],[79.65427,9.55098],[79.65445,9.55067],[79.65464,9.5503],[79.65491,9.5501],[79.65529,9.55004],[79.65546,9.55026],[79.65549,9.5505],[79.65534,9.55049],[79.65518,9.55054],[79.65512,9.55065],[79.6551,9.55076],[79.6554,9.55072],[79.65565,9.55075],[79.65584,9.55076],[79.65604,9.55086],[79.65648,9.55122],[79.65657,9.55145],[79.6569,9.55176],[79.65697,9.55202],[79.65651,9.5523],[79.65641,9.55252],[79.65623,9.5531],[79.65608,9.55331],[79.65595,9.55361],[79.65577,9.55366],[79.65574,9.55373],[79.65582,9.55383],[79.65595,9.55381],[79.65612,9.5539],[79.65641,9.55401],[79.65654,9.55405],[79.65669,9.55412],[79.65681,9.55422],[79.65694,9.5542],[79.65704,9.55429],[79.65726,9.55445],[79.65723,9.55468],[79.65732,9.55485],[79.65753,9.55498],[79.65788,9.55508],[79.6583,9.55531],[79.65861,9.55533],[79.65891,9.55538],[79.65907,9.55544],[79.65917,9.5556],[79.65933,9.5559],[79.65963,9.55609],[79.65995,9.55601],[79.66012,9.5559],[79.66029,9.55589],[79.66028,9.556],[79.66032,9.55614],[79.66045,9.55608],[79.66054,9.55598],[79.6607,9.55576],[79.66078,9.55546],[79.6608,9.55535],[79.66076,9.55525],[79.6608,9.55515],[79.66088,9.55506],[79.66105,9.55495],[79.66115,9.55488],[79.66122,9.55476],[79.66123,9.55463],[79.66118,9.55455],[79.66114,9.55433],[79.66132,9.55415],[79.66182,9.55397],[79.66214,9.55393],[79.66222,9.55417],[79.66227,9.55417],[79.66232,9.55421],[79.66237,9.55426],[79.66241,9.55441],[79.66248,9.55442],[79.6625,9.55437],[79.6625,9.55431],[79.66248,9.55425],[79.66242,9.55408],[79.66245,9.55406],[79.66249,9.55406],[79.66255,9.55412],[79.6626,9.55411],[79.66263,9.55409],[79.66238,9.55378],[79.66248,9.55362],[79.66264,9.55357],[79.66279,9.55351],[79.66285,9.55339],[79.66294,9.55333],[79.66294,9.55325],[79.66325,9.55312],[79.66341,9.55296],[79.66351,9.55273],[79.66349,9.55258],[79.66354,9.55252],[79.6636,9.55234],[79.66378,9.55227],[79.6639,9.55242],[79.66375,9.55265],[79.66369,9.55305],[79.66368,9.55329],[79.66359,9.55339],[79.6636,9.55363],[79.66371,9.55376],[79.66369,9.55392],[79.66363,9.55401],[79.66363,9.55414],[79.66366,9.5542],[79.66372,9.55417],[79.66374,9.55403],[79.66377,9.55388],[79.66388,9.55383],[79.66407,9.55376],[79.66427,9.55376],[79.66452,9.55376],[79.6647,9.55385],[79.66476,9.55397],[79.66485,9.55401],[79.66502,9.55412],[79.66502,9.55414],[79.66501,9.55415],[79.665,9.55416],[79.665,9.55417],[79.66501,9.55417],[79.66502,9.55418],[79.66503,9.55418],[79.66503,9.55419],[79.66504,9.55423],[79.66504,9.55424],[79.66504,9.55426],[79.66506,9.55427],[79.66507,9.55427],[79.66508,9.55425],[79.66508,9.55423],[79.66508,9.55421],[79.6651,9.55421],[79.66511,9.5542],[79.66513,9.5542],[79.66515,9.55421],[79.66516,9.55421],[79.66516,9.5542],[79.66516,9.55419],[79.66517,9.55418],[79.66517,9.55417],[79.66516,9.55417],[79.66516,9.55416],[79.66514,9.55414],[79.66513,9.55412],[79.66513,9.5541],[79.66514,9.55409],[79.66515,9.55408],[79.66516,9.55408],[79.66516,9.55407],[79.66513,9.55406],[79.66512,9.55405],[79.66512,9.55404],[79.66511,9.55403],[79.6651,9.55402],[79.66509,9.55401],[79.66508,9.554],[79.66508,9.55399],[79.66507,9.55397],[79.66507,9.55396],[79.66507,9.55395],[79.66506,9.55394],[79.66505,9.55392],[79.66505,9.5539],[79.66506,9.55389],[79.66508,9.55387],[79.66511,9.55384],[79.66515,9.55382],[79.66517,9.5538],[79.66518,9.55378],[79.6652,9.55374],[79.66521,9.5537],[79.66524,9.55367],[79.66526,9.55364],[79.66528,9.55363],[79.6653,9.55362],[79.66534,9.5536],[79.66542,9.55356],[79.66549,9.55353],[79.66552,9.55352],[79.66555,9.55351],[79.66558,9.5535],[79.6656,9.55349],[79.66564,9.55348],[79.66567,9.55347],[79.66569,9.55347],[79.6657,9.55347],[79.66572,9.55348],[79.66575,9.55348],[79.66579,9.55346],[79.66583,9.55344],[79.66584,9.55344],[79.66586,9.55344],[79.66588,9.55344],[79.66589,9.55343],[79.66592,9.55344],[79.66594,9.55343],[79.66596,9.55342],[79.66597,9.55341],[79.66599,9.5534],[79.666,9.55339],[79.66602,9.55339],[79.66603,9.55338],[79.66607,9.55337],[79.6661,9.55335],[79.66612,9.55333],[79.66614,9.55331],[79.66616,9.5533],[79.66617,9.55329],[79.6662,9.55328],[79.66622,9.55327],[79.66628,9.55324],[79.66633,9.55321],[79.66634,9.55319],[79.66635,9.55316],[79.66636,9.55315],[79.66638,9.55313],[79.66643,9.55311],[79.66651,9.55307],[79.66655,9.55305],[79.66659,9.55304],[79.66664,9.55302],[79.66669,9.55302],[79.6668,9.55303],[79.66684,9.55302],[79.66686,9.553],[79.6669,9.55299],[79.66694,9.55299],[79.66698,9.55304],[79.66701,9.55309],[79.66704,9.55311],[79.66707,9.55311],[79.6671,9.55312],[79.66714,9.55311],[79.66721,9.55311],[79.66723,9.55311],[79.66725,9.5531],[79.66726,9.55308],[79.66726,9.55306],[79.66727,9.55302],[79.66729,9.553],[79.66731,9.553],[79.66736,9.55299],[79.66742,9.55298],[79.66747,9.55299],[79.66751,9.55301],[79.66753,9.55303],[79.66755,9.55305],[79.66758,9.55307],[79.66763,9.5531],[79.66766,9.55313],[79.66767,9.55315],[79.66768,9.55317],[79.66766,9.55319],[79.66762,9.55319],[79.66762,9.55321],[79.66768,9.55322],[79.66768,9.55328],[79.66767,9.55331],[79.66764,9.55333],[79.66766,9.55336],[79.66766,9.55341],[79.66767,9.55345],[79.6677,9.55346],[79.66772,9.55344],[79.66771,9.55336],[79.66777,9.5533],[79.66777,9.55322],[79.66776,9.55318],[79.66775,9.55315],[79.66804,9.5529],[79.66819,9.55304],[79.66837,9.55299],[79.66859,9.55308],[79.6687,9.5531],[79.66877,9.55331],[79.66942,9.55367],[79.66969,9.55361],[79.66983,9.55374],[79.67013,9.55381],[79.67018,9.55391],[79.67041,9.55395],[79.67089,9.55374],[79.67111,9.55361],[79.67127,9.55339],[79.67152,9.5532],[79.67214,9.55281],[79.67231,9.55268],[79.67239,9.55239],[79.6724,9.55213],[79.6724,9.552],[79.67224,9.55166],[79.67219,9.55157],[79.67208,9.55148],[79.67207,9.55134],[79.67215,9.55117],[79.67211,9.55105],[79.67202,9.5509],[79.67205,9.55083],[79.67214,9.55083],[79.67225,9.55079],[79.67228,9.55067],[79.67244,9.55057],[79.67266,9.55046],[79.67292,9.5505],[79.67302,9.55035],[79.67301,9.55023],[79.67318,9.54995],[79.67337,9.54979],[79.67345,9.54978],[79.6734,9.5497],[79.67345,9.54953],[79.67347,9.54932],[79.6737,9.54916],[79.67385,9.54896],[79.67407,9.54868],[79.67419,9.54861],[79.67434,9.54817],[79.67456,9.54791],[79.67555,9.54682],[79.67576,9.54662],[79.67576,9.54642],[79.67588,9.5463],[79.67586,9.54621],[79.67597,9.54609],[79.67593,9.54599],[79.67619,9.54567],[79.67638,9.54554],[79.67656,9.54529],[79.67683,9.5449],[79.67688,9.54474],[79.67698,9.54463],[79.67692,9.54432],[79.67695,9.5442],[79.67692,9.54398],[79.67693,9.54382],[79.67713,9.54363],[79.67757,9.54323],[79.67791,9.54306],[79.67809,9.543],[79.67831,9.54298],[79.67824,9.54279],[79.67833,9.5426],[79.67827,9.5422],[79.67871,9.54194],[79.67918,9.5418],[79.67935,9.54185],[79.67946,9.5421],[79.67964,9.5421],[79.67981,9.54199],[79.67987,9.54204],[79.67999,9.5421],[79.68011,9.54202],[79.68014,9.54188],[79.68004,9.54171],[79.67998,9.54153],[79.67996,9.5414],[79.68004,9.54131],[79.6799,9.54117],[79.67991,9.5411],[79.67976,9.54094],[79.67981,9.54077],[79.6799,9.54066],[79.67976,9.54054],[79.67973,9.54041],[79.67986,9.54023],[79.67998,9.54007],[79.68018,9.53989],[79.68027,9.53974],[79.68049,9.53961],[79.6806,9.53955],[79.68069,9.53959],[79.68081,9.53955],[79.6811,9.53964],[79.68137,9.5396],[79.68159,9.53964],[79.68171,9.53979],[79.6818,9.53976],[79.6818,9.53957],[79.68175,9.53954],[79.68172,9.53945],[79.68179,9.53926],[79.6819,9.53923],[79.68185,9.53911],[79.68198,9.53896],[79.68211,9.53902],[79.68219,9.53897],[79.68214,9.53893],[79.68221,9.53881],[79.68229,9.53874],[79.68251,9.53869],[79.68262,9.53881],[79.68267,9.53873],[79.68281,9.53869],[79.68287,9.53871],[79.68291,9.53878],[79.68292,9.53871],[79.68304,9.53873],[79.68309,9.53884],[79.68314,9.53884],[79.68312,9.53875],[79.68325,9.53876],[79.68345,9.5389],[79.68359,9.53899],[79.68365,9.53916],[79.68364,9.53933],[79.68372,9.53951],[79.6838,9.53948],[79.68391,9.53936],[79.68408,9.53937],[79.68412,9.53931],[79.68406,9.53919],[79.68409,9.53894],[79.68402,9.5389],[79.68408,9.5386],[79.68421,9.53848],[79.68413,9.53839],[79.68406,9.53826],[79.68403,9.53802],[79.68419,9.53764],[79.68438,9.53725],[79.68455,9.53693],[79.68461,9.53667],[79.68494,9.53644],[79.68546,9.5363],[79.6855,9.53643],[79.68554,9.53648],[79.68569,9.53643],[79.68572,9.53637],[79.68586,9.53632],[79.68599,9.53632],[79.68614,9.53634],[79.68665,9.5364],[79.68689,9.53657],[79.68709,9.53701],[79.687,9.53705],[79.68702,9.53711],[79.6871,9.53715],[79.68711,9.53727],[79.68716,9.53732],[79.68721,9.53726],[79.68733,9.53721],[79.68741,9.53719],[79.68743,9.53708],[79.68749,9.53697],[79.68744,9.5368],[79.68741,9.53678],[79.68735,9.53662],[79.68731,9.53646],[79.68722,9.53631],[79.68724,9.53618],[79.68723,9.53613],[79.68714,9.53607],[79.68711,9.5359],[79.68717,9.53569],[79.68726,9.53567],[79.6873,9.53551],[79.68745,9.53534],[79.68799,9.53505],[79.68851,9.53461],[79.68893,9.53441],[79.68919,9.53424],[79.68948,9.53415],[79.68977,9.53413],[79.69007,9.53433],[79.69003,9.53442],[79.69014,9.53448],[79.69021,9.53444],[79.69032,9.53451],[79.69032,9.53461],[79.69052,9.53459],[79.69057,9.53447],[79.69066,9.53448],[79.69069,9.53443],[79.69064,9.53437],[79.69069,9.53426],[79.69084,9.53416],[79.69091,9.53411],[79.69111,9.5339],[79.69125,9.53383],[79.69128,9.53375],[79.69142,9.53381],[79.6915,9.53378],[79.69144,9.53367],[79.69133,9.5336],[79.69157,9.53311],[79.69158,9.53295],[79.69155,9.53289],[79.69158,9.53275],[79.69155,9.5326],[79.69158,9.53229],[79.69156,9.53216],[79.69157,9.53192],[79.69175,9.53174],[79.69195,9.53161],[79.69224,9.53136],[79.69283,9.53109],[79.69326,9.53103],[79.69337,9.53105],[79.69343,9.53112],[79.69359,9.53116],[79.69364,9.53125],[79.69361,9.53131],[79.69363,9.53142],[79.69375,9.53144],[79.69378,9.53163],[79.69385,9.53176],[79.69391,9.53177],[79.69395,9.53188],[79.69406,9.53196],[79.69405,9.53188],[79.69394,9.53172],[79.69384,9.53158],[79.69397,9.53153],[79.6939,9.53139],[79.69383,9.53125],[79.69384,9.53107],[79.69413,9.53083],[79.6947,9.53049],[79.69576,9.53],[79.6964,9.52971],[79.69708,9.52945],[79.69781,9.52924],[79.69857,9.52906],[79.69934,9.52897],[79.69986,9.52895],[79.70103,9.52884],[79.70219,9.52881],[79.7042,9.52876],[79.70744,9.52885],[79.70817,9.5289],[79.70888,9.5289],[79.71012,9.52887],[79.71114,9.52888],[79.71229,9.52891],[79.71279,9.52901],[79.71345,9.52908],[79.7137,9.52935],[79.71405,9.52943],[79.71412,9.52943],[79.7142,9.52942],[79.7143,9.52943],[79.7144,9.52944],[79.71465,9.52952],[79.71477,9.52956],[79.7148,9.52958],[79.71482,9.52959],[79.71484,9.52961],[79.71486,9.52963],[79.71487,9.52964],[79.71488,9.52967],[79.71488,9.52969],[79.71489,9.52972],[79.7149,9.52975],[79.7149,9.52976],[79.71491,9.52977],[79.71491,9.52978],[79.71492,9.52979],[79.71494,9.52979],[79.71495,9.52979],[79.71496,9.5298],[79.71497,9.5298],[79.71498,9.52979],[79.715,9.52979],[79.71501,9.52978],[79.71502,9.52977],[79.71502,9.52976],[79.71502,9.52975],[79.71502,9.52974],[79.71503,9.52971],[79.71504,9.52969],[79.71504,9.52968],[79.71506,9.52966],[79.71507,9.52966],[79.71509,9.52965],[79.7151,9.52965],[79.71511,9.52964],[79.71513,9.52963],[79.71514,9.52962],[79.71515,9.52961],[79.71517,9.52961],[79.71518,9.5296],[79.71519,9.52959],[79.7152,9.52959],[79.71521,9.52958],[79.71522,9.52957],[79.71523,9.52956],[79.71523,9.52955],[79.71524,9.52952],[79.71525,9.5295],[79.71526,9.52948],[79.71527,9.52946],[79.71529,9.52945]]]},"properties":{"name":null,"source":"OpenStreetMap + Natural Earth","source_id":"osm_coastline","geometry_quality":"mapped_polygon"}},{"type":"Feature","geometry":{"type":"Polygon","coordinates":[[[79.64867,9.07389],[79.64873,9.07358],[79.64899,9.07322],[79.64988,9.07246],[79.65033,9.07194],[79.65055,9.07173],[79.65075,9.07113],[79.65083,9.07074],[79.65076,9.07048],[79.65035,9.07019],[79.65008,9.07008],[79.64963,9.07013],[79.64906,9.07048],[79.64874,9.07076],[79.64839,9.07093],[79.64806,9.07095],[79.64697,9.07062],[79.64663,9.0703],[79.6466,9.06996],[79.64671,9.06979],[79.64702,9.06947],[79.64689,9.06914],[79.64675,9.06897],[79.64652,9.0691],[79.64632,9.06915],[79.64605,9.06909],[79.64589,9.06903],[79.64555,9.06909],[79.64547,9.06926],[79.64518,9.0695],[79.64498,9.06964],[79.64479,9.06979],[79.64475,9.06992],[79.6447,9.07],[79.64412,9.07019],[79.64376,9.07027],[79.64329,9.0703],[79.64299,9.07041],[79.64286,9.07047],[79.64279,9.07034],[79.64274,9.06999],[79.64268,9.06964],[79.64258,9.06954],[79.64248,9.06995],[79.64251,9.07047],[79.64259,9.07074],[79.64291,9.07119],[79.64333,9.07175],[79.64353,9.07202],[79.64425,9.07239],[79.64508,9.07273],[79.6462,9.07307],[79.64639,9.07314],[79.64658,9.07321],[79.64671,9.07343],[79.64674,9.07366],[79.64703,9.07383],[79.64751,9.07398],[79.64851,9.07398],[79.64867,9.07389]]]},"properties":{"name":null,"source":"OpenStreetMap + Natural Earth","source_id":"osm_coastline","geometry_quality":"mapped_polygon"}},{"type":"Feature","geometry":{"type":"Polygon","coordinates":[[[79.64315,9.06795],[79.64329,9.06774],[79.64357,9.06737],[79.64386,9.06737],[79.64416,9.06755],[79.64442,9.06762],[79.64442,9.06744],[79.64427,9.06727],[79.64391,9.06715],[79.64358,9.06713],[79.64334,9.067],[79.64282,9.06697],[79.64227,9.06718],[79.64196,9.06746],[79.64161,9.06767],[79.64146,9.06795],[79.64146,9.06832],[79.6416,9.06865],[79.64171,9.06873],[79.64182,9.06869],[79.6419,9.06853],[79.64199,9.06849],[79.64233,9.06869],[79.64251,9.06881],[79.64272,9.06863],[79.643,9.06819],[79.64315,9.06795]]]},"properties":{"name":null,"source":"OpenStreetMap + Natural Earth","source_id":"osm_coastline","geometry_quality":"mapped_polygon"}},{"type":"Feature","geometry":{"type":"Polygon","coordinates":[[[79.63597,9.07092],[79.63565,9.07092],[79.63552,9.07081],[79.63539,9.07049],[79.63527,9.07047],[79.63501,9.07057],[79.63491,9.07071],[79.63501,9.07083],[79.63513,9.07109],[79.63593,9.07138],[79.63627,9.07143],[79.6365,9.07157],[79.63663,9.07155],[79.63681,9.07137],[79.63683,9.07107],[79.6368,9.07092],[79.63674,9.07072],[79.63674,9.07049],[79.63667,9.07038],[79.63648,9.07053],[79.63651,9.07072],[79.63655,9.07087],[79.63629,9.07087],[79.63597,9.07092]]]},"properties":{"name":null,"source":"OpenStreetMap + Natural Earth","source_id":"osm_coastline","geometry_quality":"mapped_polygon"}},{"type":"Feature","geometry":{"type":"Polygon","coordinates":[[[79.63644,9.06688],[79.63634,9.06687],[79.63611,9.06696],[79.63604,9.06704],[79.63597,9.06721],[79.63595,9.06735],[79.63598,9.06748],[79.63615,9.06765],[79.63615,9.06782],[79.63608,9.0681],[79.63609,9.06822],[79.63612,9.06833],[79.63621,9.06845],[79.63631,9.06827],[79.63637,9.06811],[79.63639,9.06795],[79.63638,9.06786],[79.63638,9.06751],[79.63644,9.06739],[79.63651,9.06723],[79.63651,9.06696],[79.63644,9.06688]]]},"properties":{"name":null,"source":"OpenStreetMap + Natural Earth","source_id":"osm_coastline","geometry_quality":"mapped_polygon"}},{"type":"Feature","geometry":{"type":"Polygon","coordinates":[[[79.62945,9.06923],[79.62983,9.0691],[79.63002,9.06902],[79.63009,9.06855],[79.62993,9.06781],[79.62973,9.0673],[79.62971,9.06679],[79.62952,9.06641],[79.62939,9.06628],[79.62905,9.0663],[79.62854,9.06643],[79.62793,9.06678],[79.62709,9.06726],[79.62687,9.06732],[79.62582,9.06773],[79.62472,9.06799],[79.62407,9.06812],[79.62362,9.0681],[79.6233,9.06805],[79.62256,9.06776],[79.62235,9.06764],[79.62209,9.06766],[79.62173,9.06776],[79.6211,9.06801],[79.62091,9.0681],[79.62086,9.06851],[79.62082,9.06878],[79.62065,9.06911],[79.62064,9.06931],[79.62058,9.0695],[79.62052,9.06967],[79.62049,9.06984],[79.62056,9.06996],[79.62057,9.07042],[79.62057,9.07107],[79.62066,9.07141],[79.6208,9.07155],[79.62106,9.07168],[79.62125,9.07167],[79.62147,9.07156],[79.62207,9.07122],[79.62252,9.07098],[79.62295,9.07072],[79.62313,9.07053],[79.62336,9.07053],[79.62393,9.07034],[79.62476,9.07001],[79.62503,9.06993],[79.62558,9.06985],[79.62628,9.06963],[79.62671,9.06963],[79.62705,9.06968],[79.62717,9.0699],[79.62747,9.07002],[79.62785,9.07001],[79.62849,9.06984],[79.62891,9.06963],[79.62914,9.0694],[79.62945,9.06923]]]},"properties":{"name":null,"source":"OpenStreetMap + Natural Earth","source_id":"osm_coastline","geometry_quality":"mapped_polygon"}},{"type":"Feature","geometry":{"type":"Polygon","coordinates":[[[79.61623,9.07187],[79.61597,9.07175],[79.61554,9.07179],[79.61545,9.07187],[79.61559,9.07217],[79.61583,9.07251],[79.61596,9.07274],[79.61594,9.07294],[79.61616,9.07302],[79.61655,9.073],[79.6171,9.07278],[79.61739,9.07248],[79.61753,9.07221],[79.61771,9.07211],[79.61787,9.07208],[79.61788,9.07192],[79.6177,9.07163],[79.61739,9.07158],[79.61718,9.07173],[79.61711,9.07189],[79.61698,9.072],[79.61676,9.07211],[79.61658,9.07227],[79.61644,9.07222],[79.61623,9.07187]]]},"properties":{"name":null,"source":"OpenStreetMap + Natural Earth","source_id":"osm_coastline","geometry_quality":"mapped_polygon"}},{"type":"Feature","geometry":{"type":"Polygon","coordinates":[[[79.61357,9.07074],[79.61334,9.07075],[79.61301,9.07098],[79.61284,9.07118],[79.61295,9.0712],[79.61314,9.07123],[79.61346,9.0714],[79.61399,9.07155],[79.61411,9.07159],[79.61466,9.07152],[79.61503,9.07144],[79.61513,9.07134],[79.61517,9.07095],[79.61524,9.07087],[79.61532,9.0709],[79.61529,9.07076],[79.615,9.07059],[79.61458,9.07048],[79.61418,9.07056],[79.61399,9.07074],[79.61357,9.07074]]]},"properties":{"name":null,"source":"OpenStreetMap + Natural Earth","source_id":"osm_coastline","geometry_quality":"mapped_polygon"}},{"type":"Feature","geometry":{"type":"Polygon","coordinates":[[[79.61085,9.0719],[79.61096,9.07199],[79.61117,9.07203],[79.61157,9.07189],[79.61182,9.07172],[79.61204,9.07145],[79.61221,9.07112],[79.61231,9.07073],[79.61231,9.07054],[79.61223,9.07024],[79.61202,9.07],[79.6119,9.06982],[79.61176,9.06961],[79.61163,9.06953],[79.61144,9.06953],[79.6113,9.06959],[79.61113,9.06969],[79.61104,9.06973],[79.61086,9.0697],[79.6107,9.06958],[79.61062,9.06945],[79.61047,9.06927],[79.61035,9.06919],[79.61015,9.06921],[79.61002,9.06935],[79.61017,9.06949],[79.61031,9.06968],[79.61079,9.07051],[79.61091,9.07078],[79.61097,9.07097],[79.6109,9.07122],[79.61076,9.07146],[79.61076,9.07171],[79.61085,9.0719]]]},"properties":{"name":null,"source":"OpenStreetMap + Natural Earth","source_id":"osm_coastline","geometry_quality":"mapped_polygon"}},{"type":"Feature","geometry":{"type":"Polygon","coordinates":[[[79.59682,9.07763],[79.59672,9.0772],[79.59631,9.0765],[79.596,9.07651],[79.59568,9.07674],[79.5955,9.07729],[79.59576,9.07753],[79.59596,9.07781],[79.59601,9.07815],[79.59563,9.07831],[79.59502,9.07818],[79.59466,9.07781],[79.59433,9.07773],[79.59388,9.07784],[79.59364,9.0779],[79.59331,9.07794],[79.59381,9.07871],[79.59418,9.07897],[79.59461,9.07916],[79.59512,9.07923],[79.59558,9.07915],[79.59599,9.07901],[79.59657,9.07855],[79.59675,9.0782],[79.59682,9.07763]]]},"properties":{"name":null,"source":"OpenStreetMap + Natural Earth","source_id":"osm_coastline","geometry_quality":"mapped_polygon"}},{"type":"Feature","geometry":{"type":"Polygon","coordinates":[[[79.59342,9.07626],[79.59368,9.0763],[79.59391,9.07622],[79.59386,9.07608],[79.59371,9.07594],[79.5934,9.07585],[79.59296,9.0758],[79.59255,9.0758],[79.59228,9.07591],[79.59228,9.07614],[79.59221,9.0764],[79.59237,9.0766],[79.59248,9.07658],[79.59253,9.07651],[79.59256,9.07638],[79.59252,9.07623],[79.59258,9.07603],[79.59279,9.07599],[79.593,9.07608],[79.59313,9.07623],[79.59342,9.07626]]]},"properties":{"name":null,"source":"OpenStreetMap + Natural Earth","source_id":"osm_coastline","geometry_quality":"mapped_polygon"}},{"type":"Feature","geometry":{"type":"Polygon","coordinates":[[[79.59352,9.07727],[79.5934,9.07704],[79.59328,9.07686],[79.59319,9.07694],[79.5931,9.07717],[79.59293,9.07727],[79.59262,9.07734],[79.5923,9.07735],[79.59215,9.07716],[79.59209,9.07692],[79.59197,9.07684],[79.5918,9.07685],[79.5916,9.07693],[79.59148,9.07704],[79.59152,9.07728],[79.59184,9.07754],[79.5922,9.07759],[79.59257,9.07753],[79.59288,9.07752],[79.59325,9.07751],[79.59347,9.07742],[79.59352,9.07727]]]},"properties":{"name":null,"source":"OpenStreetMap + Natural Earth","source_id":"osm_coastline","geometry_quality":"mapped_polygon"}},{"type":"Feature","geometry":{"type":"Polygon","coordinates":[[[79.58607,9.07528],[79.58536,9.07684],[79.58532,9.07733],[79.58582,9.07796],[79.58649,9.07825],[79.58691,9.07844],[79.58745,9.07845],[79.58822,9.07804],[79.58845,9.0775],[79.58742,9.07781],[79.58661,9.07768],[79.58616,9.07727],[79.58599,9.07624],[79.58607,9.07528]]]},"properties":{"name":null,"source":"OpenStreetMap + Natural Earth","source_id":"osm_coastline","geometry_quality":"mapped_polygon"}},{"type":"Feature","geometry":{"type":"Polygon","coordinates":[[[79.57661,9.08125],[79.57641,9.0812],[79.57629,9.08138],[79.5761,9.0817],[79.57583,9.08194],[79.57562,9.0821],[79.57555,9.08244],[79.57561,9.08267],[79.57583,9.08288],[79.57607,9.08287],[79.57635,9.0828],[79.57664,9.08252],[79.57684,9.08207],[79.57688,9.08171],[79.57681,9.08144],[79.57661,9.08125]]]},"properties":{"name":null,"source":"OpenStreetMap + Natural Earth","source_id":"osm_coastline","geometry_quality":"mapped_polygon"}},{"type":"Feature","geometry":{"type":"Polygon","coordinates":[[[79.56026,9.08622],[79.56007,9.08648],[79.55992,9.08683],[79.55987,9.08711],[79.55995,9.0872],[79.56025,9.08726],[79.56047,9.0873],[79.56061,9.08753],[79.5607,9.08786],[79.56061,9.08842],[79.56046,9.08857],[79.56054,9.08881],[79.56076,9.08866],[79.56084,9.08845],[79.56094,9.08816],[79.56101,9.08753],[79.56094,9.08721],[79.56069,9.08693],[79.56062,9.08662],[79.56048,9.08627],[79.56026,9.08622]]]},"properties":{"name":null,"source":"OpenStreetMap + Natural Earth","source_id":"osm_coastline","geometry_quality":"mapped_polygon"}},{"type":"Feature","geometry":{"type":"Polygon","coordinates":[[[79.55884,9.08803],[79.55881,9.08854],[79.55933,9.08936],[79.55958,9.08962],[79.55994,9.09004],[79.55995,9.08988],[79.55997,9.08952],[79.55997,9.08929],[79.55986,9.08893],[79.55975,9.08915],[79.55959,9.08919],[79.55938,9.08906],[79.55922,9.0886],[79.55938,9.08838],[79.55946,9.08822],[79.55942,9.08796],[79.55922,9.08779],[79.55884,9.08803]]]},"properties":{"name":null,"source":"OpenStreetMap + Natural Earth","source_id":"osm_coastline","geometry_quality":"mapped_polygon"}},{"type":"Feature","geometry":{"type":"Polygon","coordinates":[[[79.55047,9.08563],[79.55042,9.08586],[79.55062,9.08602],[79.5509,9.08619],[79.55103,9.08649],[79.55112,9.08685],[79.55129,9.08712],[79.55163,9.08722],[79.55185,9.08722],[79.55176,9.0867],[79.55191,9.08631],[79.55198,9.08602],[79.5518,9.08567],[79.55139,9.08542],[79.55101,9.08537],[79.55066,9.08547],[79.55047,9.08563]]]},"properties":{"name":null,"source":"OpenStreetMap + Natural Earth","source_id":"osm_coastline","geometry_quality":"mapped_polygon"}},{"type":"Feature","geometry":{"type":"Polygon","coordinates":[[[79.54737,9.09092],[79.54732,9.09106],[79.54746,9.09118],[79.5477,9.09133],[79.548,9.09124],[79.54815,9.09109],[79.5482,9.09092],[79.54812,9.09079],[79.54796,9.09075],[79.54771,9.09077],[79.5475,9.09079],[79.54737,9.09092]]]},"properties":{"name":null,"source":"OpenStreetMap + Natural Earth","source_id":"osm_coastline","geometry_quality":"mapped_polygon"}},{"type":"Feature","geometry":{"type":"Polygon","coordinates":[[[79.54015,9.0921],[79.53993,9.09208],[79.5396,9.09221],[79.53936,9.09243],[79.5392,9.09264],[79.53919,9.09282],[79.53932,9.09304],[79.53964,9.09269],[79.53987,9.09255],[79.54013,9.09251],[79.54032,9.09253],[79.54048,9.09252],[79.54051,9.0924],[79.54041,9.09223],[79.54015,9.0921]]]},"properties":{"name":null,"source":"OpenStreetMap + Natural Earth","source_id":"osm_coastline","geometry_quality":"mapped_polygon"}},{"type":"Feature","geometry":{"type":"Polygon","coordinates":[[[79.52662,9.39262],[79.52671,9.39254],[79.52675,9.39241],[79.5268,9.39183],[79.52683,9.39177],[79.52698,9.39163],[79.527,9.39159],[79.527,9.39135],[79.52705,9.39119],[79.52734,9.3908],[79.52817,9.39026],[79.52914,9.38973],[79.52965,9.38933],[79.53009,9.38878],[79.53034,9.38766],[79.53039,9.38624],[79.53035,9.38596],[79.53025,9.38573],[79.53024,9.38569],[79.52985,9.38525],[79.52977,9.38516],[79.52974,9.38499],[79.52973,9.38439],[79.52962,9.38413],[79.52945,9.384],[79.52928,9.38396],[79.5278,9.38412],[79.52674,9.38391],[79.52665,9.38391],[79.52656,9.38394],[79.52639,9.38406],[79.52628,9.38411],[79.52616,9.38413],[79.52577,9.38413],[79.52562,9.38418],[79.52547,9.38428],[79.52528,9.38437],[79.52505,9.38443],[79.52474,9.38449],[79.52436,9.38453],[79.52425,9.38456],[79.52417,9.38462],[79.52337,9.38584],[79.5229,9.38658],[79.52261,9.38706],[79.5222,9.38806],[79.52205,9.38907],[79.52198,9.38968],[79.522,9.3904],[79.52206,9.39075],[79.52209,9.39114],[79.5222,9.39158],[79.52235,9.39202],[79.52279,9.39273],[79.52303,9.39301],[79.52325,9.3931],[79.52387,9.39312],[79.52434,9.39317],[79.52445,9.39321],[79.52493,9.39336],[79.5251,9.39338],[79.52529,9.39333],[79.52662,9.39262]]]},"properties":{"name":null,"source":"OpenStreetMap + Natural Earth","source_id":"osm_coastline","geometry_quality":"mapped_polygon"}},{"type":"Feature","geometry":{"type":"Polygon","coordinates":[[[79.5295,9.09685],[79.52941,9.09691],[79.52915,9.09738],[79.52906,9.09749],[79.52887,9.0976],[79.52869,9.09766],[79.5285,9.09767],[79.52829,9.09769],[79.52819,9.09774],[79.52814,9.0978],[79.52834,9.09785],[79.52856,9.09785],[79.52882,9.09792],[79.52897,9.098],[79.52915,9.09827],[79.52932,9.09832],[79.52962,9.09828],[79.52983,9.09811],[79.52984,9.09788],[79.52978,9.09755],[79.52973,9.09723],[79.52963,9.09698],[79.5295,9.09685]]]},"properties":{"name":null,"source":"OpenStreetMap + Natural Earth","source_id":"osm_coastline","geometry_quality":"mapped_polygon"}},{"type":"Feature","geometry":{"type":"Polygon","coordinates":[[[79.52374,9.09826],[79.52364,9.09824],[79.52325,9.09873],[79.52315,9.09883],[79.52298,9.09897],[79.52279,9.09905],[79.52269,9.0991],[79.52266,9.0992],[79.52277,9.09926],[79.52289,9.09943],[79.52311,9.09957],[79.52341,9.0996],[79.52358,9.09952],[79.52366,9.09933],[79.52376,9.09899],[79.52378,9.09858],[79.52374,9.09826]]]},"properties":{"name":null,"source":"OpenStreetMap + Natural Earth","source_id":"osm_coastline","geometry_quality":"mapped_polygon"}},{"type":"Feature","geometry":{"type":"Polygon","coordinates":[[[79.52227,9.10243],[79.52212,9.10224],[79.52201,9.10193],[79.52198,9.10164],[79.52198,9.10155],[79.52186,9.10164],[79.52175,9.10197],[79.52184,9.10229],[79.52189,9.10251],[79.52183,9.10289],[79.52181,9.10318],[79.52195,9.10337],[79.52204,9.10352],[79.52208,9.10386],[79.52203,9.10414],[79.52191,9.10435],[79.52153,9.10473],[79.52144,9.10488],[79.52146,9.10502],[79.52152,9.10508],[79.52161,9.10506],[79.52178,9.10477],[79.5221,9.10441],[79.52235,9.10416],[79.52246,9.10393],[79.52258,9.10358],[79.52263,9.10337],[79.52259,9.10287],[79.5225,9.10262],[79.52227,9.10243]]]},"properties":{"name":null,"source":"OpenStreetMap + Natural Earth","source_id":"osm_coastline","geometry_quality":"mapped_polygon"}},{"type":"Feature","geometry":{"type":"Polygon","coordinates":[[[79.52098,9.10547],[79.52079,9.10556],[79.52061,9.10558],[79.52032,9.10567],[79.52042,9.10577],[79.52052,9.10584],[79.52066,9.10588],[79.52086,9.10591],[79.52096,9.10599],[79.52106,9.10611],[79.52118,9.10619],[79.52147,9.10622],[79.52164,9.10617],[79.5217,9.10611],[79.5216,9.10598],[79.52149,9.10584],[79.52138,9.10559],[79.52135,9.10536],[79.52125,9.10523],[79.52112,9.10533],[79.52098,9.10547]]]},"properties":{"name":null,"source":"OpenStreetMap + Natural Earth","source_id":"osm_coastline","geometry_quality":"mapped_polygon"}},{"type":"Feature","geometry":{"type":"Polygon","coordinates":[[[79.51823,9.11067],[79.51827,9.11032],[79.51815,9.10981],[79.51801,9.10933],[79.51787,9.1091],[79.51752,9.1084],[79.51714,9.10812],[79.51693,9.10806],[79.51681,9.10809],[79.5168,9.10835],[79.51697,9.10845],[79.51719,9.10853],[79.51732,9.10869],[79.51736,9.10884],[79.51734,9.10925],[79.51743,9.10941],[79.51754,9.10939],[79.51759,9.10931],[79.51766,9.10924],[79.51781,9.10927],[79.51795,9.10953],[79.51807,9.11003],[79.51808,9.11031],[79.51795,9.11045],[79.51771,9.11055],[79.51771,9.11082],[79.51778,9.11099],[79.51771,9.11117],[79.5175,9.11126],[79.51741,9.11148],[79.5173,9.11161],[79.51705,9.11173],[79.51687,9.1117],[79.51679,9.11173],[79.51678,9.11183],[79.51686,9.112],[79.51706,9.11198],[79.51721,9.11186],[79.51732,9.11177],[79.51752,9.11177],[79.51768,9.1117],[79.51792,9.11139],[79.51811,9.11096],[79.51823,9.11067]]]},"properties":{"name":null,"source":"OpenStreetMap + Natural Earth","source_id":"osm_coastline","geometry_quality":"mapped_polygon"}},{"type":"Feature","geometry":{"type":"Polygon","coordinates":[[[79.51522,9.11629],[79.51477,9.11627],[79.5146,9.11616],[79.51434,9.11601],[79.51409,9.11598],[79.51374,9.11596],[79.51347,9.11595],[79.51333,9.11586],[79.51335,9.11567],[79.51331,9.11544],[79.51324,9.11524],[79.51333,9.11472],[79.51353,9.11455],[79.51378,9.11443],[79.51371,9.1141],[79.51374,9.11383],[79.51393,9.11358],[79.51413,9.11347],[79.51424,9.11321],[79.51444,9.11305],[79.51466,9.11304],[79.51489,9.11292],[79.51521,9.11238],[79.51539,9.11213],[79.51577,9.11167],[79.51619,9.11137],[79.5164,9.1113],[79.5166,9.11122],[79.5167,9.11101],[79.51682,9.11084],[79.51702,9.11062],[79.51708,9.1104],[79.51698,9.11033],[79.51676,9.11034],[79.51649,9.11046],[79.51626,9.11071],[79.51613,9.11105],[79.51601,9.11129],[79.51574,9.11152],[79.51529,9.11191],[79.51501,9.11219],[79.51476,9.1124],[79.5145,9.11254],[79.51419,9.11259],[79.51398,9.11261],[79.51378,9.11269],[79.51376,9.11287],[79.51378,9.11303],[79.51373,9.11312],[79.51359,9.11313],[79.51339,9.11338],[79.51326,9.11402],[79.51312,9.11427],[79.5128,9.11438],[79.51257,9.11447],[79.51226,9.11474],[79.51201,9.11522],[79.51189,9.11537],[79.51181,9.11557],[79.51192,9.11593],[79.51217,9.11616],[79.51241,9.11622],[79.51292,9.11622],[79.5135,9.11616],[79.51411,9.11615],[79.51432,9.11616],[79.51447,9.1163],[79.51459,9.11644],[79.51494,9.11652],[79.51524,9.11653],[79.51563,9.11645],[79.516,9.1163],[79.51627,9.11605],[79.51629,9.1158],[79.51611,9.11557],[79.51586,9.11549],[79.51563,9.11543],[79.51548,9.11522],[79.51526,9.11489],[79.51517,9.11486],[79.51504,9.11492],[79.51531,9.11514],[79.51548,9.11537],[79.51572,9.11569],[79.51571,9.11606],[79.5156,9.11625],[79.51522,9.11629]]]},"properties":{"name":null,"source":"OpenStreetMap + Natural Earth","source_id":"osm_coastline","geometry_quality":"mapped_polygon"}},{"type":"Feature","geometry":{"type":"Polygon","coordinates":[[[79.5091,9.12371],[79.50921,9.12399],[79.50933,9.12421],[79.50952,9.12445],[79.50973,9.12464],[79.50995,9.12478],[79.51012,9.12487],[79.51028,9.12505],[79.51033,9.12496],[79.51022,9.12481],[79.51005,9.12464],[79.50999,9.1245],[79.50978,9.12429],[79.50951,9.12414],[79.50934,9.124],[79.5091,9.12371]]]},"properties":{"name":null,"source":"OpenStreetMap + Natural Earth","source_id":"osm_coastline","geometry_quality":"mapped_polygon"}},{"type":"Feature","geometry":{"type":"Polygon","coordinates":[[[79.50249,9.12385],[79.50261,9.12381],[79.50271,9.12365],[79.50266,9.12337],[79.50267,9.1232],[79.50291,9.12278],[79.50301,9.12272],[79.50315,9.12265],[79.50326,9.12255],[79.50328,9.12249],[79.50329,9.12241],[79.50324,9.12235],[79.50289,9.12227],[79.50263,9.12223],[79.50227,9.12218],[79.50188,9.12216],[79.50174,9.12216],[79.50156,9.1222],[79.5015,9.12231],[79.50151,9.12239],[79.50151,9.12246],[79.50141,9.12288],[79.5013,9.12316],[79.50133,9.12339],[79.5014,9.12357],[79.50153,9.1237],[79.50171,9.12378],[79.50201,9.12385],[79.50249,9.12385]]]},"properties":{"name":null,"source":"OpenStreetMap + Natural Earth","source_id":"osm_coastline","geometry_quality":"mapped_polygon"}},{"type":"Feature","geometry":{"type":"Polygon","coordinates":[[[79.4888,9.12914],[79.48884,9.12933],[79.48894,9.12948],[79.489,9.12968],[79.48921,9.13],[79.48939,9.13011],[79.48957,9.13007],[79.48987,9.12983],[79.49005,9.12941],[79.49011,9.12911],[79.49005,9.12867],[79.48989,9.12811],[79.48972,9.12786],[79.48949,9.12777],[79.48912,9.12762],[79.48898,9.12753],[79.48873,9.12722],[79.48844,9.12691],[79.48814,9.12656],[79.48799,9.12644],[79.48789,9.12645],[79.48787,9.1265],[79.48788,9.12661],[79.48792,9.12691],[79.488,9.12718],[79.48812,9.12743],[79.48823,9.12765],[79.48836,9.12787],[79.48858,9.1282],[79.48879,9.12849],[79.48888,9.12873],[79.4888,9.12914]]]},"properties":{"name":null,"source":"OpenStreetMap + Natural Earth","source_id":"osm_coastline","geometry_quality":"mapped_polygon"}},{"type":"Feature","geometry":{"type":"Polygon","coordinates":[[[79.46764,9.13795],[79.46748,9.13809],[79.4674,9.13828],[79.4674,9.13841],[79.46747,9.13856],[79.46759,9.13849],[79.46759,9.13829],[79.46765,9.13807],[79.46786,9.13797],[79.46805,9.13797],[79.46802,9.13817],[79.46802,9.13834],[79.46808,9.13845],[79.46817,9.13848],[79.46825,9.1384],[79.46831,9.13822],[79.4685,9.13807],[79.4685,9.13796],[79.46838,9.13788],[79.46816,9.13784],[79.46783,9.13789],[79.46764,9.13795]]]},"properties":{"name":null,"source":"OpenStreetMap + Natural Earth","source_id":"osm_coastline","geometry_quality":"mapped_polygon"}},{"type":"Feature","geometry":{"type":"Polygon","coordinates":[[[79.46763,9.14056],[79.46776,9.14044],[79.46786,9.14029],[79.46792,9.14013],[79.46794,9.13988],[79.46791,9.13971],[79.46789,9.13948],[79.46788,9.13921],[79.46791,9.13902],[79.46793,9.13888],[79.46785,9.13884],[79.46778,9.13885],[79.46776,9.139],[79.46771,9.1391],[79.46758,9.13926],[79.46753,9.13937],[79.46756,9.13948],[79.46755,9.13972],[79.46756,9.13991],[79.46758,9.14005],[79.4676,9.14011],[79.46764,9.14025],[79.46758,9.14034],[79.46749,9.14037],[79.46735,9.14032],[79.46727,9.14026],[79.46722,9.14012],[79.46719,9.14],[79.46719,9.13993],[79.46722,9.13986],[79.46718,9.13981],[79.46717,9.13977],[79.46722,9.13973],[79.46724,9.13968],[79.46722,9.13964],[79.46716,9.13963],[79.46707,9.13966],[79.46697,9.13972],[79.46688,9.13981],[79.46677,9.13991],[79.46666,9.13998],[79.46655,9.14003],[79.46592,9.14019],[79.46583,9.14024],[79.46582,9.14029],[79.46583,9.14032],[79.46587,9.14035],[79.4659,9.14036],[79.46622,9.14036],[79.46642,9.14036],[79.46657,9.14036],[79.46678,9.14044],[79.46709,9.14055],[79.4673,9.14063],[79.46743,9.14063],[79.46763,9.14056]]]},"properties":{"name":null,"source":"OpenStreetMap + Natural Earth","source_id":"osm_coastline","geometry_quality":"mapped_polygon"}},{"type":"Feature","geometry":{"type":"Polygon","coordinates":[[[79.45592,9.14993],[79.45607,9.15012],[79.45626,9.15027],[79.45636,9.15036],[79.45642,9.15038],[79.45651,9.15035],[79.45665,9.15033],[79.4568,9.15029],[79.45688,9.15021],[79.45691,9.15014],[79.4569,9.15012],[79.45685,9.15011],[79.45683,9.15012],[79.45679,9.15014],[79.45664,9.15016],[79.45653,9.15013],[79.45647,9.15009],[79.45645,9.15],[79.45647,9.14991],[79.45651,9.14986],[79.4565,9.1498],[79.45646,9.14979],[79.45641,9.14979],[79.45632,9.14976],[79.45629,9.14977],[79.45625,9.14982],[79.45615,9.14985],[79.45612,9.14984],[79.45601,9.14967],[79.45591,9.14954],[79.45587,9.14943],[79.45568,9.14926],[79.45584,9.14901],[79.45455,9.14873],[79.45443,9.14856],[79.45442,9.14838],[79.45507,9.14836],[79.45572,9.14841],[79.45628,9.14839],[79.45688,9.14807],[79.45731,9.14762],[79.45772,9.14678],[79.45905,9.14597],[79.46001,9.14436],[79.46036,9.14384],[79.46046,9.14306],[79.46068,9.1416],[79.46081,9.14147],[79.46111,9.14127],[79.461,9.14089],[79.46058,9.14085],[79.45924,9.14107],[79.4581,9.14212],[79.45646,9.14359],[79.45518,9.14419],[79.45483,9.14485],[79.45464,9.14578],[79.45439,9.14624],[79.45428,9.14658],[79.45425,9.14682],[79.45424,9.14709],[79.45416,9.14739],[79.45404,9.1476],[79.45389,9.14788],[79.45381,9.1481],[79.45379,9.14826],[79.45382,9.14845],[79.45383,9.1487],[79.45393,9.14897],[79.45424,9.14941],[79.45447,9.14966],[79.45468,9.14974],[79.45488,9.1497],[79.45495,9.14961],[79.45493,9.14957],[79.4549,9.14956],[79.45488,9.1495],[79.4549,9.1494],[79.45494,9.14938],[79.45508,9.14943],[79.45521,9.14947],[79.45529,9.14946],[79.45535,9.14941],[79.45544,9.1494],[79.45554,9.14942],[79.45571,9.14957],[79.45585,9.14982],[79.45592,9.14993]]]},"properties":{"name":null,"source":"OpenStreetMap + Natural Earth","source_id":"osm_coastline","geometry_quality":"mapped_polygon"}},{"type":"Feature","geometry":{"type":"Polygon","coordinates":[[[79.20982,9.28312],[79.21019,9.28312],[79.21041,9.28314],[79.21066,9.28314],[79.2112,9.2832],[79.21157,9.28328],[79.21177,9.28339],[79.21301,9.28375],[79.21475,9.28433],[79.21531,9.2847],[79.21592,9.2851],[79.21623,9.28544],[79.21634,9.28562],[79.21642,9.28591],[79.21662,9.28612],[79.21664,9.28623],[79.21667,9.28635],[79.21727,9.28698],[79.21733,9.28711],[79.21746,9.28724],[79.21777,9.28754],[79.21797,9.28771],[79.21821,9.288],[79.21832,9.28828],[79.21838,9.28851],[79.21846,9.28867],[79.21849,9.28889],[79.21856,9.28896],[79.21866,9.28907],[79.21876,9.28919],[79.21879,9.28934],[79.21883,9.28956],[79.21884,9.28974],[79.21891,9.28985],[79.21904,9.28996],[79.21911,9.29005],[79.21944,9.29062],[79.21953,9.29078],[79.21966,9.29089],[79.21994,9.29105],[79.22027,9.29137],[79.22057,9.2915],[79.22091,9.29156],[79.22152,9.29157],[79.22228,9.29172],[79.22281,9.29176],[79.22392,9.29176],[79.22491,9.29185],[79.22506,9.29191],[79.22543,9.29192],[79.22614,9.29188],[79.22704,9.29184],[79.22746,9.29181],[79.22825,9.29184],[79.22848,9.29194],[79.22872,9.292],[79.22915,9.29195],[79.22956,9.29197],[79.23054,9.29208],[79.2309,9.29201],[79.23139,9.29197],[79.2336,9.29204],[79.23387,9.29216],[79.23396,9.29225],[79.23422,9.29229],[79.23536,9.2923],[79.23855,9.29235],[79.23926,9.29221],[79.24031,9.29215],[79.24114,9.29236],[79.24145,9.29249],[79.2416,9.29265],[79.24186,9.29277],[79.2422,9.2927],[79.24262,9.29254],[79.24346,9.29239],[79.24459,9.29229],[79.24683,9.29195],[79.24715,9.29188],[79.24806,9.29167],[79.24873,9.29149],[79.24893,9.29146],[79.24917,9.29148],[79.24923,9.29151],[79.24925,9.2916],[79.2493,9.29191],[79.24956,9.29181],[79.24965,9.2918],[79.25019,9.2917],[79.2509,9.2916],[79.25203,9.29155],[79.25333,9.29159],[79.25497,9.29188],[79.2557,9.29194],[79.25625,9.29192],[79.25672,9.29191],[79.25805,9.29202],[79.2589,9.29219],[79.26018,9.29232],[79.26151,9.29232],[79.26202,9.2924],[79.26215,9.29248],[79.26221,9.29258],[79.26227,9.29288],[79.26232,9.29291],[79.26248,9.29294],[79.263,9.29291],[79.26354,9.29289],[79.26392,9.29291],[79.26424,9.29298],[79.26458,9.29313],[79.26494,9.29325],[79.26523,9.2933],[79.26583,9.29344],[79.26617,9.29345],[79.26682,9.29357],[79.26744,9.29376],[79.2682,9.29408],[79.26911,9.29453],[79.2699,9.29505],[79.27059,9.29552],[79.27105,9.29606],[79.27166,9.29705],[79.27185,9.29744],[79.27187,9.29761],[79.27218,9.29818],[79.27229,9.29858],[79.27241,9.29884],[79.27256,9.3001],[79.27285,9.30069],[79.27301,9.30117],[79.27301,9.3014],[79.27301,9.30192],[79.27312,9.30232],[79.27334,9.30262],[79.27387,9.30324],[79.274,9.30356],[79.27407,9.30362],[79.27428,9.30381],[79.27443,9.30401],[79.27452,9.30433],[79.27467,9.30471],[79.27497,9.30505],[79.27514,9.30524],[79.27523,9.30549],[79.27598,9.30642],[79.27646,9.30687],[79.27666,9.30713],[79.27749,9.30881],[79.27752,9.30892],[79.27746,9.3091],[79.27753,9.30923],[79.27772,9.30929],[79.27813,9.30958],[79.27819,9.30973],[79.27813,9.31001],[79.27816,9.31019],[79.27884,9.31068],[79.27918,9.31074],[79.27926,9.31073],[79.2796,9.31091],[79.27992,9.311],[79.2801,9.31111],[79.28042,9.31135],[79.28086,9.31195],[79.28129,9.31252],[79.28154,9.31278],[79.28211,9.31311],[79.28332,9.3138],[79.28359,9.31387],[79.28423,9.31419],[79.28482,9.31462],[79.28507,9.31491],[79.2853,9.3153],[79.28571,9.31582],[79.28581,9.31593],[79.28661,9.31645],[79.28718,9.31686],[79.28801,9.31715],[79.2885,9.31734],[79.28874,9.31743],[79.28945,9.31777],[79.28961,9.318],[79.28977,9.31858],[79.29004,9.31914],[79.29018,9.3193],[79.29056,9.31962],[79.29175,9.32027],[79.29219,9.32032],[79.29274,9.32047],[79.29323,9.32068],[79.2934,9.32085],[79.29349,9.32107],[79.29363,9.32114],[79.29434,9.32122],[79.29516,9.32136],[79.29569,9.32142],[79.29605,9.32148],[79.2964,9.32159],[79.29676,9.32185],[79.29686,9.32192],[79.29715,9.32198],[79.2985,9.32219],[79.29952,9.3225],[79.30038,9.32283],[79.30113,9.32323],[79.30133,9.32333],[79.30215,9.32441],[79.30307,9.32517],[79.30362,9.32537],[79.30484,9.32571],[79.30562,9.32581],[79.30597,9.3259],[79.30622,9.32598],[79.30644,9.32624],[79.30665,9.32646],[79.30698,9.32663],[79.30728,9.32669],[79.30772,9.32682],[79.30822,9.32694],[79.3087,9.32713],[79.30892,9.32738],[79.30929,9.32757],[79.30998,9.32781],[79.31042,9.32802],[79.31091,9.32818],[79.31196,9.32822],[79.3124,9.32819],[79.31333,9.32791],[79.31436,9.32763],[79.31607,9.32698],[79.31704,9.3266],[79.31906,9.32563],[79.31963,9.32527],[79.32048,9.32483],[79.32122,9.32454],[79.32229,9.32396],[79.32345,9.32323],[79.32478,9.32252],[79.3258,9.32186],[79.32611,9.32174],[79.32636,9.32154],[79.32652,9.32135],[79.32681,9.3212],[79.32897,9.31985],[79.32963,9.31949],[79.33004,9.31915],[79.33064,9.31857],[79.33101,9.31814],[79.33125,9.3178],[79.33285,9.31571],[79.33345,9.31461],[79.33414,9.31351],[79.33449,9.3127],[79.33467,9.31204],[79.33485,9.31168],[79.3349,9.31128],[79.33487,9.31021],[79.33475,9.30922],[79.33455,9.30846],[79.3342,9.30796],[79.33339,9.30724],[79.33327,9.30715],[79.33321,9.30693],[79.33302,9.30527],[79.33293,9.30498],[79.33272,9.30463],[79.33218,9.30395],[79.33164,9.30349],[79.33097,9.30307],[79.33031,9.30239],[79.33015,9.30213],[79.32963,9.30195],[79.32944,9.30183],[79.32926,9.30164],[79.32814,9.30051],[79.32797,9.3003],[79.32781,9.29993],[79.3274,9.2996],[79.32718,9.29944],[79.32706,9.29929],[79.32702,9.29895],[79.32705,9.29597],[79.32702,9.29564],[79.32695,9.29533],[79.32693,9.29504],[79.327,9.29492],[79.32708,9.29483],[79.32698,9.29458],[79.32648,9.29414],[79.32597,9.29383],[79.32468,9.29274],[79.3238,9.29183],[79.32271,9.29087],[79.32211,9.29049],[79.32163,9.29012],[79.3214,9.2899],[79.32114,9.28959],[79.32084,9.28906],[79.32077,9.28852],[79.32077,9.28835],[79.32058,9.28781],[79.32042,9.28741],[79.32029,9.28706],[79.32023,9.28703],[79.32008,9.28712],[79.31981,9.28716],[79.31955,9.28713],[79.31936,9.28704],[79.31921,9.28687],[79.31904,9.28672],[79.31866,9.28656],[79.31842,9.2864],[79.31829,9.28636],[79.31816,9.28637],[79.31788,9.28632],[79.31768,9.28611],[79.3175,9.28606],[79.31729,9.2861],[79.31709,9.28606],[79.31693,9.28606],[79.31659,9.28595],[79.31633,9.28575],[79.31605,9.2855],[79.31528,9.284],[79.31515,9.28353],[79.31503,9.28297],[79.31482,9.28195],[79.31482,9.28155],[79.31482,9.28154],[79.31482,9.28149],[79.31496,9.28149],[79.31499,9.28148],[79.31503,9.28145],[79.31502,9.28142],[79.31499,9.2814],[79.31478,9.28139],[79.31486,9.28105],[79.31501,9.28106],[79.31501,9.28103],[79.31502,9.28101],[79.31509,9.28066],[79.31516,9.28067],[79.31518,9.28066],[79.31519,9.28065],[79.31519,9.28064],[79.31518,9.28063],[79.3151,9.28061],[79.31523,9.28021],[79.31523,9.28015],[79.31527,9.27991],[79.31566,9.27877],[79.31601,9.27769],[79.31648,9.27643],[79.3168,9.27578],[79.31726,9.27471],[79.31748,9.27423],[79.31784,9.27352],[79.31882,9.2716],[79.31934,9.27071],[79.32039,9.26905],[79.32155,9.26732],[79.32326,9.26502],[79.32437,9.26376],[79.3256,9.26207],[79.32651,9.26107],[79.32803,9.25929],[79.33079,9.25624],[79.33214,9.25502],[79.33343,9.25385],[79.336,9.25137],[79.33865,9.24907],[79.34201,9.24621],[79.34394,9.24469],[79.34495,9.24406],[79.34598,9.24324],[79.34789,9.24197],[79.34914,9.24079],[79.35109,9.23919],[79.35386,9.23698],[79.35554,9.2356],[79.35603,9.23507],[79.35866,9.23262],[79.35951,9.23211],[79.36693,9.22532],[79.36785,9.22437],[79.36906,9.22345],[79.37083,9.22191],[79.37149,9.22132],[79.37591,9.21763],[79.37661,9.21713],[79.37708,9.21673],[79.37792,9.21627],[79.37825,9.21598],[79.37882,9.2156],[79.3791,9.21546],[79.38064,9.21434],[79.38102,9.21424],[79.38195,9.21363],[79.38294,9.21295],[79.38407,9.21228],[79.38466,9.21178],[79.3854,9.21123],[79.38603,9.2108],[79.38668,9.21051],[79.38809,9.20945],[79.38927,9.20879],[79.39039,9.2078],[79.39075,9.2074],[79.39127,9.20699],[79.39273,9.2058],[79.39621,9.20299],[79.39641,9.20268],[79.39772,9.20181],[79.39788,9.20158],[79.39918,9.20016],[79.3996,9.19978],[79.39974,9.19955],[79.4,9.19935],[79.40017,9.19924],[79.40029,9.19913],[79.40052,9.19907],[79.40064,9.199],[79.40105,9.19863],[79.40158,9.19818],[79.40216,9.19765],[79.40298,9.19682],[79.40406,9.196],[79.4053,9.19494],[79.4066,9.19375],[79.4076,9.19286],[79.40837,9.19212],[79.40922,9.19146],[79.40979,9.19082],[79.41037,9.19045],[79.41091,9.18989],[79.41121,9.18944],[79.41158,9.18918],[79.4119,9.1889],[79.41224,9.18858],[79.41252,9.18824],[79.41267,9.18812],[79.41268,9.18799],[79.41283,9.18778],[79.41305,9.18754],[79.41329,9.18733],[79.41339,9.18719],[79.41359,9.18701],[79.41388,9.18684],[79.41407,9.18661],[79.41429,9.18634],[79.41452,9.18619],[79.4147,9.18598],[79.41511,9.18581],[79.41526,9.18557],[79.41531,9.18552],[79.4153,9.18535],[79.41535,9.18519],[79.41557,9.18489],[79.41565,9.18478],[79.41601,9.18455],[79.41627,9.18428],[79.41636,9.18413],[79.41647,9.18401],[79.41675,9.18379],[79.41694,9.18362],[79.41705,9.18357],[79.41713,9.1835],[79.4172,9.18337],[79.41739,9.18308],[79.41783,9.18272],[79.4182,9.18254],[79.41852,9.18234],[79.41865,9.18211],[79.41882,9.18192],[79.41908,9.18176],[79.41925,9.18176],[79.41946,9.18157],[79.41971,9.1813],[79.4199,9.18106],[79.42014,9.18104],[79.42034,9.18087],[79.42068,9.18052],[79.42091,9.18022],[79.42134,9.17998],[79.42185,9.17965],[79.42193,9.17945],[79.42209,9.17935],[79.42226,9.17931],[79.42246,9.17917],[79.42268,9.17894],[79.42305,9.17863],[79.42371,9.17826],[79.42397,9.17798],[79.42404,9.17786],[79.42438,9.17764],[79.42456,9.17755],[79.42472,9.17734],[79.42487,9.17715],[79.42502,9.17709],[79.42531,9.17683],[79.42547,9.17658],[79.42565,9.17631],[79.42597,9.1759],[79.42686,9.17495],[79.4276,9.1744],[79.42796,9.17388],[79.43086,9.17052],[79.43229,9.16883],[79.43373,9.16742],[79.43497,9.16607],[79.43534,9.16585],[79.43578,9.16551],[79.43596,9.16536],[79.43606,9.16515],[79.43615,9.16498],[79.43633,9.16483],[79.43653,9.16449],[79.43707,9.16404],[79.43831,9.16287],[79.43856,9.16243],[79.43865,9.16223],[79.43903,9.16175],[79.43998,9.16081],[79.44065,9.16006],[79.44117,9.15939],[79.44162,9.15846],[79.4419,9.158],[79.44239,9.15727],[79.44251,9.15709],[79.44262,9.15677],[79.44279,9.15643],[79.44306,9.15605],[79.44372,9.15544],[79.44404,9.15519],[79.44426,9.15497],[79.44656,9.15285],[79.44677,9.15269],[79.44723,9.15234],[79.44753,9.15204],[79.44832,9.15138],[79.44836,9.15134],[79.44855,9.15116],[79.44859,9.15113],[79.44864,9.15111],[79.44871,9.15112],[79.44874,9.15115],[79.44877,9.15115],[79.4488,9.15113],[79.44883,9.15107],[79.44886,9.15094],[79.44932,9.15058],[79.44937,9.1505],[79.4494,9.15046],[79.44941,9.15038],[79.44939,9.15028],[79.44935,9.1502],[79.44929,9.15016],[79.44923,9.15012],[79.44916,9.15011],[79.4491,9.15011],[79.44903,9.15013],[79.44897,9.15016],[79.44892,9.15021],[79.44888,9.15029],[79.44883,9.15035],[79.44861,9.15051],[79.44843,9.15066],[79.44835,9.15074],[79.44809,9.151],[79.44783,9.15122],[79.44741,9.15162],[79.44706,9.15194],[79.4465,9.15247],[79.44596,9.15293],[79.44501,9.15372],[79.44414,9.15456],[79.44344,9.15511],[79.44293,9.1555],[79.4425,9.15588],[79.4418,9.15644],[79.44109,9.15716],[79.44007,9.15791],[79.43917,9.15857],[79.4382,9.15944],[79.43728,9.16023],[79.43677,9.1606],[79.43602,9.16117],[79.43561,9.16151],[79.43501,9.16206],[79.4343,9.16267],[79.4331,9.16369],[79.43182,9.16474],[79.43098,9.16533],[79.42912,9.16675],[79.42815,9.16762],[79.42814,9.16763],[79.4263,9.1689],[79.42504,9.17022],[79.42315,9.17164],[79.42223,9.1727],[79.42057,9.17426],[79.41949,9.17509],[79.41889,9.17541],[79.41746,9.17606],[79.41643,9.1767],[79.41515,9.17784],[79.41465,9.17852],[79.41381,9.17907],[79.41264,9.1798],[79.41209,9.18009],[79.41097,9.18066],[79.40964,9.18147],[79.40869,9.18201],[79.40822,9.18224],[79.40732,9.18284],[79.40638,9.18356],[79.40466,9.18473],[79.4023,9.18632],[79.39954,9.18804],[79.39778,9.18913],[79.39727,9.18947],[79.39691,9.1897],[79.39538,9.19052],[79.39351,9.19162],[79.39275,9.19204],[79.39097,9.19306],[79.39002,9.1937],[79.38885,9.19457],[79.38793,9.19518],[79.38737,9.19551],[79.38666,9.19589],[79.38527,9.19659],[79.38428,9.19724],[79.38345,9.19785],[79.38193,9.19883],[79.38187,9.19887],[79.38156,9.19907],[79.38098,9.19946],[79.38042,9.19976],[79.38019,9.1999],[79.38,9.20002],[79.37919,9.20055],[79.37802,9.20142],[79.37749,9.20176],[79.3768,9.20216],[79.37593,9.20271],[79.37493,9.20323],[79.37435,9.20351],[79.37345,9.20391],[79.37259,9.20436],[79.37177,9.20485],[79.37065,9.2056],[79.36973,9.20622],[79.36808,9.20741],[79.36613,9.20869],[79.36378,9.21035],[79.36284,9.21094],[79.3594,9.21331],[79.3577,9.21439],[79.35559,9.21564],[79.3533,9.217],[79.35182,9.21793],[79.34977,9.21911],[79.34723,9.2206],[79.34539,9.222],[79.34298,9.22348],[79.33986,9.22539],[79.33751,9.22673],[79.3354,9.22804],[79.33234,9.22947],[79.33095,9.23004],[79.32966,9.23078],[79.3273,9.23212],[79.32457,9.2336],[79.31943,9.23606],[79.31813,9.2367],[79.31677,9.23731],[79.31429,9.23854],[79.31058,9.24061],[79.30673,9.24259],[79.29284,9.24866],[79.29128,9.2493],[79.28756,9.2504],[79.28302,9.25167],[79.28111,9.25224],[79.27938,9.25285],[79.27686,9.25371],[79.27569,9.25412],[79.27174,9.25505],[79.2689,9.25573],[79.26622,9.25629],[79.26386,9.25673],[79.26354,9.25673],[79.26328,9.2567],[79.26234,9.25688],[79.25957,9.25763],[79.25829,9.25799],[79.25736,9.25816],[79.25554,9.25843],[79.25202,9.25902],[79.25018,9.2592],[79.24799,9.2593],[79.24513,9.2592],[79.24209,9.25909],[79.23954,9.25893],[79.23693,9.25864],[79.23576,9.25863],[79.23274,9.25907],[79.23103,9.25932],[79.22972,9.25956],[79.22866,9.25963],[79.22866,9.25926],[79.22411,9.25915],[79.22414,9.25951],[79.22377,9.25934],[79.22315,9.25903],[79.22196,9.25822],[79.22114,9.2575],[79.22012,9.25633],[79.21945,9.25536],[79.21918,9.25473],[79.21883,9.25387],[79.21864,9.25331],[79.2186,9.25298],[79.21856,9.25242],[79.21843,9.25222],[79.21832,9.25211],[79.21821,9.25207],[79.21794,9.25209],[79.21769,9.25217],[79.21748,9.25214],[79.21734,9.25202],[79.21726,9.25194],[79.21715,9.25192],[79.21706,9.25209],[79.21697,9.25244],[79.21662,9.25279],[79.21619,9.25325],[79.2157,9.25403],[79.21555,9.25448],[79.21556,9.25496],[79.21544,9.25534],[79.21536,9.25549],[79.21541,9.25555],[79.2156,9.25573],[79.2157,9.25622],[79.21563,9.2568],[79.2156,9.25699],[79.2158,9.25722],[79.21591,9.2575],[79.21596,9.25776],[79.21666,9.25847],[79.21709,9.2588],[79.21724,9.25889],[79.21753,9.25887],[79.21779,9.259],[79.21826,9.2594],[79.21851,9.25969],[79.21911,9.26101],[79.21956,9.2622],[79.21976,9.26239],[79.22003,9.26231],[79.22013,9.26201],[79.22016,9.26093],[79.21999,9.25934],[79.21971,9.2584],[79.21994,9.25801],[79.2203,9.25808],[79.22116,9.25945],[79.22139,9.25996],[79.22132,9.26112],[79.22117,9.26325],[79.22106,9.2641],[79.22129,9.26484],[79.22136,9.26585],[79.2212,9.26646],[79.22072,9.26738],[79.21894,9.26954],[79.21886,9.27004],[79.21867,9.27052],[79.2183,9.27099],[79.21669,9.27161],[79.21312,9.27348],[79.20852,9.27487],[79.20821,9.27489],[79.2079,9.27473],[79.20713,9.27339],[79.20675,9.2731],[79.2059,9.27317],[79.20532,9.27346],[79.20466,9.27391],[79.20456,9.27428],[79.20449,9.27476],[79.20465,9.27569],[79.20466,9.27616],[79.20469,9.27713],[79.20476,9.27737],[79.20497,9.2777],[79.20512,9.27806],[79.20509,9.27814],[79.20495,9.27821],[79.20495,9.27832],[79.20517,9.27876],[79.20534,9.27923],[79.20538,9.27926],[79.20546,9.27943],[79.20561,9.27958],[79.20574,9.27969],[79.20607,9.27994],[79.20672,9.28052],[79.20699,9.28067],[79.20728,9.28083],[79.20773,9.28117],[79.20807,9.28149],[79.20886,9.28232],[79.20908,9.28257],[79.2092,9.28263],[79.20931,9.28263],[79.20942,9.28267],[79.20952,9.28274],[79.2096,9.28283],[79.20963,9.28297],[79.20967,9.28307],[79.20982,9.28312]]]},"properties":{"name":null,"source":"OpenStreetMap + Natural Earth","source_id":"osm_coastline","geometry_quality":"mapped_polygon"}},{"type":"Feature","geometry":{"type":"Polygon","coordinates":[[[79.23371,9.24132],[79.23374,9.24165],[79.2337,9.24182],[79.23358,9.242],[79.23343,9.24205],[79.23328,9.24207],[79.23316,9.24211],[79.23301,9.24225],[79.23284,9.2425],[79.23279,9.2426],[79.2327,9.2427],[79.23262,9.24281],[79.23251,9.24301],[79.23249,9.24317],[79.23258,9.2433],[79.23267,9.24335],[79.23293,9.24335],[79.23377,9.2432],[79.23417,9.24323],[79.23504,9.24347],[79.23542,9.24363],[79.23568,9.24378],[79.23591,9.2438],[79.23624,9.24369],[79.23649,9.24364],[79.23673,9.24368],[79.23694,9.24391],[79.23712,9.24414],[79.23726,9.24426],[79.23753,9.24422],[79.23786,9.24391],[79.23798,9.24362],[79.23804,9.24325],[79.23811,9.24287],[79.23823,9.24258],[79.23839,9.24237],[79.23865,9.24222],[79.23867,9.24211],[79.23869,9.24198],[79.23862,9.24178],[79.23864,9.24157],[79.23873,9.24136],[79.23873,9.24132],[79.23864,9.24126],[79.23808,9.24123],[79.23761,9.24115],[79.23703,9.24102],[79.23645,9.24081],[79.23611,9.2406],[79.23591,9.24043],[79.23575,9.24042],[79.23559,9.24041],[79.23539,9.24038],[79.23515,9.24039],[79.23495,9.24055],[79.23479,9.24074],[79.23462,9.24092],[79.23446,9.24104],[79.23413,9.24108],[79.23382,9.2412],[79.23371,9.24132]]]},"properties":{"name":null,"source":"OpenStreetMap + Natural Earth","source_id":"osm_coastline","geometry_quality":"mapped_polygon"}},{"type":"Feature","geometry":{"type":"Polygon","coordinates":[[[79.20188,9.24296],[79.20215,9.24361],[79.20233,9.244],[79.20246,9.2442],[79.20259,9.24427],[79.20286,9.24424],[79.20312,9.24422],[79.20334,9.24427],[79.20347,9.24445],[79.20356,9.24473],[79.20352,9.24483],[79.20351,9.2449],[79.20362,9.24499],[79.20367,9.24515],[79.20395,9.2455],[79.20396,9.24562],[79.20408,9.24571],[79.20431,9.24572],[79.20452,9.24573],[79.20495,9.24592],[79.20527,9.24589],[79.20594,9.24578],[79.2063,9.24594],[79.20659,9.2461],[79.20673,9.24628],[79.20682,9.24648],[79.20682,9.2466],[79.20668,9.24674],[79.20671,9.24684],[79.20676,9.2469],[79.20718,9.24686],[79.20739,9.24688],[79.20763,9.24695],[79.208,9.24708],[79.20816,9.24724],[79.20844,9.24738],[79.20862,9.24748],[79.20867,9.24759],[79.20868,9.24774],[79.20865,9.24788],[79.20861,9.24799],[79.20852,9.24809],[79.20823,9.24832],[79.20807,9.24853],[79.20805,9.24871],[79.20807,9.24884],[79.20818,9.24896],[79.20837,9.24905],[79.20894,9.24915],[79.2094,9.24914],[79.20967,9.24916],[79.20999,9.24921],[79.21071,9.24929],[79.21112,9.24935],[79.21152,9.24935],[79.21218,9.24934],[79.21264,9.24939],[79.2131,9.24944],[79.21445,9.24996],[79.21476,9.25016],[79.21505,9.25026],[79.21578,9.2504],[79.21667,9.25042],[79.21761,9.25048],[79.21836,9.25072],[79.21848,9.25072],[79.21866,9.25062],[79.21897,9.25055],[79.21915,9.25048],[79.21945,9.25002],[79.21985,9.24957],[79.2202,9.24926],[79.22071,9.24886],[79.22131,9.24848],[79.22182,9.24822],[79.22198,9.24812],[79.22199,9.24805],[79.22193,9.24795],[79.2217,9.24778],[79.2214,9.2475],[79.22109,9.24733],[79.22073,9.24729],[79.22051,9.24731],[79.22033,9.24743],[79.21993,9.24748],[79.2196,9.24746],[79.21937,9.24741],[79.21906,9.24741],[79.21853,9.24747],[79.21813,9.24745],[79.21768,9.24735],[79.21726,9.24719],[79.21699,9.24713],[79.21666,9.24714],[79.2164,9.24713],[79.21596,9.24706],[79.21542,9.24692],[79.21464,9.2468],[79.21369,9.24657],[79.21314,9.24649],[79.21257,9.24635],[79.21231,9.2463],[79.21139,9.24588],[79.21086,9.24567],[79.21043,9.24539],[79.20991,9.24509],[79.20962,9.245],[79.20905,9.2448],[79.20825,9.24461],[79.20792,9.2445],[79.20755,9.24433],[79.20693,9.24393],[79.20615,9.24328],[79.20576,9.24298],[79.20537,9.24275],[79.20518,9.24257],[79.20462,9.24221],[79.20415,9.24195],[79.20377,9.24185],[79.20334,9.24176],[79.20284,9.24158],[79.20226,9.24148],[79.20186,9.24151],[79.2015,9.24158],[79.20135,9.24166],[79.20131,9.24184],[79.20125,9.24214],[79.20119,9.24254],[79.2013,9.24261],[79.20164,9.24255],[79.20176,9.24263],[79.20188,9.24296]]]},"properties":{"name":null,"source":"OpenStreetMap + Natural Earth","source_id":"osm_coastline","geometry_quality":"mapped_polygon"}},{"type":"Feature","geometry":{"type":"Polygon","coordinates":[[[79.19675,9.23333],[79.19648,9.23352],[79.19605,9.23376],[79.19573,9.23386],[79.1952,9.23411],[79.19475,9.23437],[79.19445,9.2345],[79.19398,9.23457],[79.19349,9.23462],[79.19295,9.23482],[79.19245,9.2351],[79.19215,9.23539],[79.19155,9.23593],[79.19114,9.23623],[79.1908,9.23646],[79.19031,9.2367],[79.18974,9.23695],[79.18899,9.23722],[79.18828,9.23735],[79.18772,9.23749],[79.18721,9.23778],[79.18684,9.23811],[79.18632,9.23846],[79.18576,9.23875],[79.18493,9.2391],[79.184,9.23932],[79.18354,9.23943],[79.18316,9.23943],[79.18291,9.23946],[79.18269,9.23956],[79.18241,9.23971],[79.18224,9.23986],[79.18198,9.2402],[79.18197,9.2403],[79.18199,9.24036],[79.18215,9.24057],[79.1822,9.24085],[79.18221,9.24111],[79.18228,9.24125],[79.18237,9.24135],[79.18241,9.24142],[79.18246,9.24165],[79.18255,9.24172],[79.18263,9.24174],[79.18274,9.24173],[79.18289,9.24165],[79.18297,9.24154],[79.18299,9.2414],[79.18312,9.24113],[79.18327,9.24108],[79.18343,9.24109],[79.1836,9.24111],[79.18368,9.24119],[79.18383,9.24145],[79.1839,9.24148],[79.18401,9.24149],[79.18422,9.24141],[79.18444,9.24136],[79.18468,9.24141],[79.18484,9.24154],[79.1849,9.2416],[79.18498,9.24159],[79.18509,9.24144],[79.18518,9.24137],[79.18527,9.24137],[79.18537,9.24143],[79.1855,9.24157],[79.1856,9.24157],[79.18576,9.24151],[79.18585,9.24143],[79.18598,9.24137],[79.18608,9.24123],[79.18611,9.24108],[79.18609,9.241],[79.18613,9.24091],[79.18622,9.24088],[79.18646,9.24079],[79.18672,9.24078],[79.1868,9.24079],[79.18688,9.24094],[79.1869,9.24113],[79.18689,9.24138],[79.18694,9.24153],[79.187,9.24157],[79.18707,9.24159],[79.18721,9.24153],[79.1874,9.24141],[79.18749,9.24135],[79.18768,9.24129],[79.18785,9.24115],[79.1879,9.24104],[79.18812,9.24084],[79.18826,9.24066],[79.18851,9.24044],[79.18867,9.24033],[79.18896,9.24023],[79.18915,9.24017],[79.18933,9.24023],[79.1894,9.24024],[79.18951,9.24012],[79.18971,9.23976],[79.18982,9.23969],[79.1899,9.23953],[79.18995,9.23937],[79.19001,9.23922],[79.18999,9.23904],[79.1899,9.23879],[79.1898,9.23859],[79.18963,9.23843],[79.18954,9.23827],[79.18951,9.23817],[79.18958,9.23804],[79.1897,9.23793],[79.18983,9.23774],[79.19007,9.2376],[79.19064,9.23735],[79.19085,9.23724],[79.1912,9.23714],[79.1914,9.2371],[79.19178,9.23708],[79.1922,9.2371],[79.19256,9.23706],[79.1928,9.23703],[79.19313,9.23706],[79.19343,9.23706],[79.19373,9.23705],[79.19405,9.23691],[79.19419,9.23672],[79.1941,9.23654],[79.19405,9.23632],[79.19411,9.23609],[79.19428,9.23582],[79.19457,9.23563],[79.19485,9.23549],[79.19519,9.23531],[79.19547,9.23513],[79.19578,9.23506],[79.19605,9.23507],[79.19635,9.23502],[79.19656,9.23503],[79.19666,9.23489],[79.19668,9.23475],[79.1968,9.2347],[79.1971,9.2346],[79.19757,9.23443],[79.19771,9.23431],[79.19768,9.23385],[79.19766,9.23352],[79.19762,9.23333],[79.19774,9.23323],[79.19794,9.2332],[79.19823,9.23328],[79.19852,9.23337],[79.1987,9.2334],[79.19885,9.23343],[79.19887,9.23359],[79.19897,9.23376],[79.19914,9.23393],[79.19933,9.23422],[79.19953,9.23432],[79.19975,9.23435],[79.1999,9.23431],[79.20011,9.23474],[79.20015,9.23511],[79.2001,9.23533],[79.20004,9.23552],[79.19996,9.23573],[79.19981,9.23597],[79.19978,9.2363],[79.19985,9.23655],[79.19988,9.23681],[79.20002,9.23736],[79.19997,9.23779],[79.19996,9.23812],[79.20002,9.23838],[79.20014,9.23845],[79.20052,9.23867],[79.20093,9.23891],[79.20111,9.23914],[79.20114,9.23933],[79.20107,9.23979],[79.20104,9.24023],[79.20108,9.24041],[79.20112,9.24052],[79.20125,9.2405],[79.20149,9.24031],[79.20152,9.23996],[79.20151,9.2396],[79.20136,9.23908],[79.20121,9.2384],[79.20106,9.23787],[79.20092,9.23755],[79.20082,9.2371],[79.20085,9.23664],[79.20094,9.2362],[79.20102,9.23592],[79.20105,9.23561],[79.2011,9.2353],[79.2013,9.23475],[79.20121,9.23458],[79.20097,9.23425],[79.20055,9.23406],[79.20006,9.23383],[79.19974,9.23346],[79.19963,9.23335],[79.19958,9.23329],[79.19957,9.2332],[79.19955,9.23313],[79.19948,9.23304],[79.19937,9.23295],[79.19914,9.23286],[79.19887,9.23282],[79.19845,9.23281],[79.19833,9.23286],[79.19814,9.23286],[79.19798,9.23284],[79.19775,9.23282],[79.19752,9.23287],[79.19729,9.23297],[79.19707,9.2331],[79.19675,9.23333]]]},"properties":{"name":null,"source":"OpenStreetMap + Natural Earth","source_id":"osm_coastline","geometry_quality":"mapped_polygon"}},{"type":"Feature","geometry":{"type":"Polygon","coordinates":[[[79.17913,9.244],[79.17928,9.24426],[79.17943,9.24448],[79.17945,9.24481],[79.17951,9.2451],[79.17965,9.2456],[79.17984,9.24623],[79.18002,9.24772],[79.18003,9.24788],[79.18011,9.24808],[79.18034,9.24815],[79.18062,9.2481],[79.18104,9.24802],[79.18168,9.24807],[79.18259,9.24838],[79.18296,9.24842],[79.18326,9.24843],[79.18351,9.24847],[79.18366,9.24855],[79.18384,9.24862],[79.18399,9.24866],[79.18446,9.24865],[79.18475,9.24858],[79.18491,9.24847],[79.18501,9.24832],[79.18503,9.24814],[79.18499,9.24807],[79.18489,9.24809],[79.18482,9.24817],[79.18476,9.24824],[79.18465,9.2483],[79.18453,9.24824],[79.1845,9.24813],[79.18452,9.24802],[79.18463,9.24793],[79.1847,9.24785],[79.18468,9.24779],[79.1846,9.24779],[79.18449,9.24776],[79.18437,9.24762],[79.18426,9.24748],[79.18417,9.24725],[79.18411,9.24707],[79.18413,9.24689],[79.18415,9.24681],[79.18411,9.24674],[79.18405,9.24672],[79.18379,9.24682],[79.18347,9.24689],[79.1831,9.24696],[79.18266,9.24697],[79.18231,9.24693],[79.18178,9.24681],[79.1815,9.24668],[79.18141,9.24652],[79.18146,9.2463],[79.18163,9.24609],[79.18163,9.24594],[79.18152,9.24586],[79.1813,9.24583],[79.18106,9.24584],[79.18087,9.24581],[79.1807,9.24573],[79.18052,9.24559],[79.18037,9.24545],[79.18036,9.24529],[79.18041,9.24506],[79.18036,9.24491],[79.1803,9.24475],[79.1803,9.24459],[79.1804,9.24441],[79.1806,9.2442],[79.18073,9.2441],[79.18085,9.24395],[79.18121,9.24348],[79.18137,9.24338],[79.18147,9.24335],[79.18156,9.24347],[79.18161,9.24361],[79.1817,9.24373],[79.18188,9.24382],[79.18208,9.24383],[79.18222,9.24375],[79.18229,9.24361],[79.18234,9.2435],[79.18255,9.24342],[79.18261,9.24331],[79.18262,9.24313],[79.18265,9.24295],[79.18267,9.24286],[79.18261,9.24276],[79.1825,9.24275],[79.1824,9.24272],[79.18233,9.24261],[79.18226,9.24248],[79.18228,9.24232],[79.1824,9.2421],[79.18245,9.24201],[79.18239,9.24189],[79.18227,9.24173],[79.18218,9.24163],[79.18213,9.24155],[79.18215,9.24142],[79.18214,9.24139],[79.18198,9.24124],[79.1815,9.24078],[79.18135,9.24075],[79.18122,9.2408],[79.18033,9.24189],[79.17993,9.24244],[79.17972,9.24273],[79.17953,9.243],[79.17932,9.24338],[79.17915,9.24372],[79.17912,9.24388],[79.17913,9.244]]]},"properties":{"name":null,"source":"OpenStreetMap + Natural Earth","source_id":"osm_coastline","geometry_quality":"mapped_polygon"}},{"type":"Feature","geometry":{"type":"Polygon","coordinates":[[[79.1417,9.21404],[79.14146,9.21373],[79.14127,9.21359],[79.14101,9.21335],[79.14062,9.2132],[79.14047,9.21305],[79.14027,9.2128],[79.13991,9.21264],[79.13932,9.21262],[79.13911,9.21278],[79.1391,9.2134],[79.13929,9.21385],[79.13948,9.21396],[79.13964,9.21398],[79.13993,9.21406],[79.14022,9.21433],[79.14036,9.21436],[79.14066,9.21443],[79.14106,9.2146],[79.14148,9.21455],[79.14174,9.21443],[79.14184,9.21433],[79.1418,9.21416],[79.1417,9.21404]]]},"properties":{"name":null,"source":"OpenStreetMap + Natural Earth","source_id":"osm_coastline","geometry_quality":"mapped_polygon"}},{"type":"Feature","geometry":{"type":"Polygon","coordinates":[[[79.13695,9.21466],[79.13677,9.2148],[79.13676,9.215],[79.13689,9.21534],[79.13698,9.21537],[79.13711,9.21537],[79.13752,9.21514],[79.13752,9.21502],[79.13725,9.21464],[79.13695,9.21466]]]},"properties":{"name":null,"source":"OpenStreetMap + Natural Earth","source_id":"osm_coastline","geometry_quality":"mapped_polygon"}},{"type":"Feature","geometry":{"type":"Polygon","coordinates":[[[79.13328,9.21622],[79.13398,9.21618],[79.13473,9.21598],[79.135,9.2159],[79.1352,9.21573],[79.13535,9.21564],[79.13547,9.21567],[79.1356,9.21559],[79.13567,9.2155],[79.13569,9.21538],[79.13565,9.21527],[79.13557,9.21519],[79.13557,9.21507],[79.13562,9.21497],[79.13559,9.21486],[79.13551,9.2148],[79.13528,9.2148],[79.135,9.21473],[79.13463,9.21457],[79.13445,9.21454],[79.13408,9.21444],[79.13395,9.21441],[79.13382,9.21427],[79.13366,9.2142],[79.1331,9.21427],[79.13293,9.21422],[79.13252,9.21418],[79.13205,9.21416],[79.1315,9.21402],[79.13101,9.21382],[79.13033,9.21368],[79.12931,9.21369],[79.12766,9.21397],[79.1268,9.21412],[79.12554,9.21447],[79.12511,9.21468],[79.1248,9.21478],[79.1245,9.2148],[79.12407,9.21482],[79.12386,9.21493],[79.12376,9.21505],[79.12352,9.21514],[79.12306,9.21536],[79.12261,9.21548],[79.122,9.21575],[79.12169,9.21591],[79.12156,9.2161],[79.1216,9.21634],[79.12163,9.21652],[79.12172,9.21661],[79.12192,9.21656],[79.12204,9.21648],[79.1223,9.21643],[79.12301,9.21637],[79.12312,9.21633],[79.1233,9.21601],[79.12352,9.21592],[79.12411,9.21587],[79.12454,9.21583],[79.12472,9.21582],[79.12526,9.21564],[79.12597,9.2155],[79.12638,9.21528],[79.12678,9.21507],[79.12689,9.21504],[79.12691,9.21507],[79.12687,9.21512],[79.12645,9.21545],[79.1259,9.21596],[79.12529,9.21635],[79.12482,9.21686],[79.12467,9.21699],[79.12465,9.21713],[79.1248,9.21736],[79.12494,9.21741],[79.12614,9.21732],[79.12777,9.21714],[79.1287,9.21702],[79.12912,9.21695],[79.12937,9.21687],[79.13007,9.21661],[79.13121,9.21637],[79.13167,9.21627],[79.13255,9.21632],[79.13274,9.21623],[79.13286,9.21617],[79.13309,9.21618],[79.13328,9.21622]]]},"properties":{"name":null,"source":"OpenStreetMap + Natural Earth","source_id":"osm_coastline","geometry_quality":"mapped_polygon"}},{"type":"Feature","geometry":{"type":"Polygon","coordinates":[[[79.06435,9.20566],[79.06482,9.20627],[79.06513,9.20674],[79.06543,9.20702],[79.06549,9.2072],[79.06557,9.20736],[79.0657,9.20748],[79.06583,9.20746],[79.06592,9.20732],[79.06612,9.20716],[79.06651,9.20714],[79.06674,9.20723],[79.06695,9.2074],[79.06727,9.20749],[79.06779,9.20747],[79.06822,9.20756],[79.06851,9.20765],[79.06885,9.20784],[79.06903,9.20793],[79.06911,9.20812],[79.06928,9.2082],[79.06955,9.20818],[79.06968,9.20806],[79.06974,9.20777],[79.06974,9.20751],[79.06943,9.20701],[79.06909,9.20657],[79.06893,9.20626],[79.06893,9.206],[79.06898,9.20576],[79.06974,9.20466],[79.07033,9.204],[79.07082,9.20344],[79.07146,9.20286],[79.07198,9.20253],[79.07312,9.20178],[79.07386,9.20119],[79.0747,9.20061],[79.07552,9.20009],[79.0762,9.19978],[79.07696,9.19952],[79.07742,9.1995],[79.0777,9.19958],[79.07799,9.19956],[79.07819,9.19954],[79.07857,9.19962],[79.0795,9.19966],[79.07984,9.19973],[79.08054,9.19996],[79.08147,9.19999],[79.08212,9.1998],[79.0823,9.19965],[79.08251,9.19923],[79.08244,9.19904],[79.08232,9.19899],[79.0822,9.19898],[79.08214,9.19888],[79.08223,9.19864],[79.08248,9.19833],[79.08295,9.19795],[79.08346,9.19758],[79.08384,9.19737],[79.08424,9.1974],[79.08455,9.19741],[79.08477,9.19734],[79.08511,9.19719],[79.08557,9.19689],[79.08595,9.19657],[79.08621,9.19624],[79.08638,9.19596],[79.08682,9.19544],[79.08686,9.19532],[79.08679,9.19526],[79.08664,9.19524],[79.08655,9.19519],[79.08648,9.19505],[79.08642,9.19492],[79.08626,9.19484],[79.08611,9.19481],[79.08595,9.19474],[79.08584,9.19462],[79.08572,9.19441],[79.08569,9.19426],[79.08576,9.19407],[79.08598,9.19369],[79.08607,9.19337],[79.08635,9.19284],[79.08654,9.19275],[79.08695,9.19278],[79.08739,9.19293],[79.08774,9.1931],[79.08773,9.1933],[79.08762,9.19361],[79.0874,9.19383],[79.08692,9.1941],[79.08673,9.19423],[79.08672,9.19428],[79.08676,9.19431],[79.08725,9.19418],[79.08789,9.19393],[79.08821,9.19385],[79.08832,9.19379],[79.08846,9.19382],[79.08857,9.19391],[79.08852,9.1941],[79.08857,9.19422],[79.08873,9.19436],[79.08886,9.19489],[79.08888,9.1953],[79.08881,9.19569],[79.08865,9.19593],[79.08846,9.19626],[79.08848,9.19632],[79.0886,9.19634],[79.0888,9.19638],[79.08888,9.19647],[79.08889,9.19661],[79.08886,9.19731],[79.08878,9.19784],[79.08886,9.19792],[79.08904,9.1979],[79.08924,9.19793],[79.08936,9.19808],[79.08951,9.19856],[79.08983,9.19876],[79.08992,9.19889],[79.0899,9.19906],[79.08988,9.19932],[79.08984,9.19951],[79.08991,9.19956],[79.09013,9.19958],[79.09044,9.19962],[79.09079,9.19956],[79.09117,9.19956],[79.09125,9.19966],[79.0913,9.19978],[79.09139,9.19982],[79.0915,9.19982],[79.09158,9.19973],[79.09164,9.19958],[79.09163,9.19929],[79.0915,9.19886],[79.09133,9.19863],[79.09105,9.19822],[79.09106,9.19804],[79.09112,9.19743],[79.09104,9.19703],[79.09094,9.1967],[79.09066,9.19614],[79.09034,9.1957],[79.09,9.19529],[79.08991,9.19508],[79.08984,9.19487],[79.08973,9.19471],[79.08956,9.19457],[79.08946,9.19443],[79.08943,9.19435],[79.08935,9.19428],[79.08909,9.19401],[79.08879,9.19383],[79.08864,9.19371],[79.08852,9.19356],[79.08849,9.19343],[79.08842,9.19311],[79.08833,9.19297],[79.08799,9.19282],[79.08746,9.19265],[79.08661,9.19244],[79.08595,9.19233],[79.08566,9.1923],[79.08549,9.19233],[79.08534,9.19241],[79.08522,9.19247],[79.08475,9.19273],[79.08375,9.19336],[79.08314,9.19376],[79.08228,9.19439],[79.08061,9.19564],[79.08008,9.19594],[79.07983,9.19606],[79.07913,9.19627],[79.07876,9.1964],[79.07844,9.19645],[79.07824,9.19651],[79.07765,9.19693],[79.07685,9.19741],[79.07661,9.19745],[79.07608,9.19758],[79.07552,9.19781],[79.07518,9.19804],[79.07467,9.19832],[79.07442,9.19843],[79.07422,9.19846],[79.07315,9.19872],[79.07266,9.19881],[79.07243,9.19888],[79.0721,9.19903],[79.07149,9.19913],[79.07041,9.19929],[79.07002,9.19937],[79.0696,9.19954],[79.06903,9.1998],[79.06845,9.2],[79.06801,9.20008],[79.06781,9.20011],[79.06756,9.20012],[79.06656,9.20015],[79.06601,9.20013],[79.06541,9.20002],[79.06504,9.19988],[79.0644,9.19958],[79.0639,9.19932],[79.06341,9.19898],[79.06302,9.19879],[79.06287,9.19868],[79.06278,9.19856],[79.0626,9.19843],[79.06221,9.19823],[79.06196,9.19809],[79.0619,9.19802],[79.06191,9.19793],[79.06193,9.19781],[79.06188,9.19764],[79.06168,9.19748],[79.06146,9.19742],[79.06091,9.19711],[79.06058,9.19693],[79.06005,9.19672],[79.05943,9.19671],[79.05896,9.19679],[79.05872,9.19698],[79.05876,9.19725],[79.05885,9.1974],[79.0592,9.19795],[79.05943,9.19848],[79.05975,9.19914],[79.05986,9.1993],[79.05999,9.1995],[79.06013,9.19991],[79.06056,9.20101],[79.06084,9.20151],[79.06092,9.20192],[79.06097,9.20228],[79.06103,9.20245],[79.0612,9.20253],[79.0614,9.20266],[79.06159,9.20284],[79.06177,9.20309],[79.06214,9.2034],[79.06285,9.20405],[79.06337,9.20459],[79.06395,9.20521],[79.06435,9.20566]]]},"properties":{"name":null,"source":"OpenStreetMap + Natural Earth","source_id":"osm_coastline","geometry_quality":"mapped_polygon"}},{"type":"Feature","geometry":{"type":"Polygon","coordinates":[[[78.96703,9.1866],[78.96679,9.1869],[78.96652,9.18719],[78.96636,9.18768],[78.96632,9.18813],[78.96639,9.18839],[78.96652,9.18865],[78.96678,9.18894],[78.967,9.1891],[78.9672,9.1892],[78.96731,9.1892],[78.96737,9.18918],[78.96742,9.1891],[78.96743,9.18893],[78.96751,9.18868],[78.96768,9.18846],[78.96796,9.18811],[78.96815,9.18788],[78.96839,9.18765],[78.96865,9.18748],[78.96918,9.18714],[78.96952,9.187],[78.96996,9.18682],[78.97013,9.18671],[78.97028,9.1866],[78.97047,9.18644],[78.97058,9.18623],[78.9706,9.18611],[78.97058,9.18605],[78.97039,9.18594],[78.97006,9.18584],[78.9698,9.18567],[78.96951,9.18541],[78.96916,9.18501],[78.96876,9.1844],[78.96853,9.18407],[78.96842,9.18384],[78.96833,9.18374],[78.96814,9.18373],[78.96799,9.1838],[78.96788,9.18401],[78.96784,9.18417],[78.96782,9.18435],[78.96781,9.18461],[78.96753,9.18577],[78.96726,9.18628],[78.96703,9.1866]]]},"properties":{"name":null,"source":"OpenStreetMap + Natural Earth","source_id":"osm_coastline","geometry_quality":"mapped_polygon"}},{"type":"Feature","geometry":{"type":"Polygon","coordinates":[[[78.93919,9.1849],[78.93964,9.1849],[78.94001,9.18489],[78.94021,9.18481],[78.94064,9.18474],[78.94087,9.18463],[78.94089,9.1844],[78.94073,9.18416],[78.94001,9.18364],[78.93928,9.18324],[78.93861,9.18277],[78.9384,9.18253],[78.93816,9.18246],[78.93772,9.18262],[78.93749,9.18271],[78.93709,9.18297],[78.93664,9.18317],[78.93628,9.1833],[78.93604,9.1834],[78.93615,9.18354],[78.93651,9.18364],[78.93685,9.18378],[78.93763,9.18403],[78.93804,9.18431],[78.9384,9.18451],[78.93889,9.18476],[78.93919,9.1849]]]},"properties":{"name":null,"source":"OpenStreetMap + Natural Earth","source_id":"osm_coastline","geometry_quality":"mapped_polygon"}},{"type":"Feature","geometry":{"type":"Polygon","coordinates":[[[78.93164,9.18191],[78.93137,9.18183],[78.931,9.18165],[78.93053,9.18161],[78.92963,9.18168],[78.92832,9.18201],[78.92706,9.18217],[78.92617,9.18229],[78.92511,9.18237],[78.92405,9.18237],[78.92236,9.18241],[78.92171,9.18243],[78.9207,9.18229],[78.91957,9.18223],[78.91857,9.18222],[78.91773,9.18217],[78.91706,9.18206],[78.91564,9.18163],[78.915,9.18145],[78.91389,9.18119],[78.91306,9.18092],[78.9121,9.18084],[78.91109,9.18071],[78.91029,9.18039],[78.91002,9.18042],[78.9095,9.18045],[78.90892,9.18047],[78.90852,9.1805],[78.90765,9.1806],[78.90734,9.18054],[78.90677,9.18046],[78.90623,9.18036],[78.90581,9.18025],[78.90406,9.17945],[78.90294,9.17878],[78.90275,9.17862],[78.9026,9.17852],[78.90206,9.17823],[78.90121,9.17785],[78.90083,9.17777],[78.90064,9.17782],[78.8998,9.17845],[78.89943,9.17876],[78.89912,9.17901],[78.89902,9.17916],[78.89899,9.1793],[78.89905,9.1794],[78.89916,9.17951],[78.89937,9.17967],[78.89983,9.17999],[78.9004,9.18034],[78.90094,9.18093],[78.90149,9.18156],[78.90201,9.18202],[78.90263,9.18239],[78.90347,9.18261],[78.90432,9.18288],[78.90499,9.18307],[78.90535,9.18327],[78.90564,9.18345],[78.90574,9.18351],[78.90587,9.18356],[78.90591,9.18352],[78.90594,9.18344],[78.90607,9.18319],[78.90623,9.18293],[78.90678,9.18245],[78.90719,9.18209],[78.90769,9.18178],[78.9082,9.18158],[78.90868,9.18142],[78.90934,9.18135],[78.90977,9.18144],[78.91007,9.18162],[78.91043,9.18172],[78.91068,9.18171],[78.91121,9.18166],[78.91144,9.18174],[78.91167,9.18177],[78.9121,9.18171],[78.9125,9.18171],[78.91275,9.18181],[78.91293,9.18195],[78.91295,9.18223],[78.91298,9.18241],[78.91305,9.18261],[78.9133,9.18281],[78.91359,9.18304],[78.91388,9.18315],[78.91427,9.18319],[78.91455,9.18326],[78.91479,9.18329],[78.915,9.18318],[78.9153,9.1831],[78.91568,9.18309],[78.9165,9.18305],[78.91707,9.18319],[78.91732,9.18333],[78.91743,9.18347],[78.91739,9.18364],[78.9173,9.18378],[78.91727,9.1839],[78.91736,9.184],[78.91771,9.18404],[78.91811,9.18398],[78.9185,9.18397],[78.91886,9.18389],[78.91927,9.18387],[78.91954,9.18391],[78.92006,9.18407],[78.92031,9.18408],[78.92066,9.18395],[78.92112,9.18393],[78.9214,9.184],[78.92172,9.184],[78.92217,9.18401],[78.92243,9.18413],[78.92291,9.18417],[78.92338,9.18415],[78.92406,9.18391],[78.92465,9.18371],[78.92506,9.18378],[78.92557,9.18376],[78.92594,9.18381],[78.92636,9.18397],[78.92671,9.18415],[78.92744,9.18417],[78.92791,9.18432],[78.92846,9.18422],[78.9288,9.18425],[78.92906,9.18429],[78.92933,9.18427],[78.92956,9.1841],[78.93031,9.18381],[78.93098,9.1836],[78.93247,9.18331],[78.93316,9.18318],[78.93377,9.18319],[78.93409,9.1833],[78.93457,9.18344],[78.93527,9.18354],[78.93464,9.18316],[78.93429,9.18283],[78.93359,9.18252],[78.93314,9.18243],[78.9328,9.18236],[78.93257,9.18231],[78.93215,9.18209],[78.93164,9.18191]]]},"properties":{"name":null,"source":"OpenStreetMap + Natural Earth","source_id":"osm_coastline","geometry_quality":"mapped_polygon"}},{"type":"Feature","geometry":{"type":"Polygon","coordinates":[[[78.82571,9.16713],[78.8258,9.1674],[78.82594,9.1675],[78.82613,9.16769],[78.82654,9.16817],[78.82676,9.16858],[78.82685,9.16896],[78.82697,9.16936],[78.8271,9.16982],[78.82725,9.17022],[78.82736,9.17073],[78.82736,9.17154],[78.82735,9.17178],[78.82724,9.17283],[78.82708,9.17318],[78.82698,9.17344],[78.82691,9.1739],[78.82693,9.17472],[78.82695,9.17507],[78.82707,9.17531],[78.8272,9.17552],[78.82733,9.17553],[78.82733,9.17545],[78.82716,9.17516],[78.8271,9.1749],[78.82706,9.17453],[78.82708,9.17405],[78.82709,9.17353],[78.82715,9.17342],[78.82739,9.17306],[78.82763,9.17267],[78.82777,9.17233],[78.82791,9.1719],[78.82825,9.17052],[78.82829,9.1702],[78.82839,9.16995],[78.82871,9.16883],[78.82868,9.16853],[78.82866,9.16818],[78.82855,9.1676],[78.82851,9.1675],[78.82839,9.16735],[78.82834,9.16705],[78.82837,9.16685],[78.82834,9.16665],[78.82825,9.16649],[78.8281,9.16606],[78.82795,9.16581],[78.82779,9.16559],[78.82761,9.16543],[78.82727,9.16523],[78.82692,9.16508],[78.82661,9.16504],[78.82638,9.16504],[78.82604,9.1651],[78.82577,9.16511],[78.82557,9.16511],[78.82521,9.16499],[78.82498,9.16479],[78.82488,9.1646],[78.82455,9.16437],[78.82434,9.16433],[78.82418,9.16431],[78.82406,9.16443],[78.82413,9.16454],[78.8244,9.16479],[78.82454,9.16501],[78.82496,9.16553],[78.82531,9.16596],[78.82553,9.16629],[78.82558,9.16674],[78.82571,9.16713]]]},"properties":{"name":null,"source":"OpenStreetMap + Natural Earth","source_id":"osm_coastline","geometry_quality":"mapped_polygon"}},{"type":"Feature","geometry":{"type":"Polygon","coordinates":[[[78.81814,9.15881],[78.81811,9.15871],[78.81805,9.1587],[78.81802,9.15872],[78.81802,9.15882],[78.81799,9.1589],[78.81794,9.15895],[78.81783,9.159],[78.81765,9.15906],[78.81753,9.15908],[78.81743,9.15909],[78.81725,9.15912],[78.81722,9.15917],[78.81727,9.15923],[78.8174,9.15929],[78.81745,9.15933],[78.81755,9.15942],[78.81768,9.15948],[78.81779,9.1596],[78.8179,9.15968],[78.818,9.1597],[78.81809,9.15971],[78.81813,9.15976],[78.81813,9.15981],[78.81816,9.15986],[78.81824,9.15991],[78.81836,9.15993],[78.81844,9.15998],[78.81853,9.16007],[78.81857,9.16016],[78.81861,9.16025],[78.81878,9.16041],[78.81883,9.16049],[78.81886,9.1606],[78.81895,9.16069],[78.81923,9.16087],[78.81929,9.16117],[78.81939,9.16162],[78.81939,9.16189],[78.81937,9.16208],[78.81957,9.16218],[78.81964,9.16232],[78.81984,9.16253],[78.81988,9.16274],[78.81987,9.16288],[78.82002,9.163],[78.82017,9.16316],[78.82041,9.16339],[78.8205,9.16347],[78.82076,9.16352],[78.82095,9.16365],[78.82136,9.16372],[78.82186,9.16387],[78.82222,9.16392],[78.82252,9.16385],[78.82267,9.16375],[78.82244,9.16365],[78.82227,9.16367],[78.82219,9.16362],[78.82216,9.16346],[78.82208,9.16332],[78.82204,9.16319],[78.82208,9.16293],[78.82225,9.16271],[78.82243,9.16261],[78.82258,9.16249],[78.82264,9.16231],[78.82254,9.16203],[78.82235,9.1618],[78.822,9.16168],[78.8216,9.16152],[78.82092,9.16141],[78.82049,9.16126],[78.82038,9.16116],[78.8204,9.16099],[78.82037,9.16082],[78.8203,9.16062],[78.81999,9.16032],[78.81963,9.16004],[78.81959,9.15999],[78.81961,9.15985],[78.81962,9.15966],[78.81965,9.15945],[78.81968,9.15921],[78.81957,9.15907],[78.81942,9.15903],[78.81925,9.15899],[78.8191,9.15896],[78.81894,9.15901],[78.81876,9.15903],[78.81855,9.15904],[78.81844,9.15898],[78.81834,9.15895],[78.8182,9.15888],[78.81814,9.15881]]]},"properties":{"name":null,"source":"OpenStreetMap + Natural Earth","source_id":"osm_coastline","geometry_quality":"mapped_polygon"}},{"type":"Feature","geometry":{"type":"Polygon","coordinates":[[[78.72935,9.1524],[78.72932,9.15246],[78.72933,9.15262],[78.72939,9.15283],[78.72949,9.15306],[78.72975,9.15349],[78.73006,9.15397],[78.73032,9.15446],[78.73055,9.15501],[78.73068,9.15554],[78.73069,9.15574],[78.73075,9.15598],[78.73086,9.15612],[78.73096,9.15627],[78.73098,9.15636],[78.731,9.15647],[78.73106,9.15648],[78.7312,9.15634],[78.73142,9.15599],[78.73149,9.15589],[78.73163,9.15576],[78.73174,9.15569],[78.73198,9.15553],[78.73213,9.15544],[78.73218,9.15539],[78.73215,9.15529],[78.73207,9.1551],[78.73183,9.15485],[78.73166,9.15456],[78.73153,9.15423],[78.73144,9.15375],[78.73142,9.15334],[78.73137,9.15298],[78.73134,9.15274],[78.73135,9.15253],[78.73132,9.15237],[78.73124,9.15225],[78.73113,9.15208],[78.731,9.15198],[78.73089,9.15192],[78.73074,9.15192],[78.73053,9.15206],[78.73014,9.15224],[78.72986,9.15233],[78.72963,9.15235],[78.72935,9.1524]]]},"properties":{"name":null,"source":"OpenStreetMap + Natural Earth","source_id":"osm_coastline","geometry_quality":"mapped_polygon"}},{"type":"Feature","geometry":{"type":"Polygon","coordinates":[[[78.70389,9.18458],[78.70386,9.18454],[78.70368,9.18454],[78.70355,9.18458],[78.70354,9.18462],[78.70358,9.18469],[78.70365,9.18469],[78.7037,9.18468],[78.70386,9.18461],[78.70389,9.18458]]]},"properties":{"name":null,"source":"OpenStreetMap + Natural Earth","source_id":"osm_coastline","geometry_quality":"mapped_polygon"}},{"type":"Feature","geometry":{"type":"Polygon","coordinates":[[[78.69404,9.15415],[78.69421,9.15447],[78.69452,9.15489],[78.69485,9.1552],[78.69519,9.15541],[78.69557,9.15537],[78.69582,9.15522],[78.69595,9.15497],[78.69598,9.15466],[78.69601,9.15453],[78.69607,9.15424],[78.69622,9.15387],[78.69652,9.1535],[78.6969,9.15315],[78.69699,9.15296],[78.69697,9.15263],[78.69661,9.1522],[78.69628,9.15191],[78.69595,9.15151],[78.69556,9.1513],[78.69506,9.15124],[78.69418,9.15122],[78.69379,9.15124],[78.69321,9.1514],[78.69292,9.15159],[78.69289,9.15183],[78.69298,9.15206],[78.69334,9.15263],[78.69361,9.15311],[78.69368,9.15345],[78.69404,9.15415]]]},"properties":{"name":null,"source":"OpenStreetMap + Natural Earth","source_id":"osm_coastline","geometry_quality":"mapped_polygon"}},{"type":"Feature","geometry":{"type":"Polygon","coordinates":[[[78.57081,9.10359],[78.5708,9.10375],[78.57092,9.10398],[78.57106,9.10417],[78.57144,9.10437],[78.5719,9.10452],[78.57222,9.10469],[78.57346,9.10576],[78.57459,9.10692],[78.5751,9.10744],[78.57639,9.10902],[78.57756,9.11105],[78.57769,9.11115],[78.57796,9.11124],[78.57835,9.11149],[78.57881,9.11195],[78.57936,9.11279],[78.57951,9.11302],[78.57951,9.11314],[78.57944,9.11339],[78.57932,9.11362],[78.57931,9.11373],[78.57933,9.11377],[78.57939,9.11381],[78.57944,9.1138],[78.57991,9.11334],[78.58062,9.11239],[78.58118,9.11186],[78.58154,9.11166],[78.58225,9.1114],[78.58288,9.11128],[78.5834,9.11126],[78.58393,9.11124],[78.58445,9.11114],[78.58482,9.11097],[78.58501,9.11072],[78.58532,9.1104],[78.58573,9.11012],[78.58619,9.10984],[78.58673,9.10952],[78.5875,9.10928],[78.58763,9.10916],[78.58779,9.10893],[78.58776,9.10875],[78.58742,9.1083],[78.58693,9.10794],[78.58652,9.10764],[78.58632,9.10752],[78.58605,9.10758],[78.5856,9.10774],[78.58527,9.1078],[78.58499,9.1078],[78.58456,9.10781],[78.58412,9.10766],[78.58372,9.1075],[78.58331,9.10711],[78.58296,9.10666],[78.58275,9.10622],[78.58263,9.10566],[78.58249,9.10527],[78.58235,9.10506],[78.58216,9.105],[78.58163,9.10491],[78.58126,9.10485],[78.58105,9.10472],[78.58082,9.10454],[78.58062,9.10429],[78.58026,9.1035],[78.58018,9.10332],[78.57982,9.10303],[78.57948,9.10282],[78.57918,9.10269],[78.57881,9.10265],[78.57844,9.10263],[78.57823,9.10257],[78.57797,9.10244],[78.57778,9.10236],[78.57753,9.10231],[78.57739,9.10225],[78.57721,9.10209],[78.57701,9.10195],[78.57687,9.10188],[78.57675,9.10195],[78.57662,9.10209],[78.57631,9.10227],[78.57583,9.10235],[78.57557,9.10235],[78.5753,9.10228],[78.57506,9.10226],[78.57461,9.10238],[78.57424,9.10241],[78.57404,9.10241],[78.57346,9.10233],[78.57298,9.1022],[78.57233,9.10215],[78.57154,9.10225],[78.57132,9.10222],[78.57115,9.10226],[78.57099,9.10236],[78.57097,9.10253],[78.57112,9.10279],[78.57111,9.10304],[78.57102,9.10327],[78.57087,9.10348],[78.57081,9.10359]]]},"properties":{"name":null,"source":"OpenStreetMap + Natural Earth","source_id":"osm_coastline","geometry_quality":"mapped_polygon"}},{"type":"Feature","geometry":{"type":"Polygon","coordinates":[[[78.53615,9.10396],[78.5365,9.10416],[78.53684,9.10427],[78.53717,9.10437],[78.53736,9.10449],[78.53759,9.1047],[78.53785,9.10508],[78.53792,9.10545],[78.53804,9.10561],[78.5383,9.1058],[78.53855,9.10582],[78.53877,9.10579],[78.53895,9.10573],[78.53907,9.10568],[78.53917,9.10556],[78.53918,9.1054],[78.53918,9.10528],[78.53898,9.1049],[78.5387,9.10473],[78.53856,9.10459],[78.53844,9.1043],[78.53843,9.10404],[78.5381,9.10321],[78.53799,9.10307],[78.53671,9.10245],[78.53636,9.1023],[78.53603,9.10225],[78.53544,9.10216],[78.53518,9.10222],[78.53504,9.10236],[78.53497,9.1026],[78.53499,9.10278],[78.53513,9.10301],[78.53528,9.10319],[78.53547,9.10342],[78.53582,9.10369],[78.53615,9.10396]]]},"properties":{"name":null,"source":"OpenStreetMap + Natural Earth","source_id":"osm_coastline","geometry_quality":"mapped_polygon"}},{"type":"Feature","geometry":{"type":"Polygon","coordinates":[[[78.49422,9.08889],[78.49414,9.08874],[78.49406,9.0887],[78.49389,9.08871],[78.49375,9.08874],[78.49353,9.08861],[78.49333,9.08875],[78.49312,9.08888],[78.49308,9.08897],[78.49293,9.08929],[78.49271,9.08947],[78.49243,9.08954],[78.49208,9.08947],[78.49182,9.08935],[78.49176,9.08928],[78.4918,9.08916],[78.49186,9.08907],[78.49189,9.0889],[78.492,9.08859],[78.49216,9.08834],[78.49226,9.0883],[78.49229,9.08825],[78.49228,9.08809],[78.49221,9.08797],[78.49222,9.08783],[78.49231,9.08771],[78.49233,9.0876],[78.49226,9.08747],[78.4922,9.08746],[78.49192,9.0876],[78.49161,9.08774],[78.49106,9.08797],[78.49064,9.0881],[78.48991,9.08831],[78.48957,9.08849],[78.48923,9.08871],[78.48855,9.08908],[78.48816,9.08934],[78.48795,9.08957],[78.48784,9.08974],[78.48784,9.08986],[78.48794,9.09005],[78.48816,9.09019],[78.48862,9.09042],[78.48936,9.09111],[78.48965,9.09137],[78.48981,9.09152],[78.48997,9.09181],[78.49002,9.09201],[78.49015,9.09252],[78.49024,9.09267],[78.4904,9.09273],[78.49072,9.09278],[78.49097,9.09277],[78.49116,9.09273],[78.49144,9.09259],[78.49168,9.09242],[78.49242,9.09197],[78.49296,9.09173],[78.49377,9.09153],[78.49464,9.09135],[78.49494,9.09121],[78.49503,9.09099],[78.49505,9.09068],[78.49473,9.09012],[78.4945,9.08952],[78.49432,9.08924],[78.49422,9.08889]]]},"properties":{"name":null,"source":"OpenStreetMap + Natural Earth","source_id":"osm_coastline","geometry_quality":"mapped_polygon"}},{"type":"Feature","geometry":{"type":"Polygon","coordinates":[[[78.25267,8.95716],[78.25297,8.95684],[78.25315,8.95659],[78.25327,8.95638],[78.2534,8.95619],[78.25357,8.95582],[78.25388,8.95534],[78.25413,8.95498],[78.2545,8.95456],[78.25456,8.95444],[78.25456,8.95429],[78.25446,8.95403],[78.25424,8.95382],[78.25388,8.9537],[78.25355,8.95372],[78.25322,8.95384],[78.25285,8.95413],[78.25253,8.95471],[78.25224,8.95546],[78.25206,8.9559],[78.25189,8.95612],[78.25182,8.95631],[78.25175,8.95676],[78.25173,8.95727],[78.25171,8.95766],[78.25155,8.95796],[78.25128,8.95822],[78.251,8.9584],[78.25085,8.95862],[78.25081,8.95879],[78.25082,8.95892],[78.25091,8.95897],[78.25101,8.95876],[78.25108,8.95862],[78.25117,8.9585],[78.25133,8.95843],[78.25156,8.95829],[78.25175,8.95802],[78.25197,8.95773],[78.25234,8.95735],[78.25267,8.95716]]]},"properties":{"name":null,"source":"OpenStreetMap + Natural Earth","source_id":"osm_coastline","geometry_quality":"mapped_polygon"}},{"type":"Feature","geometry":{"type":"Polygon","coordinates":[[[78.2262,8.86797],[78.22596,8.86803],[78.2257,8.86825],[78.22561,8.86852],[78.22544,8.86892],[78.22516,8.86925],[78.22462,8.87032],[78.22388,8.87126],[78.22295,8.87191],[78.22243,8.87217],[78.22195,8.87255],[78.22149,8.87316],[78.22126,8.87353],[78.22109,8.8738],[78.22086,8.87398],[78.22055,8.8741],[78.22096,8.87413],[78.22131,8.87408],[78.22135,8.87388],[78.22131,8.87361],[78.22145,8.87338],[78.22173,8.87313],[78.22223,8.87291],[78.2228,8.87292],[78.22365,8.87271],[78.22424,8.87271],[78.2248,8.87235],[78.22558,8.87113],[78.22618,8.86985],[78.22649,8.86917],[78.22651,8.86891],[78.22643,8.8686],[78.22648,8.8684],[78.22656,8.86808],[78.22658,8.86793],[78.22652,8.86776],[78.22638,8.86777],[78.2262,8.86797]]]},"properties":{"name":null,"source":"OpenStreetMap + Natural Earth","source_id":"osm_coastline","geometry_quality":"mapped_polygon"}},{"type":"Feature","geometry":{"type":"Polygon","coordinates":[[[78.20929,8.83852],[78.20894,8.83893],[78.20873,8.83918],[78.2086,8.83937],[78.20837,8.83957],[78.20772,8.83991],[78.20772,8.84009],[78.2068,8.8408],[78.20627,8.84108],[78.20572,8.84135],[78.20529,8.84172],[78.20488,8.84194],[78.20447,8.84223],[78.20405,8.84255],[78.20394,8.84277],[78.2041,8.84262],[78.20447,8.84241],[78.20482,8.84212],[78.20526,8.84193],[78.20574,8.84158],[78.20612,8.84142],[78.20651,8.84112],[78.20697,8.84085],[78.2077,8.8403],[78.20784,8.84027],[78.20785,8.83995],[78.20831,8.8397],[78.20887,8.8397],[78.2094,8.83938],[78.20958,8.83917],[78.20971,8.83901],[78.20989,8.83884],[78.21016,8.83867],[78.21039,8.83852],[78.21057,8.83846],[78.211,8.83832],[78.21119,8.83813],[78.21126,8.83793],[78.21115,8.83776],[78.211,8.83768],[78.21084,8.83753],[78.21048,8.83742],[78.21015,8.83739],[78.2099,8.83746],[78.20973,8.83757],[78.20964,8.83772],[78.20965,8.83792],[78.20966,8.83811],[78.20929,8.83852]]]},"properties":{"name":null,"source":"OpenStreetMap + Natural Earth","source_id":"osm_coastline","geometry_quality":"mapped_polygon"}},{"type":"Feature","geometry":{"type":"Polygon","coordinates":[[[77.71241,8.1635],[77.7126,8.1636],[77.71273,8.16364],[77.71278,8.16365],[77.71273,8.16385],[77.71321,8.16396],[77.71327,8.16397],[77.71333,8.16399],[77.7138,8.16409],[77.71384,8.1639],[77.71389,8.16391],[77.71391,8.16392],[77.7139,8.16396],[77.71401,8.16398],[77.71425,8.16396],[77.71442,8.1639],[77.71458,8.16379],[77.71469,8.16361],[77.71623,8.15673],[77.71617,8.15651],[77.71607,8.15647],[77.71583,8.15647],[77.71567,8.1565],[77.71559,8.15658],[77.71558,8.15667],[77.71559,8.15685],[77.71568,8.15703],[77.71426,8.16336],[77.71421,8.16343],[77.71409,8.16347],[77.71399,8.16347],[77.71404,8.16325],[77.71288,8.16299],[77.71283,8.16322],[77.71272,8.16317],[77.71267,8.1631],[77.71265,8.16301],[77.71405,8.15682],[77.7142,8.15666],[77.71434,8.15648],[77.71434,8.15634],[77.71429,8.15628],[77.7142,8.15626],[77.71405,8.15626],[77.71388,8.15629],[77.71377,8.15633],[77.71367,8.15648],[77.71219,8.16299],[77.7122,8.16317],[77.71227,8.16337],[77.71241,8.1635]]]},"properties":{"name":null,"source":"OpenStreetMap + Natural Earth","source_id":"osm_coastline","geometry_quality":"mapped_polygon"}}]}